data;data_imagem;idpotreiro;idsubarea;dentrofora;mstotal;msanoni;msoutras;media;s2_b02;s2_b04;s2_b05;s2_b06;s2_b07;s2_b08;s2_b11;s2_b12;ndvi;evi;ndre;savi;tmin;tmed;tmax;umidade;velocidadevento;radiacaosolar;chuva;somatermica;def;exc;mes;ano;dias_desde_ult_medicao;nbr;ndmi
2016-03-30;2016-03-17;1;1;0;8243.056;8243.056;0.0;33.2;0.132404054054054;0.1588662162162162;0.2041210526315789;0.304578947368421;0.3429210526315789;0.3465432432432432;0.3191842105263158;0.2140894736842105;0.3713365935567362;0.3590639996980244;0.2586370528806537;0.2800008870931972;13.8;19.7;26.8;75.9;1.0;22.7;0.2;10.3;0.15;0.0;3.0;2016.0;0.0;0.236257652398428;0.0410964465443207
2016-03-30;2016-03-17;1;1;1;7550.15;6728.1973;821.95245;42.2;0.132404054054054;0.1588662162162162;0.2041210526315789;0.304578947368421;0.3429210526315789;0.3465432432432432;0.3191842105263158;0.2140894736842105;0.3713365935567362;0.3590639996980244;0.2586370528806537;0.2800008870931972;13.8;19.7;26.8;75.9;1.0;22.7;0.2;10.3;0.15;0.0;3.0;2016.0;0.0;0.236257652398428;0.0410964465443207
2016-03-30;2016-03-17;1;2;0;6280.4653;6157.2915;123.17414;31.4;0.1309637735849056;0.1559362264150943;0.199476923076923;0.2971907692307692;0.3346707692307692;0.3404407547169811;0.3211030769230769;0.2168753846153846;0.3717024264120619;0.3565084964952666;0.2610839345287492;0.2777631335264101;13.8;19.7;26.8;75.9;1.0;22.7;0.2;10.3;0.15;0.0;3.0;2016.0;0.0;0.2217150399585073;0.0292311361228528
2016-03-30;2016-03-17;1;2;1;6434.0723;6305.193;128.87973;38.2;0.1309637735849056;0.1559362264150943;0.199476923076923;0.2971907692307692;0.3346707692307692;0.3404407547169811;0.3211030769230769;0.2168753846153846;0.3717024264120619;0.3565084964952666;0.2610839345287492;0.2777631335264101;13.8;19.7;26.8;75.9;1.0;22.7;0.2;10.3;0.15;0.0;3.0;2016.0;0.0;0.2217150399585073;0.0292311361228528
2016-03-30;2016-03-17;1;3;0;1068.0;0.0;1068.0;4.0;0.1335415094339622;0.154888679245283;0.2139583333333333;0.3432166666666666;0.3835916666666666;0.3932;0.3559083333333333;0.2396;0.4348043113805437;0.4510155124626043;0.2952140435635954;0.3410655874934967;13.8;19.7;26.8;75.9;1.0;22.7;0.2;10.3;0.15;0.0;3.0;2016.0;0.0;0.2427307206068267;0.0497814067836205
2016-03-30;2016-03-17;1;3;1;1609.9657;0.0;1609.9657;5.0;0.1335415094339622;0.154888679245283;0.2139583333333333;0.3432166666666666;0.3835916666666666;0.3932;0.3559083333333333;0.2396;0.4348043113805437;0.4510155124626043;0.2952140435635954;0.3410655874934967;13.8;19.7;26.8;75.9;1.0;22.7;0.2;10.3;0.15;0.0;3.0;2016.0;0.0;0.2427307206068267;0.0497814067836205
2016-03-30;2016-03-17;1;4;0;5321.3325;5071.8716;249.46095;30.4;0.1306288461538461;0.1532365384615384;0.2001357142857142;0.3081357142857143;0.346;0.3538615384615384;0.3321571428571428;0.2208357142857142;0.3956335256038318;0.3877367768100516;0.2774848131710098;0.2988164776557168;13.8;19.7;26.8;75.9;1.0;22.7;0.2;10.3;0.15;0.0;3.0;2016.0;0.0;0.2314711329137463;0.0316381990686827
2016-03-30;2016-03-17;1;4;1;6808.0107;6690.5815;117.42887;44.8;0.1306288461538461;0.1532365384615384;0.2001357142857142;0.3081357142857143;0.346;0.3538615384615384;0.3321571428571428;0.2208357142857142;0.3956335256038318;0.3877367768100516;0.2774848131710098;0.2988164776557168;13.8;19.7;26.8;75.9;1.0;22.7;0.2;10.3;0.15;0.0;3.0;2016.0;0.0;0.2314711329137463;0.0316381990686827
2016-03-30;2016-03-17;1;5;0;7384.151;7244.362;139.78905;36.4;0.1284859504132231;0.1522561983471074;0.191840625;0.290384375;0.327434375;0.3382049586776859;0.304128125;0.206496875;0.3791304523656265;0.3608980635160574;0.276135370588595;0.2816093680379287;13.8;19.7;26.8;75.9;1.0;22.7;0.2;10.3;0.15;0.0;3.0;2016.0;0.0;0.2417984951297612;0.0530516558209622
2016-03-30;2016-03-17;1;5;1;8820.182;8737.92;82.262474;51.6;0.1284859504132231;0.1522561983471074;0.191840625;0.290384375;0.327434375;0.3382049586776859;0.304128125;0.206496875;0.3791304523656265;0.3608980635160574;0.276135370588595;0.2816093680379287;13.8;19.7;26.8;75.9;1.0;22.7;0.2;10.3;0.15;0.0;3.0;2016.0;0.0;0.2417984951297612;0.0530516558209622
2016-03-30;2016-03-17;1;6;0;4239.496;4055.0708;184.42554;33.2;0.1345577319587629;0.1591742268041237;0.2130458333333333;0.3299416666666666;0.3691208333333333;0.3724659793814433;0.3492958333333333;0.234;0.4011956772563415;0.4044738787835423;0.272274858655617;0.3101252034843922;13.8;19.7;26.8;75.9;1.0;22.7;0.2;10.3;0.15;0.0;3.0;2016.0;0.0;0.2283161530720483;0.0321022055197955
2016-03-30;2016-03-17;1;6;1;5737.51;5422.5273;314.9825;40.8;0.1345577319587629;0.1591742268041237;0.2130458333333333;0.3299416666666666;0.3691208333333333;0.3724659793814433;0.3492958333333333;0.234;0.4011956772563415;0.4044738787835423;0.272274858655617;0.3101252034843922;13.8;19.7;26.8;75.9;1.0;22.7;0.2;10.3;0.15;0.0;3.0;2016.0;0.0;0.2283161530720483;0.0321022055197955
2016-03-30;2016-03-17;2;7;0;3157.875;0.0;3157.875;19.0;0.1377745098039215;0.165054248366013;0.22205;0.3518176470588235;0.3953529411764706;0.4058130718954248;0.3564617647058823;0.23685;0.421742171927362;0.4416524249453092;0.2926801720328472;0.3372390103434575;13.8;19.7;26.8;75.9;1.0;22.7;0.2;10.3;0.15;0.0;3.0;2016.0;0.0;0.2629108148334976;0.0647421439353569
2016-03-30;2016-03-17;2;7;1;4363.7266;0.0;4363.7266;22.8;0.1377745098039215;0.165054248366013;0.22205;0.3518176470588235;0.3953529411764706;0.4058130718954248;0.3564617647058823;0.23685;0.421742171927362;0.4416524249453092;0.2926801720328472;0.3372390103434575;13.8;19.7;26.8;75.9;1.0;22.7;0.2;10.3;0.15;0.0;3.0;2016.0;0.0;0.2629108148334976;0.0647421439353569
2016-03-30;2016-03-17;2;8;0;2745.5938;0.0;2745.5938;14.6;0.1368354838709677;0.1617645161290322;0.2222375;0.3525375;0.3960625;0.4070193548387096;0.3597125;0.238525;0.431191619924797;0.4537251545956164;0.2936509207930245;0.3442064088517851;13.8;19.7;26.8;75.9;1.0;22.7;0.2;10.3;0.15;0.0;3.0;2016.0;0.0;0.2610112745557325;0.0616993470926823
2016-03-30;2016-03-17;2;8;1;3966.1233;0.0;3966.1233;28.2;0.1368354838709677;0.1617645161290322;0.2222375;0.3525375;0.3960625;0.4070193548387096;0.3597125;0.238525;0.431191619924797;0.4537251545956164;0.2936509207930245;0.3442064088517851;13.8;19.7;26.8;75.9;1.0;22.7;0.2;10.3;0.15;0.0;3.0;2016.0;0.0;0.2610112745557325;0.0616993470926823
2016-03-30;2016-03-17;2;9;0;1764.4169;17.032078;1747.3848;12.6;0.1403074324324324;0.169429054054054;0.2248894736842105;0.3397;0.38025;0.3852972972972973;0.3757578947368421;0.2516447368421052;0.3891436610454387;0.3998845975244792;0.2628831551937202;0.307001303655681;13.8;19.7;26.8;75.9;1.0;22.7;0.2;10.3;0.15;0.0;3.0;2016.0;0.0;0.2098347310925636;0.0125344425217813
2016-03-30;2016-03-17;2;9;1;3208.4956;101.43756;3107.058;27.6;0.1403074324324324;0.169429054054054;0.2248894736842105;0.3397;0.38025;0.3852972972972973;0.3757578947368421;0.2516447368421052;0.3891436610454387;0.3998845975244792;0.2628831551937202;0.307001303655681;13.8;19.7;26.8;75.9;1.0;22.7;0.2;10.3;0.15;0.0;3.0;2016.0;0.0;0.2098347310925636;0.0125344425217813
2016-03-30;2016-03-17;2;10;0;1284.0441;0.0;1284.0441;11.4;0.1369763440860215;0.1618118279569892;0.2243791666666666;0.3548041666666666;0.3980041666666666;0.4083247311827956;0.3641625;0.2425791666666666;0.4323751902487048;0.4558728550271148;0.290729305037243;0.3455347373011383;13.8;19.7;26.8;75.9;1.0;22.7;0.2;10.3;0.15;0.0;3.0;2016.0;0.0;0.2546390720100769;0.0571688817628435
2016-03-30;2016-03-17;2;10;1;4351.328;3394.0671;957.261;35.2;0.1369763440860215;0.1618118279569892;0.2243791666666666;0.3548041666666666;0.3980041666666666;0.4083247311827956;0.3641625;0.2425791666666666;0.4323751902487048;0.4558728550271148;0.290729305037243;0.3455347373011383;13.8;19.7;26.8;75.9;1.0;22.7;0.2;10.3;0.15;0.0;3.0;2016.0;0.0;0.2546390720100769;0.0571688817628435
2016-03-30;2016-03-17;2;11;0;3022.518;1576.0176;1446.5005;11.8;0.1392582914572864;0.1651522613065326;0.2237647058823529;0.3518411764705882;0.3940980392156862;0.4010291457286432;0.3753843137254902;0.2491882352941176;0.4166100855506474;0.4376176564476478;0.2837166841338527;0.3318528388307306;13.8;19.7;26.8;75.9;1.0;22.7;0.2;10.3;0.15;0.0;3.0;2016.0;0.0;0.233523302923227;0.0330298653261148
2016-03-30;2016-03-17;2;11;1;6768.238;4436.1836;2332.0547;41.8;0.1392582914572864;0.1651522613065326;0.2237647058823529;0.3518411764705882;0.3940980392156862;0.4010291457286432;0.3753843137254902;0.2491882352941176;0.4166100855506474;0.4376176564476478;0.2837166841338527;0.3318528388307306;13.8;19.7;26.8;75.9;1.0;22.7;0.2;10.3;0.15;0.0;3.0;2016.0;0.0;0.233523302923227;0.0330298653261148
2016-03-30;2016-03-17;2;12;0;1348.816;56.96503;1291.8511;15.0;0.1382;0.1631783783783783;0.2266;0.3656777777777777;0.4106555555555555;0.4151297297297298;0.3679;0.2409222222222222;0.4356697542692103;0.463930454723708;0.293783692722372;0.3504814850090482;13.8;19.7;26.8;75.9;1.0;22.7;0.2;10.3;0.15;0.0;3.0;2016.0;0.0;0.2655391954694865;0.0603166494662106
2016-03-30;2016-03-17;2;12;1;3599.316;0.0;3599.316;30.4;0.1382;0.1631783783783783;0.2266;0.3656777777777777;0.4106555555555555;0.4151297297297298;0.3679;0.2409222222222222;0.4356697542692103;0.463930454723708;0.293783692722372;0.3504814850090482;13.8;19.7;26.8;75.9;1.0;22.7;0.2;10.3;0.15;0.0;3.0;2016.0;0.0;0.2655391954694865;0.0603166494662106
2016-03-30;2016-03-17;3;13;0;6913.8896;6913.8896;0.0;30.8;0.1325;0.1568744966442953;0.2010916666666666;0.3155194444444444;0.3576055555555555;0.3588738255033556;0.3274444444444444;0.2210611111111111;0.3916626001184178;0.386565835727597;0.2817712181249583;0.2983012491203958;13.8;19.7;26.8;75.9;1.0;22.7;0.2;10.3;0.15;0.0;3.0;2016.0;0.0;0.2376347857171099;0.0457941780586748
2016-03-30;2016-03-17;3;14;0;4476.6455;4321.059;155.58641;16.0;0.1330181818181818;0.1573818181818181;0.2049666666666666;0.3033;0.34515;0.3514636363636363;0.33415;0.2246166666666666;0.3814160398763689;0.3737753251209794;0.2632799991286447;0.2885701927495877;13.8;19.7;26.8;75.9;1.0;22.7;0.2;10.3;0.15;0.0;3.0;2016.0;0.0;0.2201897357533803;0.025252759638015
2016-03-30;2016-03-17;3;15;0;7399.3613;7294.8853;104.47603;32.6;0.1323494117647058;0.1574;0.204895;0.3088849999999999;0.3463449999999999;0.3539129411764706;0.329685;0.22421;0.3843300752848491;0.3762619516262951;0.2666711229313239;0.2914720061050515;13.8;19.7;26.8;75.9;1.0;22.7;0.2;10.3;0.15;0.0;3.0;2016.0;0.0;0.2243518323499276;0.0354417995097737
2016-03-30;2016-03-17;3;16;0;5724.0894;5316.0444;408.0448;26.2;0.1351073684210526;0.1625835789473684;0.2102491525423729;0.3123889830508474;0.3494872881355932;0.355090947368421;0.3324838983050848;0.2212;0.3718695022355034;0.3653481461261534;0.2562029384593504;0.2837459768959324;13.8;19.7;26.8;75.9;1.0;22.7;0.2;10.3;0.15;0.0;3.0;2016.0;0.0;0.232332206465886;0.0328794009926174
2016-03-30;2016-03-17;3;17;0;7975.507;7459.283;516.2233;30.6;0.1337619246861924;0.1586200836820083;0.2071877192982456;0.3028368421052632;0.3376614035087719;0.3440560669456067;0.3321649122807018;0.2259947368421052;0.3688975158898481;0.3586597084995631;0.2482900507232475;0.2774115797222162;13.8;19.7;26.8;75.9;1.0;22.7;0.2;10.3;0.15;0.0;3.0;2016.0;0.0;0.2071066812274292;0.017584717171168
2016-03-30;2016-03-17;3;18;0;6092.896;5932.926;159.97064;32.4;0.1340756756756756;0.1608932432432432;0.2174904761904762;0.3208809523809524;0.357695238095238;0.3644702702702702;0.3562428571428571;0.2429904761904762;0.3874974599312187;0.3843216110143945;0.2525596356346482;0.2978119823029143;13.8;19.7;26.8;75.9;1.0;22.7;0.2;10.3;0.15;0.0;3.0;2016.0;0.0;0.199979660887675;0.0114156559863755
2016-03-30;2016-03-17;4;34;0;954.8;413.2;541.6;7.6;0.1436536697247706;0.1733784403669724;0.22725625;0.3464791666666666;0.38538125;0.3922009174311927;0.40008125;0.2714625;0.386899687987393;0.4037109385909279;0.266272917811568;0.3080331025504926;13.8;19.7;26.8;75.9;1.0;22.7;0.2;10.3;0.15;0.0;3.0;2016.0;0.0;0.1819271851664335;-0.0099463712459383
2016-03-30;2016-03-17;4;35;0;1204.4;886.8;317.6;11.8;0.1515893401015228;0.1976197969543147;0.24473;0.321228;0.35249;0.3602568527918782;0.4395739999999999;0.31213;0.2915287024677507;0.2885568491982335;0.1909576253744155;0.2306087234413155;13.8;19.7;26.8;75.9;1.0;22.7;0.2;10.3;0.15;0.0;3.0;2016.0;0.0;0.0715761359581114;-0.0991674013715005
2016-03-30;2016-03-17;4;36;0;3650.2249;2804.9915;845.2333;15.6;0.1462838461538461;0.1866638461538461;0.2367404255319148;0.3189680851063829;0.3508702127659575;0.3584102564102564;0.4040446808510638;0.2837744680851064;0.3150881860805564;0.310849970897161;0.2044353380916797;0.2465084674402919;13.8;19.7;26.8;75.9;1.0;22.7;0.2;10.3;0.15;0.0;3.0;2016.0;0.0;0.1162216812052011;-0.0598519626677515
2016-08-09;2016-08-14;1;1;0;1812.3341;1549.0702;263.2639;21.8;0.1471675675675675;0.1712851351351351;0.2173894736842105;0.3059842105263158;0.3338578947368421;0.3469702702702703;0.3299473684210526;0.2267736842105263;0.3389933482656209;0.3455853581772789;0.2296067321848371;0.2588031463459627;8.0;12.2;18.2;75.0;2.1;14.1;0.2;6.1;0.07;0.0;8.0;2016.0;66.0;0.2094951678724258;0.0251476706710255
2016-08-09;2016-08-14;1;1;1;2227.899;1761.0087;466.8901;27.6;0.1471675675675675;0.1712851351351351;0.2173894736842105;0.3059842105263158;0.3338578947368421;0.3469702702702703;0.3299473684210526;0.2267736842105263;0.3389933482656209;0.3455853581772789;0.2296067321848371;0.2588031463459627;8.0;12.2;18.2;75.0;2.1;14.1;0.2;6.1;0.07;0.0;8.0;2016.0;0.0;0.2094951678724258;0.0251476706710255
2016-08-09;2016-08-14;1;2;0;2126.058;1804.7567;321.3014;23.4;0.1456396226415094;0.1683532075471698;0.2151646153846154;0.3071492307692308;0.3357292307692308;0.3486641509433962;0.3208723076923077;0.2193107692307692;0.3487522042251054;0.355927564855192;0.2367731898963034;0.2659408050770733;8.0;12.2;18.2;75.0;2.1;14.1;0.2;6.1;0.07;0.0;8.0;2016.0;0.0;0.2277448829482853;0.0415090812346786
2016-08-09;2016-08-14;1;2;1;2219.1897;2150.5342;68.655556;30.2;0.1456396226415094;0.1683532075471698;0.2151646153846154;0.3071492307692308;0.3357292307692308;0.3486641509433962;0.3208723076923077;0.2193107692307692;0.3487522042251054;0.355927564855192;0.2367731898963034;0.2659408050770733;8.0;12.2;18.2;75.0;2.1;14.1;0.2;6.1;0.07;0.0;8.0;2016.0;66.0;0.2277448829482853;0.0415090812346786
2016-08-09;2016-08-14;1;3;1;707.2;0.0;707.2;8.4;0.1370641509433962;0.1473811320754716;0.2045833333333333;0.3242416666666666;0.3563583333333333;0.3675245283018868;0.2887083333333333;0.198175;0.4275412238915354;0.449701678923269;0.2848085228244003;0.3253653095370887;8.0;12.2;18.2;75.0;2.1;14.1;0.2;6.1;0.07;0.0;8.0;2016.0;132.0;0.2993630360807249;0.1201040051120831
2016-08-09;2016-08-14;1;4;0;4320.724;3861.8442;458.87982;28.8;0.1485115384615384;0.169926923076923;0.2162428571428571;0.3116285714285714;0.3404214285714286;0.3537423076923077;0.3189142857142857;0.2198142857142857;0.3510142926392174;0.3648673202803993;0.2412333847131166;0.2693478211862306;8.0;12.2;18.2;75.0;2.1;14.1;0.2;6.1;0.07;0.0;8.0;2016.0;66.0;0.2335044588757444;0.0517768238941052
2016-08-09;2016-08-14;1;4;1;2200.163;1505.1138;695.04926;21.6;0.1485115384615384;0.169926923076923;0.2162428571428571;0.3116285714285714;0.3404214285714286;0.3537423076923077;0.3189142857142857;0.2198142857142857;0.3510142926392174;0.3648673202803993;0.2412333847131166;0.2693478211862306;8.0;12.2;18.2;75.0;2.1;14.1;0.2;6.1;0.07;0.0;8.0;2016.0;0.0;0.2335044588757444;0.0517768238941052
2016-08-09;2016-08-14;1;5;0;3002.2131;2740.5872;261.62607;24.0;0.144495867768595;0.1638231404958677;0.210415625;0.318715625;0.355165625;0.3731090909090909;0.3101875;0.210603125;0.3897809410055287;0.411226111029556;0.2788116106712392;0.302747774745594;8.0;12.2;18.2;75.0;2.1;14.1;0.2;6.1;0.07;0.0;8.0;2016.0;66.0;0.2784008308888983;0.0920853283131077
2016-08-09;2016-08-14;1;5;1;3307.7532;3059.041;248.7123;25.2;0.144495867768595;0.1638231404958677;0.210415625;0.318715625;0.355165625;0.3731090909090909;0.3101875;0.210603125;0.3897809410055287;0.411226111029556;0.2788116106712392;0.302747774745594;8.0;12.2;18.2;75.0;2.1;14.1;0.2;6.1;0.07;0.0;8.0;2016.0;0.0;0.2784008308888983;0.0920853283131077
2016-08-09;2016-08-14;1;6;0;3925.3464;3600.1536;325.19266;27.4;0.1429453608247422;0.1582876288659793;0.2150416666666666;0.3471833333333333;0.387675;0.3970701030927835;0.3080375;0.2081333333333333;0.4299615553827104;0.468309037582559;0.2973777754635416;0.3393860683385807;8.0;12.2;18.2;75.0;2.1;14.1;0.2;6.1;0.07;0.0;8.0;2016.0;0.0;0.31218720580169;0.1262681081614544
2016-08-09;2016-08-14;1;6;1;2460.2761;2081.8535;378.4225;23.4;0.1429453608247422;0.1582876288659793;0.2150416666666666;0.3471833333333333;0.387675;0.3970701030927835;0.3080375;0.2081333333333333;0.4299615553827104;0.468309037582559;0.2973777754635416;0.3393860683385807;8.0;12.2;18.2;75.0;2.1;14.1;0.2;6.1;0.07;0.0;8.0;2016.0;66.0;0.31218720580169;0.1262681081614544
2016-08-09;2016-08-14;2;7;0;942.4;0.0;942.4;7.2;0.1342882352941176;0.1382;0.2135617647058823;0.42475;0.4865058823529412;0.5052705882352941;0.2967441176470588;0.1928147058823529;0.570454337690831;0.6913812779064229;0.4058092576605034;0.4815216832141571;8.0;12.2;18.2;75.0;2.1;14.1;0.2;6.1;0.07;0.0;8.0;2016.0;132.0;0.4475898360641924;0.2600033005115792
2016-08-09;2016-08-14;2;8;0;1133.6887;0.0;1133.6887;;0.1352225806451613;0.1387645161290322;0.216675;0.4183875;0.4726625;0.4919741935483871;0.299425;0.195425;0.5599936582297255;0.6738626586726699;0.3884844519047483;0.4685560966425031;8.0;12.2;18.2;75.0;2.1;14.1;0.2;6.1;0.07;0.0;8.0;2016.0;132.0;0.4314075377621353;0.2433022362394086
2016-08-09;2016-08-14;2;10;0;923.95966;0.0;923.95966;9.6;0.138658064516129;0.1453774193548387;0.2232;0.4085666666666666;0.458025;0.4743075268817204;0.3073333333333333;0.2028166666666666;0.530802159265808;0.6293450639086484;0.3600069063115671;0.440655349479068;8.0;12.2;18.2;75.0;2.1;14.1;0.2;6.1;0.07;0.0;8.0;2016.0;66.0;0.4009469205233074;0.2136200933795186
2016-08-09;2016-08-14;2;10;1;4047.371;89.39148;3957.9795;30.2;0.138658064516129;0.1453774193548387;0.2232;0.4085666666666666;0.458025;0.4743075268817204;0.3073333333333333;0.2028166666666666;0.530802159265808;0.6293450639086484;0.3600069063115671;0.440655349479068;8.0;12.2;18.2;75.0;2.1;14.1;0.2;6.1;0.07;0.0;8.0;2016.0;0.0;0.4009469205233074;0.2136200933795186
2016-08-09;2016-08-14;2;11;0;752.4;0.0;752.4;6.2;0.1382175879396985;0.1427829145728643;0.2278725490196078;0.4489803921568627;0.5081803921568627;0.5265467336683417;0.3177294117647059;0.2047960784313725;0.5733554760406798;0.7124615893559065;0.3958994573741223;0.4922869521944026;8.0;12.2;18.2;75.0;2.1;14.1;0.2;6.1;0.07;0.0;8.0;2016.0;132.0;0.4399450571110561;0.2473329644965023
2016-08-09;2016-08-14;2;12;0;820.8;0.0;820.8;11.4;0.1368864864864865;0.1416675675675675;0.2185333333333333;0.4128222222222222;0.4674;0.4900972972972973;0.3093777777777778;0.2025333333333333;0.5515180553832464;0.6631936013564402;0.3832235754786544;0.4617960945951431;8.0;12.2;18.2;75.0;2.1;14.1;0.2;6.1;0.07;0.0;8.0;2016.0;132.0;0.4151765042532712;0.2260477220037772
2016-08-09;2016-08-14;3;13;0;1818.8768;1646.2827;172.59415;24.2;0.1497114093959731;0.1710718120805369;0.2247833333333333;0.337975;0.3727666666666666;0.3835100671140939;0.3373944444444444;0.2297333333333333;0.3830602170811313;0.4126279404334265;0.2609377870350228;0.3021646671889428;8.0;12.2;18.2;75.0;2.1;14.1;0.2;6.1;0.07;0.0;8.0;2016.0;66.0;0.2507597043336526;0.0639691137040482
2016-08-09;2016-08-14;3;13;1;3652.9153;3519.7178;133.19763;24.0;0.1497114093959731;0.1710718120805369;0.2247833333333333;0.337975;0.3727666666666666;0.3835100671140939;0.3373944444444444;0.2297333333333333;0.3830602170811313;0.4126279404334265;0.2609377870350228;0.3021646671889428;8.0;12.2;18.2;75.0;2.1;14.1;0.2;6.1;0.07;0.0;8.0;2016.0;0.0;0.2507597043336526;0.0639691137040482
2016-08-09;2016-08-14;3;14;0;678.71924;452.3068;226.41245;21.2;0.1484136363636364;0.1687863636363636;0.2255833333333333;0.3497333333333333;0.3874166666666666;0.3930363636363636;0.326;0.2195;0.3991472560901611;0.4337013223341017;0.2706881645109223;0.3167901678503089;8.0;12.2;18.2;75.0;2.1;14.1;0.2;6.1;0.07;0.0;8.0;2016.0;66.0;0.283307855563306;0.0932308392545578
2016-08-09;2016-08-14;3;14;1;1991.7717;1501.6227;490.14905;20.6;0.1484136363636364;0.1687863636363636;0.2255833333333333;0.3497333333333333;0.3874166666666666;0.3930363636363636;0.326;0.2195;0.3991472560901611;0.4337013223341017;0.2706881645109223;0.3167901678503089;8.0;12.2;18.2;75.0;2.1;14.1;0.2;6.1;0.07;0.0;8.0;2016.0;0.0;0.283307855563306;0.0932308392545578
2016-08-09;2016-08-14;3;15;0;3125.9604;3060.6335;65.32687;28.4;0.1498776470588235;0.1725705882352941;0.22876;0.32642;0.356145;0.3661129411764706;0.32379;0.221975;0.3592876751819796;0.3787657620487809;0.230894585497249;0.2795014277122284;8.0;12.2;18.2;75.0;2.1;14.1;0.2;6.1;0.07;0.0;8.0;2016.0;0.0;0.2450958965220787;0.0613462251723387
2016-08-09;2016-08-14;3;15;1;1651.6698;1548.7576;102.91229;26.6;0.1498776470588235;0.1725705882352941;0.22876;0.32642;0.356145;0.3661129411764706;0.32379;0.221975;0.3592876751819796;0.3787657620487809;0.230894585497249;0.2795014277122284;8.0;12.2;18.2;75.0;2.1;14.1;0.2;6.1;0.07;0.0;8.0;2016.0;66.0;0.2450958965220787;0.0613462251723387
2016-08-09;2016-08-14;3;16;0;4101.311;3903.8738;197.4373;34.8;0.1527795789473684;0.1789153684210526;0.228793220338983;0.3265474576271186;0.3571661016949152;0.3693216842105263;0.3423872881355932;0.2319559322033898;0.347306543538984;0.3670222682278907;0.2349522855936638;0.2724664931154584;8.0;12.2;18.2;75.0;2.1;14.1;0.2;6.1;0.07;0.0;8.0;2016.0;66.0;0.2284564538197854;0.0378446768573747
2016-08-09;2016-08-14;3;16;1;5016.235;4779.924;236.31084;29.2;0.1527795789473684;0.1789153684210526;0.228793220338983;0.3265474576271186;0.3571661016949152;0.3693216842105263;0.3423872881355932;0.2319559322033898;0.347306543538984;0.3670222682278907;0.2349522855936638;0.2724664931154584;8.0;12.2;18.2;75.0;2.1;14.1;0.2;6.1;0.07;0.0;8.0;2016.0;0.0;0.2284564538197854;0.0378446768573747
2016-08-09;2016-08-14;3;17;0;2078.6042;1978.8229;99.78141;23.8;0.1463276150627615;0.1667451882845188;0.2148368421052631;0.3022;0.3306228070175439;0.3425995815899581;0.3125684210526316;0.2180052631578947;0.3452561088411233;0.352947321588577;0.2291969703697534;0.2613394330967436;8.0;12.2;18.2;75.0;2.1;14.1;0.2;6.1;0.07;0.0;8.0;2016.0;66.0;0.2222498067923458;0.045837343118402
2016-08-09;2016-08-14;3;17;1;1571.1523;1390.8862;180.26617;20.2;0.1463276150627615;0.1667451882845188;0.2148368421052631;0.3022;0.3306228070175439;0.3425995815899581;0.3125684210526316;0.2180052631578947;0.3452561088411233;0.352947321588577;0.2291969703697534;0.2613394330967436;8.0;12.2;18.2;75.0;2.1;14.1;0.2;6.1;0.07;0.0;8.0;2016.0;0.0;0.2222498067923458;0.045837343118402
2016-08-09;2016-08-14;3;18;0;2541.294;2268.7615;272.53235;24.8;0.1448527027027027;0.1636351351351351;0.2191428571428571;0.335095238095238;0.3704047619047619;0.3796324324324324;0.3242285714285714;0.2203;0.3975891626743081;0.4235081774877575;0.2680297234767492;0.3105588211673821;8.0;12.2;18.2;75.0;2.1;14.1;0.2;6.1;0.07;0.0;8.0;2016.0;0.0;0.2655839621579007;0.0787142073505211
2016-08-09;2016-08-14;3;18;1;3302.758;3086.8027;215.95537;26.8;0.1448527027027027;0.1636351351351351;0.2191428571428571;0.335095238095238;0.3704047619047619;0.3796324324324324;0.3242285714285714;0.2203;0.3975891626743081;0.4235081774877575;0.2680297234767492;0.3105588211673821;8.0;12.2;18.2;75.0;2.1;14.1;0.2;6.1;0.07;0.0;8.0;2016.0;66.0;0.2655839621579007;0.0787142073505211
2016-08-09;2016-08-14;4;19;0;1496.1042;310.24158;1185.8625;8.0;0.1418073619631902;0.1483435582822086;0.2318;0.4338441176470588;0.4826029411764706;0.4964662576687116;0.3192235294117647;0.2092941176470588;0.5398843050692648;0.6578419574809465;0.3634196351701747;0.4561317013568842;8.0;12.2;18.2;75.0;2.1;14.1;0.2;6.1;0.07;0.0;8.0;2016.0;0.0;0.406897510919576;0.217291832096287
2016-08-09;2016-08-14;4;19;1;2541.4336;9.908123;2531.5254;17.0;0.1418073619631902;0.1483435582822086;0.2318;0.4338441176470588;0.4826029411764706;0.4964662576687116;0.3192235294117647;0.2092941176470588;0.5398843050692648;0.6578419574809465;0.3634196351701747;0.4561317013568842;8.0;12.2;18.2;75.0;2.1;14.1;0.2;6.1;0.07;0.0;8.0;2016.0;0.0;0.406897510919576;0.217291832096287
2016-08-09;2016-08-14;4;20;0;1201.0151;152.91302;1048.1022;8.8;0.1403441624365482;0.145953807106599;0.2317574468085106;0.4578829787234043;0.5132127659574468;0.5222791878172588;0.3210787234042553;0.2062702127659574;0.5631649193759737;0.6992707733205958;0.3852886287851716;0.4831981920719346;8.0;12.2;18.2;75.0;2.1;14.1;0.2;6.1;0.07;0.0;8.0;2016.0;0.0;0.4337509231334632;0.2385706729442853
2016-08-09;2016-08-14;4;20;1;2861.6045;261.76645;2599.8381;15.2;0.1403441624365482;0.145953807106599;0.2317574468085106;0.4578829787234043;0.5132127659574468;0.5222791878172588;0.3210787234042553;0.2062702127659574;0.5631649193759737;0.6992707733205958;0.3852886287851716;0.4831981920719346;8.0;12.2;18.2;75.0;2.1;14.1;0.2;6.1;0.07;0.0;8.0;2016.0;0.0;0.4337509231334632;0.2385706729442853
2016-08-09;2016-08-14;4;21;0;1616.4794;199.00084;1417.4785;8.2;0.1378603448275862;0.1422022988505747;0.2292795454545454;0.4638045454545454;0.5238431818181818;0.5370827586206897;0.3131454545454545;0.199675;0.581317747868787;0.7278398212571531;0.4016419016558605;0.5022710038616812;8.0;12.2;18.2;75.0;2.1;14.1;0.2;6.1;0.07;0.0;8.0;2016.0;0.0;0.4579629527788926;0.2633849366646166
2016-08-09;2016-08-14;4;21;1;3196.9146;0.0;3196.9146;26.0;0.1378603448275862;0.1422022988505747;0.2292795454545454;0.4638045454545454;0.5238431818181818;0.5370827586206897;0.3131454545454545;0.199675;0.581317747868787;0.7278398212571531;0.4016419016558605;0.5022710038616812;8.0;12.2;18.2;75.0;2.1;14.1;0.2;6.1;0.07;0.0;8.0;2016.0;0.0;0.4579629527788926;0.2633849366646166
2016-08-09;2016-08-14;4;22;0;1592.459;148.76225;1443.6967;6.2;0.1408301020408163;0.1523102040816326;0.2186;0.3716448979591836;0.4131918367346939;0.4219775510204082;0.2997918367346939;0.2020734693877551;0.4695683384209722;0.5268533235993105;0.3174909122188841;0.3765294898755891;8.0;12.2;18.2;75.0;2.1;14.1;0.2;6.1;0.07;0.0;8.0;2016.0;0.0;0.3523815752898278;0.1692863625953227
2016-08-09;2016-08-14;4;22;1;3216.0999;0.0;3216.0999;15.0;0.1408301020408163;0.1523102040816326;0.2186;0.3716448979591836;0.4131918367346939;0.4219775510204082;0.2997918367346939;0.2020734693877551;0.4695683384209722;0.5268533235993105;0.3174909122188841;0.3765294898755891;8.0;12.2;18.2;75.0;2.1;14.1;0.2;6.1;0.07;0.0;8.0;2016.0;0.0;0.3523815752898278;0.1692863625953227
2016-08-09;2016-08-14;4;23;0;1523.6594;0.0;1523.6594;9.4;0.1375380952380952;0.1432190476190476;0.2275666666666666;0.453;0.5147166666666667;0.5193523809523809;0.3140333333333333;0.2020166666666666;0.5676872215035217;0.6980266704371724;0.3906523942799947;0.4853035143769969;8.0;12.2;18.2;75.0;2.1;14.1;0.2;6.1;0.07;0.0;8.0;2016.0;0.0;0.4399075831339219;0.2463673711938106
2016-08-09;2016-08-14;4;23;1;1633.0117;0.0;1633.0117;10.4;0.1375380952380952;0.1432190476190476;0.2275666666666666;0.453;0.5147166666666667;0.5193523809523809;0.3140333333333333;0.2020166666666666;0.5676872215035217;0.6980266704371724;0.3906523942799947;0.4853035143769969;8.0;12.2;18.2;75.0;2.1;14.1;0.2;6.1;0.07;0.0;8.0;2016.0;0.0;0.4399075831339219;0.2463673711938106
2016-08-09;2016-08-14;4;24;0;1223.9365;5.896121;1218.0404;5.6;0.1425129032258064;0.1536338709677419;0.2273176470588235;0.3945823529411765;0.4398823529411765;0.4599677419354839;0.3164941176470588;0.2111294117647059;0.4992390250057173;0.583304566388989;0.3385058064701378;0.4126258449407836;8.0;12.2;18.2;75.0;2.1;14.1;0.2;6.1;0.07;0.0;8.0;2016.0;0.0;0.3707933028754069;0.1847787145212287
2016-08-09;2016-08-14;4;24;1;2552.232;237.56105;2314.671;17.0;0.1425129032258064;0.1536338709677419;0.2273176470588235;0.3945823529411765;0.4398823529411765;0.4599677419354839;0.3164941176470588;0.2111294117647059;0.4992390250057173;0.583304566388989;0.3385058064701378;0.4126258449407836;8.0;12.2;18.2;75.0;2.1;14.1;0.2;6.1;0.07;0.0;8.0;2016.0;0.0;0.3707933028754069;0.1847787145212287
2016-09-12;2016-09-10;1;25;0;3746.0676;3183.6016;562.46594;24.2;0.1315324675324675;0.1479051948051948;0.19602;0.3257;0.36034;0.380987012987013;0.32066;0.21745;0.4406981512448219;0.4545544341807468;0.3205628507519997;0.3398050103061292;12.9;16.5;21.2;83.4;4.0;5.6;5.8;10.05;0.0;0.0;9.0;2016.0;0.0;0.2732735600205296;0.0859791488745774
2016-09-12;2016-09-10;1;25;1;3589.2607;1605.4048;1983.8561;30.8;0.1315324675324675;0.1479051948051948;0.19602;0.3257;0.36034;0.380987012987013;0.32066;0.21745;0.4406981512448219;0.4545544341807468;0.3205628507519997;0.3398050103061292;12.9;16.5;21.2;83.4;4.0;5.6;5.8;10.05;0.0;0.0;9.0;2016.0;0.0;0.2732735600205296;0.0859791488745774
2016-09-12;2016-09-10;1;26;1;4305.8247;2573.5488;1732.276;33.6;0.12688125;0.1364298076923077;0.1952745098039215;0.3694294117647059;0.4166333333333333;0.4387591346153845;0.301;0.2000647058823529;0.5256174183566772;0.5788517720820107;0.384024770537948;0.4217807424723651;12.9;16.5;21.2;83.4;4.0;5.6;5.8;10.05;0.0;0.0;9.0;2016.0;0.0;0.3736467138531549;0.1862216066950066
2016-09-12;2016-09-10;1;27;0;3478.4807;2657.621;820.8597;28.0;0.1300909793814433;0.1435971649484536;0.1942783505154639;0.3414649484536082;0.380601030927835;0.4002159793814433;0.3123082474226804;0.209241237113402;0.4718878480754694;0.4988249310013312;0.346408062296728;0.3687711960138222;12.9;16.5;21.2;83.4;4.0;5.6;5.8;10.05;0.0;0.0;9.0;2016.0;0.0;0.3133521715706133;0.1233750778595338
2016-09-12;2016-09-10;1;27;1;4709.0723;3599.1616;1109.9109;39.2;0.1300909793814433;0.1435971649484536;0.1942783505154639;0.3414649484536082;0.380601030927835;0.4002159793814433;0.3123082474226804;0.209241237113402;0.4718878480754694;0.4988249310013312;0.346408062296728;0.3687711960138222;12.9;16.5;21.2;83.4;4.0;5.6;5.8;10.05;0.0;0.0;9.0;2016.0;0.0;0.3133521715706133;0.1233750778595338
2016-09-12;2016-09-10;2;28;0;2061.5645;0.0;2061.5645;18.2;0.1187407894736842;0.1200842105263158;0.1890433333333333;0.4569483333333333;0.5456716666666667;0.5778688596491228;0.2830866666666666;0.1824883333333333;0.6558960318173506;0.8129328214259622;0.5070013619208219;0.5732085761787377;12.9;16.5;21.2;83.4;4.0;5.6;5.8;10.05;0.0;0.0;9.0;2016.0;0.0;0.5199931426504071;0.3423895706249676
2016-09-12;2016-09-10;2;28;1;2588.8452;0.0;2588.8452;26.0;0.1187407894736842;0.1200842105263158;0.1890433333333333;0.4569483333333333;0.5456716666666667;0.5778688596491228;0.2830866666666666;0.1824883333333333;0.6558960318173506;0.8129328214259622;0.5070013619208219;0.5732085761787377;12.9;16.5;21.2;83.4;4.0;5.6;5.8;10.05;0.0;0.0;9.0;2016.0;0.0;0.5199931426504071;0.3423895706249676
2016-09-12;2016-09-10;2;29;0;2811.575;0.0;2811.575;19.8;0.1207073170731707;0.1230798780487804;0.1938099999999999;0.4565675;0.5404375;0.5654475609756098;0.289385;0.1867325;0.6424837382714081;0.7907206134958626;0.4894749556370215;0.5582971857468634;12.9;16.5;21.2;83.4;4.0;5.6;5.8;10.05;0.0;0.0;9.0;2016.0;0.0;0.5034898964011358;0.3229434319401018
2016-09-12;2016-09-10;2;29;1;2324.5273;271.8047;2052.7227;20.8;0.1207073170731707;0.1230798780487804;0.1938099999999999;0.4565675;0.5404375;0.5654475609756098;0.289385;0.1867325;0.6424837382714081;0.7907206134958626;0.4894749556370215;0.5582971857468634;12.9;16.5;21.2;83.4;4.0;5.6;5.8;10.05;0.0;0.0;9.0;2016.0;0.0;0.5034898964011358;0.3229434319401018
2016-09-12;2016-09-10;2;30;0;3035.899;1664.5955;1371.3033;20.2;0.1189728301886792;0.1203181132075471;0.1914343283582089;0.4634029850746268;0.549886567164179;0.5782935849056604;0.2919970149253731;0.186744776119403;0.6555508201981181;0.813220945544447;0.5025922145749608;0.5731324069576091;12.9;16.5;21.2;83.4;4.0;5.6;5.8;10.05;0.0;0.0;9.0;2016.0;0.0;0.511802843796783;0.328966634864115
2016-09-12;2016-09-10;2;30;1;2190.5984;0.0;2190.5984;21.0;0.1189728301886792;0.1203181132075471;0.1914343283582089;0.4634029850746268;0.549886567164179;0.5782935849056604;0.2919970149253731;0.186744776119403;0.6555508201981181;0.813220945544447;0.5025922145749608;0.5731324069576091;12.9;16.5;21.2;83.4;4.0;5.6;5.8;10.05;0.0;0.0;9.0;2016.0;0.0;0.511802843796783;0.328966634864115
2016-09-12;2016-09-10;3;31;0;3574.1099;2834.7532;739.3567;29.6;0.1308193396226415;0.1421924528301886;0.2007431372549019;0.3710745098039215;0.4178568627450981;0.4393344339622641;0.3159392156862745;0.209678431372549;0.5109686033109;0.5664836183672269;0.3727537214804433;0.4121145550250628;12.9;16.5;21.2;83.4;4.0;5.6;5.8;10.05;0.0;0.0;9.0;2016.0;0.0;0.3538543145384953;0.1633781588082818
2016-09-12;2016-09-10;3;31;1;3093.732;1777.2762;1316.4557;26.4;0.1308193396226415;0.1421924528301886;0.2007431372549019;0.3710745098039215;0.4178568627450981;0.4393344339622641;0.3159392156862745;0.209678431372549;0.5109686033109;0.5664836183672269;0.3727537214804433;0.4121145550250628;12.9;16.5;21.2;83.4;4.0;5.6;5.8;10.05;0.0;0.0;9.0;2016.0;0.0;0.3538543145384953;0.1633781588082818
2016-09-12;2016-09-10;3;32;0;3993.0198;3373.0813;619.9385;30.2;0.1329301630434782;0.1476220108695652;0.2004815217391304;0.3469141304347826;0.3859152173913043;0.4056119565217391;0.3208358695652174;0.2144304347826087;0.4663306319904553;0.4982933480515027;0.3384468603279018;0.3674254063764786;12.9;16.5;21.2;83.4;4.0;5.6;5.8;10.05;0.0;0.0;9.0;2016.0;0.0;0.3083362112338041;0.1166994846872512
2016-09-12;2016-09-10;3;32;1;3054.558;2163.4055;891.15265;30.2;0.1329301630434782;0.1476220108695652;0.2004815217391304;0.3469141304347826;0.3859152173913043;0.4056119565217391;0.3208358695652174;0.2144304347826087;0.4663306319904553;0.4982933480515027;0.3384468603279018;0.3674254063764786;12.9;16.5;21.2;83.4;4.0;5.6;5.8;10.05;0.0;0.0;9.0;2016.0;0.0;0.3083362112338041;0.1166994846872512
2016-09-12;2016-09-10;3;33;0;3435.8801;2654.7915;781.08856;30.8;0.1323478070175438;0.1471785087719298;0.1995189655172413;0.3423603448275862;0.3797422413793103;0.3991804824561403;0.3130586206896552;0.2120008620689655;0.4612388150102131;0.4885111172478715;0.3334920678727199;0.3612555190859197;12.9;16.5;21.2;83.4;4.0;5.6;5.8;10.05;0.0;0.0;9.0;2016.0;0.0;0.3062587267492846;0.1209170647695483
2016-09-12;2016-09-10;3;33;1;2661.316;1409.2078;1252.108;33.6;0.1323478070175438;0.1471785087719298;0.1995189655172413;0.3423603448275862;0.3797422413793103;0.3991804824561403;0.3130586206896552;0.2120008620689655;0.4612388150102131;0.4885111172478715;0.3334920678727199;0.3612555190859197;12.9;16.5;21.2;83.4;4.0;5.6;5.8;10.05;0.0;0.0;9.0;2016.0;0.0;0.3062587267492846;0.1209170647695483
2016-09-12;2016-09-10;4;34;0;2929.8342;0.0;2929.8342;27.8;0.1222327014218009;0.1238834123222748;0.2002905660377358;0.4851792452830188;0.5689094339622641;0.5935279620853081;0.3019830188679245;0.1926679245283019;0.6546377246260583;0.8267905674705991;0.4953744238968171;0.5786596375340732;12.9;16.5;21.2;83.4;4.0;5.6;5.8;10.05;0.0;0.0;9.0;2016.0;83.0;0.5098729774377667;0.3255626669223493
2016-09-12;2016-09-10;4;34;1;3434.2327;153.42812;3280.8047;36.4;0.1222327014218009;0.1238834123222748;0.2002905660377358;0.4851792452830188;0.5689094339622641;0.5935279620853081;0.3019830188679245;0.1926679245283019;0.6546377246260583;0.8267905674705991;0.4953744238968171;0.5786596375340732;12.9;16.5;21.2;83.4;4.0;5.6;5.8;10.05;0.0;0.0;9.0;2016.0;0.0;0.5098729774377667;0.3255626669223493
2016-09-12;2016-09-10;4;35;0;2624.5247;0.0;2624.5247;22.6;0.1218564102564102;0.1228389743589743;0.1991270833333333;0.4945541666666667;0.5830666666666667;0.6083446153846154;0.3017291666666666;0.190125;0.6639996409053673;0.8479231107089146;0.506788699468986;0.5915108580111362;12.9;16.5;21.2;83.4;4.0;5.6;5.8;10.05;0.0;0.0;9.0;2016.0;83.0;0.5237764935903828;0.3369127369286978
2016-09-12;2016-09-10;4;35;1;2747.3545;363.36853;2383.986;24.0;0.1218564102564102;0.1228389743589743;0.1991270833333333;0.4945541666666667;0.5830666666666667;0.6083446153846154;0.3017291666666666;0.190125;0.6639996409053673;0.8479231107089146;0.506788699468986;0.5915108580111362;12.9;16.5;21.2;83.4;4.0;5.6;5.8;10.05;0.0;0.0;9.0;2016.0;0.0;0.5237764935903828;0.3369127369286978
2016-09-12;2016-09-10;4;36;0;2659.154;5.530687;2653.6235;27.6;0.1238764102564102;0.1299728205128205;0.196820202020202;0.4271848484848485;0.4952575757575758;0.5181417948717949;0.2940969696969697;0.1921777777777777;0.5989202606218351;0.7089038183598653;0.4494247166260672;0.5071387941032423;12.9;16.5;21.2;83.4;4.0;5.6;5.8;10.05;0.0;0.0;9.0;2016.0;0.0;0.4588976985079185;0.2758361641281373
2016-09-12;2016-09-10;4;36;1;3295.0571;180.46463;3114.5925;32.6;0.1238764102564102;0.1299728205128205;0.196820202020202;0.4271848484848485;0.4952575757575758;0.5181417948717949;0.2940969696969697;0.1921777777777777;0.5989202606218351;0.7089038183598653;0.4494247166260672;0.5071387941032423;12.9;16.5;21.2;83.4;4.0;5.6;5.8;10.05;0.0;0.0;9.0;2016.0;83.0;0.4588976985079185;0.2758361641281373
2016-11-23;2016-11-29;1;25;0;7109.8677;6403.8994;705.968;38.6;0.1456594594594594;0.1693932432432432;0.2271449999999999;0.36769;0.4089;0.4232918918918919;0.36058;0.2424599999999999;0.4283870702962011;0.4711580127832188;0.3015617569313599;0.3485431994330851;8.9;17.8;26.0;59.3;2.0;33.7;0.2;7.45;2.65;0.0;11.0;2016.0;36.0;0.2716205452725267;0.0800027307275113
2016-11-23;2016-11-29;1;25;1;5912.0537;3028.125;2883.9287;45.8;0.1456594594594594;0.1693932432432432;0.2271449999999999;0.36769;0.4089;0.4232918918918919;0.36058;0.2424599999999999;0.4283870702962011;0.4711580127832188;0.3015617569313599;0.3485431994330851;8.9;17.8;26.0;59.3;2.0;33.7;0.2;7.45;2.65;0.0;11.0;2016.0;0.0;0.2716205452725267;0.0800027307275113
2016-11-23;2016-11-29;1;26;0;7536.339;5673.68;1862.6584;38.8;0.1448687804878048;0.1667390243902439;0.2352;0.384378431372549;0.4277;0.4466975609756097;0.3719333333333333;0.2504039215686274;0.4563773065774982;0.5143967267333212;0.3101603130432294;0.3771546672683342;8.9;17.8;26.0;59.3;2.0;33.7;0.2;7.45;2.65;0.0;11.0;2016.0;36.0;0.2815854568126323;0.091328372972522
2016-11-23;2016-11-29;1;26;1;5816.6304;3777.245;2039.3851;42.2;0.1448687804878048;0.1667390243902439;0.2352;0.384378431372549;0.4277;0.4466975609756097;0.3719333333333333;0.2504039215686274;0.4563773065774982;0.5143967267333212;0.3101603130432294;0.3771546672683342;8.9;17.8;26.0;59.3;2.0;33.7;0.2;7.45;2.65;0.0;11.0;2016.0;0.0;0.2815854568126323;0.091328372972522
2016-11-23;2016-11-29;1;27;0;6476.741;4853.324;1623.4174;37.4;0.1416568475452196;0.1623847545219638;0.219225;0.3601104166666666;0.4022791666666666;0.4180118863049096;0.350071875;0.2354604166666666;0.4404352365285257;0.4805404055810628;0.3119513175980724;0.3549073397534402;8.9;17.8;26.0;59.3;2.0;33.7;0.2;7.45;2.65;0.0;11.0;2016.0;36.0;0.2793560933005347;0.0884539092318333
2016-11-23;2016-11-29;1;27;1;5525.06;2148.3313;3376.729;48.6;0.1416568475452196;0.1623847545219638;0.219225;0.3601104166666666;0.4022791666666666;0.4180118863049096;0.350071875;0.2354604166666666;0.4404352365285257;0.4805404055810628;0.3119513175980724;0.3549073397534402;8.9;17.8;26.0;59.3;2.0;33.7;0.2;7.45;2.65;0.0;11.0;2016.0;0.0;0.2793560933005347;0.0884539092318333
2016-11-23;2016-11-29;2;28;0;1378.8;0.0;1378.8;10.2;0.1498896551724138;0.1780698275862069;0.2447946428571428;0.3909696428571428;0.4347071428571428;0.4548060344827586;0.390575;0.2652232142857142;0.4372677542035807;0.4945064424755421;0.300187519006048;0.3664164135218881;8.9;17.8;26.0;59.3;2.0;33.7;0.2;7.45;2.65;0.0;11.0;2016.0;0.0;0.2632987764334628;0.0759787975632289
2016-11-23;2016-11-29;2;28;1;3320.5342;0.0;3320.5342;34.6;0.1498896551724138;0.1780698275862069;0.2447946428571428;0.3909696428571428;0.4347071428571428;0.4548060344827586;0.390575;0.2652232142857142;0.4372677542035807;0.4945064424755421;0.300187519006048;0.3664164135218881;8.9;17.8;26.0;59.3;2.0;33.7;0.2;7.45;2.65;0.0;11.0;2016.0;36.0;0.2632987764334628;0.0759787975632289
2016-11-23;2016-11-29;2;29;0;1773.5448;483.78305;1289.7617;9.8;0.151665243902439;0.1821603658536585;0.2499175;0.3834825;0.4246875;0.4443060975609756;0.4032199999999999;0.2784925;0.4184513409998979;0.4681912976242985;0.280008628695313;0.3490726180777903;8.9;17.8;26.0;59.3;2.0;33.7;0.2;7.45;2.65;0.0;11.0;2016.0;0.0;0.2294049796450905;0.0484776783620161
2016-11-23;2016-11-29;2;29;1;3589.3044;0.0;3589.3044;35.4;0.151665243902439;0.1821603658536585;0.2499175;0.3834825;0.4246875;0.4443060975609756;0.4032199999999999;0.2784925;0.4184513409998979;0.4681912976242985;0.280008628695313;0.3490726180777903;8.9;17.8;26.0;59.3;2.0;33.7;0.2;7.45;2.65;0.0;11.0;2016.0;36.0;0.2294049796450905;0.0484776783620161
2016-11-23;2016-11-29;2;30;0;1504.9218;0.0;1504.9218;12.2;0.1516988805970149;0.1831070895522388;0.2518940298507462;0.388365671641791;0.4310746268656716;0.4523611940298507;0.4061731343283582;0.2775462686567164;0.4237097451344789;0.47629894582041;0.2846512988210261;0.3556956742484115;8.9;17.8;26.0;59.3;2.0;33.7;0.2;7.45;2.65;0.0;11.0;2016.0;0.0;0.2395028607183899;0.0537987336974851
2016-11-23;2016-11-29;2;30;1;3334.0618;0.0;3334.0618;27.4;0.1516988805970149;0.1831070895522388;0.2518940298507462;0.388365671641791;0.4310746268656716;0.4523611940298507;0.4061731343283582;0.2775462686567164;0.4237097451344789;0.47629894582041;0.2846512988210261;0.3556956742484115;8.9;17.8;26.0;59.3;2.0;33.7;0.2;7.45;2.65;0.0;11.0;2016.0;36.0;0.2395028607183899;0.0537987336974851
2016-11-23;2016-11-29;3;31;0;5156.782;4620.9116;535.8704;33.6;0.1494647887323943;0.1768746478873239;0.2336739999999999;0.366316;0.407654;0.422837558685446;0.3801239999999999;0.260416;0.4101349082149731;0.4511095948821417;0.2881343918212412;0.3354917441054787;8.9;17.8;26.0;59.3;2.0;33.7;0.2;7.45;2.65;0.0;11.0;2016.0;36.0;0.2377178378667196;0.0531950231283472
2016-11-23;2016-11-29;3;31;1;6677.858;5031.5;1646.3577;47.4;0.1494647887323943;0.1768746478873239;0.2336739999999999;0.366316;0.407654;0.422837558685446;0.3801239999999999;0.260416;0.4101349082149731;0.4511095948821417;0.2881343918212412;0.3354917441054787;8.9;17.8;26.0;59.3;2.0;33.7;0.2;7.45;2.65;0.0;11.0;2016.0;0.0;0.2377178378667196;0.0531950231283472
2016-11-23;2016-11-29;3;32;0;5176.848;4572.199;604.6492;31.2;0.1484208219178082;0.1745654794520548;0.2318;0.3637516483516483;0.4044714285714286;0.4201002739726027;0.3775340659340659;0.2559571428571428;0.4128954679271883;0.4532379994861762;0.288848281693645;0.3364517348136542;8.9;17.8;26.0;59.3;2.0;33.7;0.2;7.45;2.65;0.0;11.0;2016.0;0.0;0.2427946606742083;0.0533655660355814
2016-11-23;2016-11-29;3;32;1;3941.5918;3055.5361;886.05554;40.2;0.1484208219178082;0.1745654794520548;0.2318;0.3637516483516483;0.4044714285714286;0.4201002739726027;0.3775340659340659;0.2559571428571428;0.4128954679271883;0.4532379994861762;0.288848281693645;0.3364517348136542;8.9;17.8;26.0;59.3;2.0;33.7;0.2;7.45;2.65;0.0;11.0;2016.0;36.0;0.2427946606742083;0.0533655660355814
2016-11-23;2016-11-29;3;33;0;6017.168;5422.187;594.98114;33.6;0.1451724890829694;0.1697995633187773;0.2281898305084746;0.3525957627118644;0.3908169491525424;0.3981336244541484;0.3617110169491525;0.2498940677966101;0.4020438777856119;0.4298012993539726;0.2713355097899304;0.3207139693985076;8.9;17.8;26.0;59.3;2.0;33.7;0.2;7.45;2.65;0.0;11.0;2016.0;36.0;0.22875497209489;0.047934282247131
2016-11-23;2016-11-29;3;33;1;7690.991;4352.0747;3338.9165;55.0;0.1451724890829694;0.1697995633187773;0.2281898305084746;0.3525957627118644;0.3908169491525424;0.3981336244541484;0.3617110169491525;0.2498940677966101;0.4020438777856119;0.4298012993539726;0.2713355097899304;0.3207139693985076;8.9;17.8;26.0;59.3;2.0;33.7;0.2;7.45;2.65;0.0;11.0;2016.0;0.0;0.22875497209489;0.047934282247131
2016-11-23;2016-11-29;4;34;0;3241.3472;0.0;3241.3472;23.0;0.1446610091743119;0.1653738532110091;0.2347666666666666;0.3975625;0.44480625;0.4613302752293578;0.36925625;0.248875;0.4722426558045403;0.5406126695005082;0.3254770922360018;0.3940117212866138;8.9;17.8;26.0;59.3;2.0;33.7;0.2;7.45;2.65;0.0;11.0;2016.0;0.0;0.2991462928246291;0.1108542246142658
2016-11-23;2016-11-29;4;34;1;4634.5967;0.0;4634.5967;39.0;0.1446610091743119;0.1653738532110091;0.2347666666666666;0.3975625;0.44480625;0.4613302752293578;0.36925625;0.248875;0.4722426558045403;0.5406126695005082;0.3254770922360018;0.3940117212866138;8.9;17.8;26.0;59.3;2.0;33.7;0.2;7.45;2.65;0.0;11.0;2016.0;36.0;0.2991462928246291;0.1108542246142658
2016-11-23;2016-11-29;4;35;0;2797.6267;107.737335;2689.8894;20.4;0.1430664974619289;0.1618812182741116;0.2310199999999999;0.398134;0.4462319999999999;0.4627289340101522;0.362158;0.242086;0.4816567816514178;0.5526154383225896;0.333995373039033;0.4012693400352609;8.9;17.8;26.0;59.3;2.0;33.7;0.2;7.45;2.65;0.0;11.0;2016.0;36.0;0.3130508781287742;0.1219208716535622
2016-11-23;2016-11-29;4;35;1;4684.999;564.78064;4120.2188;39.0;0.1430664974619289;0.1618812182741116;0.2310199999999999;0.398134;0.4462319999999999;0.4627289340101522;0.362158;0.242086;0.4816567816514178;0.5526154383225896;0.333995373039033;0.4012693400352609;8.9;17.8;26.0;59.3;2.0;33.7;0.2;7.45;2.65;0.0;11.0;2016.0;0.0;0.3130508781287742;0.1219208716535622
2016-11-23;2016-11-29;4;36;0;3004.0142;279.8771;2724.137;19.2;0.1386743589743589;0.1592994871794872;0.219681914893617;0.3519393617021276;0.3918744680851064;0.4035679487179487;0.3368329787234043;0.2318648936170212;0.433971564101945;0.462872607184268;0.295043841259365;0.3447303774043269;8.9;17.8;26.0;59.3;2.0;33.7;0.2;7.45;2.65;0.0;11.0;2016.0;36.0;0.2702143226811901;0.0901335580780056
2016-11-23;2016-11-29;4;36;1;4981.661;11.760295;4969.901;39.8;0.1386743589743589;0.1592994871794872;0.219681914893617;0.3519393617021276;0.3918744680851064;0.4035679487179487;0.3368329787234043;0.2318648936170212;0.433971564101945;0.462872607184268;0.295043841259365;0.3447303774043269;8.9;17.8;26.0;59.3;2.0;33.7;0.2;7.45;2.65;0.0;11.0;2016.0;0.0;0.2702143226811901;0.0901335580780056
2016-12-29;2016-12-22;1;25;0;4687.8184;4679.133;8.68574;24.0;0.9123064935064936;0.7786909090909091;0.8328200000000001;0.77363;0.724255;0.8841714285714286;0.57298;0.415575;0.0634331039265731;-0.9220911328483312;0.0299077955293893;0.0731534210317736;20.1;23.0;27.6;83.4;3.3;12.4;10.8;13.85;0.0;0.0;12.0;2016.0;18.0;0.3605291141953513;0.2135614888539871
2016-12-29;2016-12-22;1;26;0;3221.726;3221.726;0.0;23.6;0.8246288461538461;0.7829923076923078;0.8467627450980392;0.8155411764705882;0.8001764705882353;0.7999673076923077;0.5335549019607844;0.4195960784313725;0.0107235837446652;0.1354944079967329;-0.0284171879455516;0.0122241928321295;20.1;23.0;27.6;83.4;3.3;12.4;10.8;13.85;0.0;0.0;12.0;2016.0;18.0;0.3118913158502779;0.1997810038730655
2016-12-29;2016-12-22;1;27;0;2765.253;2743.4167;21.836168;26.6;0.8307567010309278;0.7473546391752578;0.8147876288659794;0.7817835051546391;0.7641360824742268;0.8083948453608247;0.5499979381443298;0.4319474226804123;0.03923524114409;2.467370649419873;-0.0039384256586431;0.0445386512155748;20.1;23.0;27.6;83.4;3.3;12.4;10.8;13.85;0.0;0.0;12.0;2016.0;18.0;0.3035028575418159;0.190222526469653
2016-12-29;2016-12-22;2;28;0;678.4;0.0;678.4;8.2;0.9976473684210526;0.9085438596491228;0.9860083333333334;0.93814;0.9091716666666668;0.958561403508772;0.6567333333333333;0.5411083333333333;0.0267888184167253;-1.7240128197375628;-0.0141146544166289;0.0316953863257364;20.1;23.0;27.6;83.4;3.3;12.4;10.8;13.85;0.0;0.0;12.0;2016.0;18.0;0.2783633355531204;0.1868563447222711
2016-12-29;2016-12-22;2;28;1;1264.0;84.0;1180.0;13.6;0.9976473684210526;0.9085438596491228;0.9860083333333334;0.93814;0.9091716666666668;0.958561403508772;0.6567333333333333;0.5411083333333333;0.0267888184167253;-1.7240128197375628;-0.0141146544166289;0.0316953863257364;20.1;23.0;27.6;83.4;3.3;12.4;10.8;13.85;0.0;0.0;12.0;2016.0;0.0;0.2783633355531204;0.1868563447222711
2016-12-29;2016-12-22;2;29;0;781.2;392.0;389.2;7.6;0.8919634146341463;0.8587902439024391;0.9347875;0.90505;0.892385;0.8521048780487804;0.5966524999999999;0.50344;-0.0039075252292695;-0.0530381309525199;-0.0462717413577564;-0.0045357415107224;20.1;23.0;27.6;83.4;3.3;12.4;10.8;13.85;0.0;0.0;12.0;2016.0;18.0;0.2572138213163853;0.1763251610789583
2016-12-29;2016-12-22;2;29;1;1698.0;1000.8;697.2;20.8;0.8919634146341463;0.8587902439024391;0.9347875;0.90505;0.892385;0.8521048780487804;0.5966524999999999;0.50344;-0.0039075252292695;-0.0530381309525199;-0.0462717413577564;-0.0045357415107224;20.1;23.0;27.6;83.4;3.3;12.4;10.8;13.85;0.0;0.0;12.0;2016.0;0.0;0.2572138213163853;0.1763251610789583
2016-12-29;2016-12-22;2;30;0;865.6;0.0;865.6;10.0;0.7737796226415095;0.722051320754717;0.7731373134328358;0.7499104477611941;0.7398686567164179;0.7491803773584905;0.5204641791044776;0.4196776119402985;0.0184396901171755;0.2438425449819148;-0.0157371462075646;0.0206437350538806;20.1;23.0;27.6;83.4;3.3;12.4;10.8;13.85;0.0;0.0;12.0;2016.0;0.0;0.2819014529009331;0.1801419122302864
2016-12-29;2016-12-22;2;30;1;790.4;30.4;760.0;13.2;0.7737796226415095;0.722051320754717;0.7731373134328358;0.7499104477611941;0.7398686567164179;0.7491803773584905;0.5204641791044776;0.4196776119402985;0.0184396901171755;0.2438425449819148;-0.0157371462075646;0.0206437350538806;20.1;23.0;27.6;83.4;3.3;12.4;10.8;13.85;0.0;0.0;12.0;2016.0;18.0;0.2819014529009331;0.1801419122302864
2016-12-29;2016-12-22;3;31;0;3324.4192;3068.5505;255.86874;20.0;0.8864415094339624;0.8709188679245282;0.9591921568627452;0.9295196078431373;0.9183235294117646;0.8716962264150944;0.6036862745098039;0.4933764705882353;0.0004460873161785;0.0043292590662256;-0.0477887845303855;0.0005199455487445;20.1;23.0;27.6;83.4;3.3;12.4;10.8;13.85;0.0;0.0;12.0;2016.0;0.0;0.2771425702509206;0.1816545551660525
2016-12-29;2016-12-22;3;31;1;8071.2256;8010.7217;60.50394;41.8;0.8864415094339624;0.8709188679245282;0.9591921568627452;0.9295196078431373;0.9183235294117646;0.8716962264150944;0.6036862745098039;0.4933764705882353;0.0004460873161785;0.0043292590662256;-0.0477887845303855;0.0005199455487445;20.1;23.0;27.6;83.4;3.3;12.4;10.8;13.85;0.0;0.0;12.0;2016.0;18.0;0.2771425702509206;0.1816545551660525
2016-12-29;2016-12-22;3;32;0;5637.941;5604.5146;33.42653;29.4;0.8214029891304347;0.778760597826087;0.8471054347826086;0.8198967391304348;0.8073521739130435;0.7974891304347826;0.5469934782608696;0.4466304347826087;0.0118817039412653;0.151265745828949;-0.0301693228210731;0.0135305491100894;20.1;23.0;27.6;83.4;3.3;12.4;10.8;13.85;0.0;0.0;12.0;2016.0;18.0;0.2820136468080273;0.1863137913081159
2016-12-29;2016-12-22;3;32;1;6583.7676;6330.3643;253.40344;32.4;0.8214029891304347;0.778760597826087;0.8471054347826086;0.8198967391304348;0.8073521739130435;0.7974891304347826;0.5469934782608696;0.4466304347826087;0.0118817039412653;0.151265745828949;-0.0301693228210731;0.0135305491100894;20.1;23.0;27.6;83.4;3.3;12.4;10.8;13.85;0.0;0.0;12.0;2016.0;0.0;0.2820136468080273;0.1863137913081159
2016-12-29;2016-12-22;3;33;0;3668.5874;3644.7795;23.807943;26.0;0.2294285087719298;0.2299469298245614;0.2595387931034483;0.275551724137931;0.2872293103448275;0.2711256578947368;0.2399241379310344;0.1969051724137931;0.082181163127694;0.1106843870145094;0.0218346353698529;0.0617019113928459;20.1;23.0;27.6;83.4;3.3;12.4;10.8;13.85;0.0;0.0;12.0;2016.0;18.0;0.1585803341887049;0.0610537764001763
2016-12-29;2016-12-22;3;33;1;6102.686;5766.915;335.77106;35.2;0.2294285087719298;0.2299469298245614;0.2595387931034483;0.275551724137931;0.2872293103448275;0.2711256578947368;0.2399241379310344;0.1969051724137931;0.082181163127694;0.1106843870145094;0.0218346353698529;0.0617019113928459;20.1;23.0;27.6;83.4;3.3;12.4;10.8;13.85;0.0;0.0;12.0;2016.0;0.0;0.1585803341887049;0.0610537764001763
2016-12-29;2016-12-22;4;34;0;1516.5203;1292.1069;224.41336;14.2;0.8265099526066352;0.77380663507109;0.8401339622641509;0.8131075471698113;0.8023867924528302;0.786750710900474;0.5110018867924528;0.4054905660377358;0.0082945210970925;0.1402295262427204;-0.0328131749251995;0.0094227485500633;20.1;23.0;27.6;83.4;3.3;12.4;10.8;13.85;0.0;0.0;12.0;2016.0;18.0;0.3197843861284948;0.2124818124796916
2016-12-29;2016-12-22;4;34;1;1038.0935;816.14514;221.94838;19.0;0.8265099526066352;0.77380663507109;0.8401339622641509;0.8131075471698113;0.8023867924528302;0.786750710900474;0.5110018867924528;0.4054905660377358;0.0082945210970925;0.1402295262427204;-0.0328131749251995;0.0094227485500633;20.1;23.0;27.6;83.4;3.3;12.4;10.8;13.85;0.0;0.0;12.0;2016.0;0.0;0.3197843861284948;0.2124818124796916
2016-12-29;2016-12-22;4;35;0;1847.1426;1521.7338;325.4088;13.2;0.8955651282051281;0.8455261538461538;0.9227333333333334;0.89124375;0.8741;0.8816164102564102;0.6660041666666667;0.5802083333333333;0.0208959336422869;0.3790437944882028;-0.0227876680909551;0.024307103410418;20.1;23.0;27.6;83.4;3.3;12.4;10.8;13.85;0.0;0.0;12.0;2016.0;18.0;0.2061861917748918;0.13931854280357
2016-12-29;2016-12-22;4;35;1;1221.7865;312.73074;909.0558;17.8;0.8955651282051281;0.8455261538461538;0.9227333333333334;0.89124375;0.8741;0.8816164102564102;0.6660041666666667;0.5802083333333333;0.0208959336422869;0.3790437944882028;-0.0227876680909551;0.024307103410418;20.1;23.0;27.6;83.4;3.3;12.4;10.8;13.85;0.0;0.0;12.0;2016.0;0.0;0.2061861917748918;0.13931854280357
2016-12-29;2016-12-22;4;36;0;1430.0;586.0;844.0;13.8;0.3537307692307692;0.3540279487179487;0.3934939393939394;0.4078909090909091;0.4204040404040404;0.3974589743589743;0.3571979797979798;0.3093636363636363;0.0577934549588695;0.1249963470996265;0.0050129848390363;0.0520553089770752;20.1;23.0;27.6;83.4;3.3;12.4;10.8;13.85;0.0;0.0;12.0;2016.0;18.0;0.1246357100903647;0.0533500610300094
2016-12-29;2016-12-22;4;36;1;2042.7634;75.03128;1967.7322;18.8;0.3537307692307692;0.3540279487179487;0.3934939393939394;0.4078909090909091;0.4204040404040404;0.3974589743589743;0.3571979797979798;0.3093636363636363;0.0577934549588695;0.1249963470996265;0.0050129848390363;0.0520553089770752;20.1;23.0;27.6;83.4;3.3;12.4;10.8;13.85;0.0;0.0;12.0;2016.0;0.0;0.1246357100903647;0.0533500610300094
2017-01-30;2017-02-07;1;25;1;8600.165;8600.165;0.0;52.8;0.1646864864864864;0.1815648648648648;0.24605;0.45929;0.53459;0.5537783783783784;0.381345;0.257945;0.5061765603119704;0.6608815913483963;0.384743010747238;0.4519555786005422;21.1;25.6;31.5;74.8;3.7;24.2;0.0;16.3;2.64;0.0;1.0;2017.0;32.0;0.3644509770919497;0.1843963934228653
2017-01-30;2017-02-07;1;26;0;7168.3965;6853.39;315.0065;36.8;0.1719668292682926;0.1793985365853658;0.2487098039215686;0.4817980392156862;0.5592333333333332;0.5882848780487805;0.3780960784313725;0.2458725490196078;0.5326236488491508;0.7434703306185064;0.4057075647456043;0.483819150045541;21.1;25.6;31.5;74.8;3.7;24.2;0.0;16.3;2.64;0.0;1.0;2017.0;16.0;0.4104888572802938;0.217500974339331
2017-01-30;2017-02-07;1;26;1;7344.07;7026.544;317.52603;52.2;0.1719668292682926;0.1793985365853658;0.2487098039215686;0.4817980392156862;0.5592333333333332;0.5882848780487805;0.3780960784313725;0.2458725490196078;0.5326236488491508;0.7434703306185064;0.4057075647456043;0.483819150045541;21.1;25.6;31.5;74.8;3.7;24.2;0.0;16.3;2.64;0.0;1.0;2017.0;0.0;0.4104888572802938;0.217500974339331
2017-01-30;2017-02-07;1;27;0;4072.827;4011.5361;61.290955;51.0;0.2166219638242894;0.2343173126614987;0.2940947916666666;0.4828041666666667;0.5493385416666667;0.5584434108527132;0.41363125;0.313696875;0.4088574125549547;0.6048561583151086;0.3100724617440676;0.3760859519039037;21.1;25.6;31.5;74.8;3.7;24.2;0.0;16.3;2.64;0.0;1.0;2017.0;0.0;0.2806274859937452;0.1489722617866436
2017-01-30;2017-02-07;1;27;1;2603.5085;0.0;2603.5085;59.6;0.2166219638242894;0.2343173126614987;0.2940947916666666;0.4828041666666667;0.5493385416666667;0.5584434108527132;0.41363125;0.313696875;0.4088574125549547;0.6048561583151086;0.3100724617440676;0.3760859519039037;21.1;25.6;31.5;74.8;3.7;24.2;0.0;16.3;2.64;0.0;1.0;2017.0;16.0;0.2806274859937452;0.1489722617866436
2017-01-30;2017-02-07;2;28;0;2736.3323;0.0;2736.3323;13.6;0.1615090517241379;0.1686068965517241;0.25045;0.5163089285714285;0.598625;0.6229801724137931;0.3988232142857142;0.2498196428571428;0.574002903377218;0.7980961607503427;0.4265139723582901;0.5276918065918634;21.1;25.6;31.5;74.8;3.7;24.2;0.0;16.3;2.64;0.0;1.0;2017.0;16.0;0.4275442352617972;0.219373864919474
2017-01-30;2017-02-07;2;28;1;8260.874;4548.2954;3712.5784;18.6;0.1615090517241379;0.1686068965517241;0.25045;0.5163089285714285;0.598625;0.6229801724137931;0.3988232142857142;0.2498196428571428;0.574002903377218;0.7980961607503427;0.4265139723582901;0.5276918065918634;21.1;25.6;31.5;74.8;3.7;24.2;0.0;16.3;2.64;0.0;1.0;2017.0;0.0;0.4275442352617972;0.219373864919474
2017-01-30;2017-02-07;2;29;0;2020.7478;0.0;2020.7478;7.2;0.177805487804878;0.1918134146341463;0.2714375;0.5034325;0.5727625;0.6020634146341464;0.43666;0.2815125;0.5167678220034747;0.7225750439090985;0.3785066610635713;0.4756055492144519;21.1;25.6;31.5;74.8;3.7;24.2;0.0;16.3;2.64;0.0;1.0;2017.0;16.0;0.3627881988689944;0.1592372062705487
2017-01-30;2017-02-07;2;29;1;3968.2954;1226.1587;2742.1367;28.6;0.177805487804878;0.1918134146341463;0.2714375;0.5034325;0.5727625;0.6020634146341464;0.43666;0.2815125;0.5167678220034747;0.7225750439090985;0.3785066610635713;0.4756055492144519;21.1;25.6;31.5;74.8;3.7;24.2;0.0;16.3;2.64;0.0;1.0;2017.0;0.0;0.3627881988689944;0.1592372062705487
2017-01-30;2017-02-07;2;30;0;6220.0845;0.0;6220.0845;12.0;0.1526880597014925;0.1617220149253731;0.2199522388059701;0.4019029850746268;0.4574761194029851;0.4667470149253731;0.3380134328358209;0.2263537313432835;0.4853461117605743;0.5902558152834123;0.3593928124697749;0.4054497623745287;21.1;25.6;31.5;74.8;3.7;24.2;0.0;16.3;2.64;0.0;1.0;2017.0;16.0;0.3468374329074944;0.1599650957594685
2017-01-30;2017-02-07;2;30;1;8897.851;8631.415;266.43597;11.6;0.1526880597014925;0.1617220149253731;0.2199522388059701;0.4019029850746268;0.4574761194029851;0.4667470149253731;0.3380134328358209;0.2263537313432835;0.4853461117605743;0.5902558152834123;0.3593928124697749;0.4054497623745287;21.1;25.6;31.5;74.8;3.7;24.2;0.0;16.3;2.64;0.0;1.0;2017.0;0.0;0.3468374329074944;0.1599650957594685
2017-01-30;2017-02-07;3;31;0;5878.6743;5674.0337;204.64095;43.6;0.1490910798122065;0.1554206572769953;0.208906;0.434054;0.51456;0.5307267605633803;0.336802;0.217362;0.5469759027406202;0.6975599250818676;0.4351088509360354;0.4746114576167607;21.1;25.6;31.5;74.8;3.7;24.2;0.0;16.3;2.64;0.0;1.0;2017.0;16.0;0.4188871389103447;0.2235369815721659
2017-01-30;2017-02-07;3;31;1;8603.08;8549.29;53.789623;54.2;0.1490910798122065;0.1554206572769953;0.208906;0.434054;0.51456;0.5307267605633803;0.336802;0.217362;0.5469759027406202;0.6975599250818676;0.4351088509360354;0.4746114576167607;21.1;25.6;31.5;74.8;3.7;24.2;0.0;16.3;2.64;0.0;1.0;2017.0;0.0;0.4188871389103447;0.2235369815721659
2017-01-30;2017-02-07;3;32;0;8032.29;7906.027;126.26333;37.6;0.1236797260273972;0.1235093150684931;0.1432791208791209;0.2314934065934066;0.2650186813186813;0.2717934246575342;0.191543956043956;0.1454241758241758;0.3751153095771924;0.3415893167860233;0.3096188971309937;0.2484368186470942;21.1;25.6;31.5;74.8;3.7;24.2;0.0;16.3;2.64;0.0;1.0;2017.0;0.0;0.3028857092496945;0.1731987790237881
2017-01-30;2017-02-07;3;32;1;10060.846;9367.267;693.57965;58.0;0.1236797260273972;0.1235093150684931;0.1432791208791209;0.2314934065934066;0.2650186813186813;0.2717934246575342;0.191543956043956;0.1454241758241758;0.3751153095771924;0.3415893167860233;0.3096188971309937;0.2484368186470942;21.1;25.6;31.5;74.8;3.7;24.2;0.0;16.3;2.64;0.0;1.0;2017.0;16.0;0.3028857092496945;0.1731987790237881
2017-01-30;2017-02-07;3;33;0;5456.6323;5400.81;55.822327;43.2;0.1930085152838428;0.1834015283842794;0.2057211864406779;0.28205;0.3060771186440678;0.3315292576419214;0.2529915254237288;0.2032211864406779;0.2876653198399073;0.3761975745244664;0.2341702507404557;0.2189229028675133;21.1;25.6;31.5;74.8;3.7;24.2;0.0;16.3;2.64;0.0;1.0;2017.0;0.0;0.2399400928434283;0.1343626000880308
2017-01-30;2017-02-07;3;33;1;11739.576;11739.576;0.0;45.8;0.1930085152838428;0.1834015283842794;0.2057211864406779;0.28205;0.3060771186440678;0.3315292576419214;0.2529915254237288;0.2032211864406779;0.2876653198399073;0.3761975745244664;0.2341702507404557;0.2189229028675133;21.1;25.6;31.5;74.8;3.7;24.2;0.0;16.3;2.64;0.0;1.0;2017.0;16.0;0.2399400928434283;0.1343626000880308
2017-01-30;2017-02-07;4;34;0;4201.018;3223.3472;977.6711;25.2;0.1763009174311926;0.1658729357798165;0.2011291666666666;0.3248354166666666;0.3621729166666667;0.3881385321100917;0.2590416666666666;0.1812375;0.401193132656314;0.5236583752658609;0.3173589284320721;0.3163138207242318;21.1;25.6;31.5;74.8;3.7;24.2;0.0;16.3;2.64;0.0;1.0;2017.0;16.0;0.363382054111625;0.1994759198248529
2017-01-30;2017-02-07;4;34;1;6857.318;3092.8625;3764.4556;41.6;0.1763009174311926;0.1658729357798165;0.2011291666666666;0.3248354166666666;0.3621729166666667;0.3881385321100917;0.2590416666666666;0.1812375;0.401193132656314;0.5236583752658609;0.3173589284320721;0.3163138207242318;21.1;25.6;31.5;74.8;3.7;24.2;0.0;16.3;2.64;0.0;1.0;2017.0;0.0;0.363382054111625;0.1994759198248529
2017-01-30;2017-02-07;4;35;0;3553.0215;2007.7792;1545.2424;26.4;0.2686710659898477;0.2386538071065989;0.271156;0.361238;0.385858;0.4313573604060913;0.316668;0.24099;0.2876124498265807;0.5679463234726491;0.2280403041922023;0.2470534794669841;21.1;25.6;31.5;74.8;3.7;24.2;0.0;16.3;2.64;0.0;1.0;2017.0;16.0;0.2831384067472374;0.1533228236323809
2017-01-30;2017-02-07;4;35;1;8340.31;3172.773;5167.536;52.4;0.2686710659898477;0.2386538071065989;0.271156;0.361238;0.385858;0.4313573604060913;0.316668;0.24099;0.2876124498265807;0.5679463234726491;0.2280403041922023;0.2470534794669841;21.1;25.6;31.5;74.8;3.7;24.2;0.0;16.3;2.64;0.0;1.0;2017.0;0.0;0.2831384067472374;0.1533228236323809
2017-01-30;2017-02-07;4;36;0;4054.5037;1019.5331;3034.9707;18.0;0.4624643589743589;0.4224989743589744;0.4599797872340426;0.5306265957446809;0.548813829787234;0.5856497435897436;0.4744563829787234;0.4028840425531915;0.1618320455366272;0.6254237637990464;0.1201859288123715;0.1622692450244654;21.1;25.6;31.5;74.8;3.7;24.2;0.0;16.3;2.64;0.0;1.0;2017.0;0.0;0.1848856393160501;0.1048888953891342
2017-01-30;2017-02-07;4;36;1;4597.4067;1880.919;2716.4878;43.6;0.4624643589743589;0.4224989743589744;0.4599797872340426;0.5306265957446809;0.548813829787234;0.5856497435897436;0.4744563829787234;0.4028840425531915;0.1618320455366272;0.6254237637990464;0.1201859288123715;0.1622692450244654;21.1;25.6;31.5;74.8;3.7;24.2;0.0;16.3;2.64;0.0;1.0;2017.0;16.0;0.1848856393160501;0.1048888953891342
2017-04-18;2017-04-11;1;25;0;7621.0596;7477.2314;143.82837;33.4;0.1230688311688311;0.1467948051948052;0.190075;0.308505;0.347985;0.3661558441558442;0.270835;0.18494;0.4276455039850926;0.4142300027614025;0.3165607337418887;0.3248347376572493;12.2;16.6;23.0;83.7;4.0;13.2;0.0;7.6;0.21;0.0;4.0;2017.0;0.0;0.3288281813001627;0.1496424085689421
2017-04-18;2017-04-11;1;25;1;12173.006;12130.694;42.311455;41.2;0.1230688311688311;0.1467948051948052;0.190075;0.308505;0.347985;0.3661558441558442;0.270835;0.18494;0.4276455039850926;0.4142300027614025;0.3165607337418887;0.3248347376572493;12.2;16.6;23.0;83.7;4.0;13.2;0.0;7.6;0.21;0.0;4.0;2017.0;39.0;0.3288281813001627;0.1496424085689421
2017-04-18;2017-04-11;1;26;0;6472.451;6472.451;0.0;28.2;0.1240860576923077;0.1461274038461538;0.1986764705882353;0.3227196078431372;0.3632941176470588;0.3848192307692307;0.2776549019607843;0.1893333333333333;0.4495589789282386;0.4483525665003161;0.319013078841791;0.34729027513455;12.2;16.6;23.0;83.7;4.0;13.2;0.0;7.6;0.21;0.0;4.0;2017.0;39.0;0.340477269733096;0.161763793503648
2017-04-18;2017-04-11;1;26;1;9773.946;9495.334;278.61176;37.8;0.1240860576923077;0.1461274038461538;0.1986764705882353;0.3227196078431372;0.3632941176470588;0.3848192307692307;0.2776549019607843;0.1893333333333333;0.4495589789282386;0.4483525665003161;0.319013078841791;0.34729027513455;12.2;16.6;23.0;83.7;4.0;13.2;0.0;7.6;0.21;0.0;4.0;2017.0;0.0;0.340477269733096;0.161763793503648
2017-04-18;2017-04-11;1;27;0;7965.9844;7965.9844;0.0;38.8;0.121545618556701;0.1439453608247422;0.1884020618556701;0.3069463917525773;0.3466628865979381;0.3670659793814433;0.2633030927835051;0.1805082474226804;0.436625571688243;0.4228504988925494;0.3216457190369782;0.3310357802384261;12.2;16.6;23.0;83.7;4.0;13.2;0.0;7.6;0.21;0.0;4.0;2017.0;39.0;0.3406985260201036;0.1646065633289613
2017-04-18;2017-04-11;1;27;1;11990.243;11815.83;174.41246;45.0;0.121545618556701;0.1439453608247422;0.1884020618556701;0.3069463917525773;0.3466628865979381;0.3670659793814433;0.2633030927835051;0.1805082474226804;0.436625571688243;0.4228504988925494;0.3216457190369782;0.3310357802384261;12.2;16.6;23.0;83.7;4.0;13.2;0.0;7.6;0.21;0.0;4.0;2017.0;0.0;0.3406985260201036;0.1646065633289613
2017-04-18;2017-04-11;2;28;0;1874.3677;0.0;1874.3677;9.0;0.1276561403508772;0.1495447368421052;0.2092633333333333;0.3713633333333333;0.4221783333333334;0.4516728070175438;0.3212183333333333;0.2127433333333333;0.5025270357811926;0.542802173314178;0.3667668612515581;0.4115373095807831;12.2;16.6;23.0;83.7;4.0;13.2;0.0;7.6;0.21;0.0;4.0;2017.0;0.0;0.3596081720080313;0.168787642752622
2017-04-18;2017-04-11;2;28;1;3405.0654;386.13205;3018.9333;15.6;0.1276561403508772;0.1495447368421052;0.2092633333333333;0.3713633333333333;0.4221783333333334;0.4516728070175438;0.3212183333333333;0.2127433333333333;0.5025270357811926;0.542802173314178;0.3667668612515581;0.4115373095807831;12.2;16.6;23.0;83.7;4.0;13.2;0.0;7.6;0.21;0.0;4.0;2017.0;39.0;0.3596081720080313;0.168787642752622
2017-04-18;2017-04-11;2;29;0;1547.2701;0.0;1547.2701;10.6;0.1315878048780488;0.1581487804878048;0.219955;0.3573575;0.3986699999999999;0.4242707317073171;0.3273475;0.22004;0.4569248551040236;0.4799296930051051;0.3171492873559128;0.368787630241194;12.2;16.6;23.0;83.7;4.0;13.2;0.0;7.6;0.21;0.0;4.0;2017.0;0.0;0.3169755238534353;0.1289527417225549
2017-04-18;2017-04-11;2;29;1;2789.1167;867.2989;1921.8179;13.6;0.1315878048780488;0.1581487804878048;0.219955;0.3573575;0.3986699999999999;0.4242707317073171;0.3273475;0.22004;0.4569248551040236;0.4799296930051051;0.3171492873559128;0.368787630241194;12.2;16.6;23.0;83.7;4.0;13.2;0.0;7.6;0.21;0.0;4.0;2017.0;39.0;0.3169755238534353;0.1289527417225549
2017-04-18;2017-04-11;2;30;0;2002.2103;894.86414;1107.3462;9.8;0.1298418867924528;0.1535762264150943;0.2176641791044776;0.3703820895522388;0.4166358208955223;0.4418762264150943;0.3298716417910448;0.2201597014925373;0.4841696404636652;0.5187045120662729;0.339951950531351;0.3947683889727308;12.2;16.6;23.0;83.7;4.0;13.2;0.0;7.6;0.21;0.0;4.0;2017.0;0.0;0.3349010462669199;0.1451310580026537
2017-04-18;2017-04-11;2;30;1;5080.264;1196.7456;3883.5183;22.0;0.1298418867924528;0.1535762264150943;0.2176641791044776;0.3703820895522388;0.4166358208955223;0.4418762264150943;0.3298716417910448;0.2201597014925373;0.4841696404636652;0.5187045120662729;0.339951950531351;0.3947683889727308;12.2;16.6;23.0;83.7;4.0;13.2;0.0;7.6;0.21;0.0;4.0;2017.0;39.0;0.3349010462669199;0.1451310580026537
2017-04-18;2017-04-11;3;31;0;10875.848;10875.848;0.0;32.8;0.1255806603773585;0.1479971698113207;0.2018725490196078;0.3429450980392157;0.3885941176470588;0.4096358490566037;0.2731215686274509;0.1860941176470588;0.4691950985550447;0.4824561937597318;0.339755432125893;0.3710720182393756;12.2;16.6;23.0;83.7;4.0;13.2;0.0;7.6;0.21;0.0;4.0;2017.0;39.0;0.375240031396209;0.1999455105038853
2017-04-18;2017-04-11;3;31;1;10283.676;10283.676;0.0;35.6;0.1255806603773585;0.1479971698113207;0.2018725490196078;0.3429450980392157;0.3885941176470588;0.4096358490566037;0.2731215686274509;0.1860941176470588;0.4691950985550447;0.4824561937597318;0.339755432125893;0.3710720182393756;12.2;16.6;23.0;83.7;4.0;13.2;0.0;7.6;0.21;0.0;4.0;2017.0;0.0;0.375240031396209;0.1999455105038853
2017-04-18;2017-04-11;3;32;0;6561.011;6542.023;18.98807;37.0;0.1257097826086956;0.148564402173913;0.2018923913043478;0.3400597826086956;0.3847282608695652;0.4057711956521739;0.2732739130434782;0.1848195652173913;0.4639911174511201;0.4747845584325684;0.3355126236359685;0.3659273110126276;12.2;16.6;23.0;83.7;4.0;13.2;0.0;7.6;0.21;0.0;4.0;2017.0;0.0;0.3741196867175185;0.1951229467850874
2017-04-18;2017-04-11;3;32;1;8650.715;8539.709;111.00589;39.4;0.1257097826086956;0.148564402173913;0.2018923913043478;0.3400597826086956;0.3847282608695652;0.4057711956521739;0.2732739130434782;0.1848195652173913;0.4639911174511201;0.4747845584325684;0.3355126236359685;0.3659273110126276;12.2;16.6;23.0;83.7;4.0;13.2;0.0;7.6;0.21;0.0;4.0;2017.0;39.0;0.3741196867175185;0.1951229467850874
2017-04-18;2017-04-11;3;33;0;10773.78;10773.78;0.0;29.8;0.1253701754385965;0.1485600877192982;0.2015060344827586;0.33;0.370476724137931;0.3910938596491228;0.2719370689655173;0.1851051724137931;0.4494246231543769;0.4517540878501363;0.3199255130548031;0.3499247598834126;12.2;16.6;23.0;83.7;4.0;13.2;0.0;7.6;0.21;0.0;4.0;2017.0;0.0;0.3574957189668405;0.1797152825624226
2017-04-18;2017-04-11;3;33;1;17385.064;17385.064;0.0;38.2;0.1253701754385965;0.1485600877192982;0.2015060344827586;0.33;0.370476724137931;0.3910938596491228;0.2719370689655173;0.1851051724137931;0.4494246231543769;0.4517540878501363;0.3199255130548031;0.3499247598834126;12.2;16.6;23.0;83.7;4.0;13.2;0.0;7.6;0.21;0.0;4.0;2017.0;39.0;0.3574957189668405;0.1797152825624226
2017-04-18;2017-04-11;4;34;0;2781.0076;153.359;2627.6487;9.8;0.132391943127962;0.1563104265402843;0.2169679245283018;0.3703716981132075;0.4136075471698113;0.4363810426540284;0.3250320754716981;0.2174849056603773;0.4725403193240891;0.506895314767984;0.3358283691362979;0.384468933833974;12.2;16.6;23.0;83.7;4.0;13.2;0.0;7.6;0.21;0.0;4.0;2017.0;0.0;0.3347721923093582;0.1462398854598457
2017-04-18;2017-04-11;4;34;1;3749.2224;70.83666;3678.3857;19.0;0.132391943127962;0.1563104265402843;0.2169679245283018;0.3703716981132075;0.4136075471698113;0.4363810426540284;0.3250320754716981;0.2174849056603773;0.4725403193240891;0.506895314767984;0.3358283691362979;0.384468933833974;12.2;16.6;23.0;83.7;4.0;13.2;0.0;7.6;0.21;0.0;4.0;2017.0;39.0;0.3347721923093582;0.1462398854598457
2017-04-18;2017-04-11;4;35;0;2775.4224;1081.3998;1694.0226;16.8;0.131965641025641;0.1550933333333333;0.21295625;0.3656541666666666;0.4102770833333333;0.4339353846153846;0.32198125;0.2151875;0.4733929650376195;0.5070766088157183;0.3416014720097127;0.3840698321628399;12.2;16.6;23.0;83.7;4.0;13.2;0.0;7.6;0.21;0.0;4.0;2017.0;0.0;0.3369899441228237;0.1481038113049961
2017-04-18;2017-04-11;4;35;1;4281.935;2463.5918;1818.3434;23.0;0.131965641025641;0.1550933333333333;0.21295625;0.3656541666666666;0.4102770833333333;0.4339353846153846;0.32198125;0.2151875;0.4733929650376195;0.5070766088157183;0.3416014720097127;0.3840698321628399;12.2;16.6;23.0;83.7;4.0;13.2;0.0;7.6;0.21;0.0;4.0;2017.0;39.0;0.3369899441228237;0.1481038113049961
2017-04-18;2017-04-11;4;36;0;3606.023;2251.9556;1354.0673;29.4;0.1302661538461538;0.1553523076923076;0.2085888888888888;0.3430767676767676;0.3847797979797979;0.4087117948717949;0.3081363636363636;0.2093484848484848;0.4491678978112144;0.4644266192386257;0.3241903196408737;0.3571582105377303;12.2;16.6;23.0;83.7;4.0;13.2;0.0;7.6;0.21;0.0;4.0;2017.0;0.0;0.3225628900040906;0.1403022802551937
2017-04-18;2017-04-11;4;36;1;4801.4023;0.0;4801.4023;15.8;0.1302661538461538;0.1553523076923076;0.2085888888888888;0.3430767676767676;0.3847797979797979;0.4087117948717949;0.3081363636363636;0.2093484848484848;0.4491678978112144;0.4644266192386257;0.3241903196408737;0.3571582105377303;12.2;16.6;23.0;83.7;4.0;13.2;0.0;7.6;0.21;0.0;4.0;2017.0;39.0;0.3225628900040906;0.1403022802551937
2017-05-19;2017-05-21;1;25;0;4788.579;4755.659;32.9199;24.6;0.1256506493506493;0.1539051948051948;0.19602;0.292725;0.325355;0.3369506493506493;0.27659;0.19242;0.3729108183691881;0.347202549313379;0.2644247849714684;0.2771020461125695;16.1;18.1;21.2;83.6;4.7;8.5;0.4;11.65;0.08;0.0;5.0;2017.0;0.0;0.2730235413087925;0.0983808479756524
2017-05-19;2017-05-21;1;25;1;8045.506;8045.506;0.0;30.2;0.1256506493506493;0.1539051948051948;0.19602;0.292725;0.325355;0.3369506493506493;0.27659;0.19242;0.3729108183691881;0.347202549313379;0.2644247849714684;0.2771020461125695;16.1;18.1;21.2;83.6;4.7;8.5;0.4;11.65;0.08;0.0;5.0;2017.0;15.5;0.2730235413087925;0.0983808479756524
2017-05-19;2017-05-21;1;26;0;4955.5947;4920.8076;34.7872;22.8;0.1268990384615384;0.1531173076923077;0.2038156862745098;0.3164215686274509;0.3501254901960784;0.3644432692307692;0.2777313725490196;0.1925176470588235;0.4083115503016184;0.3968102650433084;0.2826661707661679;0.3115184977647334;16.1;18.1;21.2;83.6;4.7;8.5;0.4;11.65;0.08;0.0;5.0;2017.0;15.5;0.3086852544650596;0.1350285281297114
2017-05-19;2017-05-21;1;26;1;5425.669;5425.669;0.0;30.0;0.1268990384615384;0.1531173076923077;0.2038156862745098;0.3164215686274509;0.3501254901960784;0.3644432692307692;0.2777313725490196;0.1925176470588235;0.4083115503016184;0.3968102650433084;0.2826661707661679;0.3115184977647334;16.1;18.1;21.2;83.6;4.7;8.5;0.4;11.65;0.08;0.0;5.0;2017.0;0.0;0.3086852544650596;0.1350285281297114
2017-05-19;2017-05-21;1;27;0;6597.32;6597.32;0.0;29.0;0.1259865979381443;0.1553306701030928;0.1980587628865979;0.2952835051546392;0.3284216494845361;0.3403809278350515;0.2710422680412371;0.188421649484536;0.3733022557907745;0.3485029606454901;0.2643233168002619;0.2787708681637568;16.1;18.1;21.2;83.6;4.7;8.5;0.4;11.65;0.08;0.0;5.0;2017.0;0.0;0.2873648595299437;0.1134053471661941
2017-05-19;2017-05-21;1;27;1;9153.427;9153.427;0.0;33.2;0.1259865979381443;0.1553306701030928;0.1980587628865979;0.2952835051546392;0.3284216494845361;0.3403809278350515;0.2710422680412371;0.188421649484536;0.3733022557907745;0.3485029606454901;0.2643233168002619;0.2787708681637568;16.1;18.1;21.2;83.6;4.7;8.5;0.4;11.65;0.08;0.0;5.0;2017.0;15.5;0.2873648595299437;0.1134053471661941
2017-05-19;2017-05-21;2;28;0;747.6;0.0;747.6;7.4;0.1314157894736842;0.1589938596491228;0.2188716666666666;0.3401216666666666;0.3761616666666666;0.3938859649122807;0.3114816666666666;0.215255;0.4248520109220779;0.4310798915349759;0.2856174925061954;0.3346423301837983;16.1;18.1;21.2;83.6;4.7;8.5;0.4;11.65;0.08;0.0;5.0;2017.0;15.5;0.2932506188251588;0.1168246096877938
2017-05-19;2017-05-21;2;28;1;2188.506;0.0;2188.506;14.6;0.1314157894736842;0.1589938596491228;0.2188716666666666;0.3401216666666666;0.3761616666666666;0.3938859649122807;0.3114816666666666;0.215255;0.4248520109220779;0.4310798915349759;0.2856174925061954;0.3346423301837983;16.1;18.1;21.2;83.6;4.7;8.5;0.4;11.65;0.08;0.0;5.0;2017.0;0.0;0.2932506188251588;0.1168246096877938
2017-05-19;2017-05-21;2;29;0;788.0;0.0;788.0;6.6;0.1306737804878048;0.1540548780487804;0.2241925;0.370295;0.4098475;0.423290243902439;0.3186075;0.2155925;0.4663334903458428;0.4921797826252219;0.3074950580187794;0.3748594953946184;16.1;18.1;21.2;83.6;4.7;8.5;0.4;11.65;0.08;0.0;5.0;2017.0;0.0;0.3250952477347793;0.1411013104741359
2017-05-19;2017-05-21;2;29;1;1500.4791;24.598019;1475.8811;11.8;0.1306737804878048;0.1540548780487804;0.2241925;0.370295;0.4098475;0.423290243902439;0.3186075;0.2155925;0.4663334903458428;0.4921797826252219;0.3074950580187794;0.3748594953946184;16.1;18.1;21.2;83.6;4.7;8.5;0.4;11.65;0.08;0.0;5.0;2017.0;15.5;0.3250952477347793;0.1411013104741359
2017-05-19;2017-05-21;2;30;0;977.6;102.0;875.6;8.2;0.1253837735849056;0.1430479245283019;0.2180253731343283;0.4052686567164179;0.4540522388059701;0.4688098113207548;0.3137059701492537;0.2076791044776119;0.5324144285605915;0.5872889054944541;0.3651304473945844;0.4394832310228369;16.1;18.1;21.2;83.6;4.7;8.5;0.4;11.65;0.08;0.0;5.0;2017.0;15.5;0.3860088476615559;0.1982117739275852
2017-05-19;2017-05-21;2;30;1;3419.4185;1125.0034;2294.415;15.8;0.1253837735849056;0.1430479245283019;0.2180253731343283;0.4052686567164179;0.4540522388059701;0.4688098113207548;0.3137059701492537;0.2076791044776119;0.5324144285605915;0.5872889054944541;0.3651304473945844;0.4394832310228369;16.1;18.1;21.2;83.6;4.7;8.5;0.4;11.65;0.08;0.0;5.0;2017.0;0.0;0.3860088476615559;0.1982117739275852
2017-05-19;2017-05-21;3;31;0;9332.603;9279.902;52.70068;31.2;0.1350047169811321;0.170363679245283;0.2239058823529411;0.3309156862745098;0.3659882352941176;0.37765;0.2850745098039215;0.1990078431372549;0.3782502674754194;0.3735435992831177;0.25557744867476;0.2966845636556847;16.1;18.1;21.2;83.6;4.7;8.5;0.4;11.65;0.08;0.0;5.0;2017.0;0.0;0.3097888270986805;0.139689250701575
2017-05-19;2017-05-21;3;31;1;8056.744;7966.027;90.71754;33.6;0.1350047169811321;0.170363679245283;0.2239058823529411;0.3309156862745098;0.3659882352941176;0.37765;0.2850745098039215;0.1990078431372549;0.3782502674754194;0.3735435992831177;0.25557744867476;0.2966845636556847;16.1;18.1;21.2;83.6;4.7;8.5;0.4;11.65;0.08;0.0;5.0;2017.0;15.5;0.3097888270986805;0.139689250701575
2017-05-19;2017-05-21;3;32;0;9960.888;9916.283;44.604492;28.0;0.1353089673913043;0.1731888586956521;0.2250326086956521;0.3292565217391304;0.3640217391304348;0.3759570652173913;0.2856717391304348;0.1981086956521739;0.369242850929086;0.3620154998894335;0.2511265385627512;0.2899046766041839;16.1;18.1;21.2;83.6;4.7;8.5;0.4;11.65;0.08;0.0;5.0;2017.0;15.5;0.309804871999023;0.1364591829945366
2017-05-19;2017-05-21;3;32;1;7945.609;7945.609;0.0;28.4;0.1353089673913043;0.1731888586956521;0.2250326086956521;0.3292565217391304;0.3640217391304348;0.3759570652173913;0.2856717391304348;0.1981086956521739;0.369242850929086;0.3620154998894335;0.2511265385627512;0.2899046766041839;16.1;18.1;21.2;83.6;4.7;8.5;0.4;11.65;0.08;0.0;5.0;2017.0;0.0;0.309804871999023;0.1364591829945366
2017-05-19;2017-05-21;3;33;0;7939.092;7676.256;262.83615;29.4;0.1341561403508772;0.1707767543859649;0.2205206896551724;0.3170448275862069;0.3494344827586207;0.3612179824561403;0.2822163793103448;0.1975491379310344;0.3579757747240608;0.3450753767087035;0.2418565234632471;0.2768055222639854;16.1;18.1;21.2;83.6;4.7;8.5;0.4;11.65;0.08;0.0;5.0;2017.0;15.5;0.2929106573266126;0.1227811379686102
2017-05-19;2017-05-21;3;33;1;10924.709;10715.611;209.0971;31.4;0.1341561403508772;0.1707767543859649;0.2205206896551724;0.3170448275862069;0.3494344827586207;0.3612179824561403;0.2822163793103448;0.1975491379310344;0.3579757747240608;0.3450753767087035;0.2418565234632471;0.2768055222639854;16.1;18.1;21.2;83.6;4.7;8.5;0.4;11.65;0.08;0.0;5.0;2017.0;0.0;0.2929106573266126;0.1227811379686102
2017-05-19;2017-05-21;4;34;0;2238.9548;0.0;2238.9548;9.2;0.1292563981042654;0.1490407582938388;0.2217490566037736;0.3898754716981132;0.4321698113207547;0.4460530805687203;0.3136037735849056;0.2103641509433962;0.4991016590636866;0.5416474866168915;0.3358839564585113;0.4068313304319826;16.1;18.1;21.2;83.6;4.7;8.5;0.4;11.65;0.08;0.0;5.0;2017.0;31.0;0.3590535383758791;0.1743541261552671
2017-05-19;2017-05-21;4;35;0;3330.991;2412.621;918.3698;10.8;0.1309666666666666;0.1542661538461538;0.2199895833333333;0.37055625;0.4096958333333333;0.4226420512820513;0.3149833333333333;0.2132708333333333;0.4651968806307008;0.491175079875443;0.3153477934057908;0.3738144479138046;16.1;18.1;21.2;83.6;4.7;8.5;0.4;11.65;0.08;0.0;5.0;2017.0;31.0;0.3292451262020751;0.1459531087109397
2017-05-19;2017-05-21;4;36;0;1645.7688;0.0;1645.7688;11.6;0.1311692307692307;0.158531282051282;0.2145070707070707;0.3353242424242424;0.3710242424242424;0.3851171794871794;0.3032686868686869;0.2101454545454545;0.4167875262530603;0.4188168698905321;0.2845283670979601;0.3256641088253265;16.1;18.1;21.2;83.6;4.7;8.5;0.4;11.65;0.08;0.0;5.0;2017.0;31.0;0.2939403801585376;0.118899147438597
2017-06-26;2017-07-02;1;25;0;3798.9534;3763.2375;35.715637;18.2;0.1379363636363636;0.1703220779220779;0.208315;0.292165;0.323285;0.3550610389610389;0.31155;0.216465;0.3516271366597041;0.344027899710023;0.2604761807613678;0.270248687535226;13.8;17.8;23.7;76.1;5.0;11.1;0.0;11.75;0.29;0.0;6.0;2017.0;0.0;0.2425017051068902;0.0652720048393648
2017-06-26;2017-07-02;1;25;1;4410.978;4358.7256;52.252453;26.6;0.1379363636363636;0.1703220779220779;0.208315;0.292165;0.323285;0.3550610389610389;0.31155;0.216465;0.3516271366597041;0.344027899710023;0.2604761807613678;0.270248687535226;13.8;17.8;23.7;76.1;5.0;11.1;0.0;11.75;0.29;0.0;6.0;2017.0;19.0;0.2425017051068902;0.0652720048393648
2017-06-26;2017-07-02;1;26;0;1821.304;1756.3417;64.962204;19.0;0.1372341346153846;0.1631798076923077;0.2063686274509803;0.3112960784313725;0.3449117647058823;0.3805408653846154;0.2963843137254902;0.2053470588235294;0.399766035126563;0.40846171873546;0.2967616643788447;0.3123839499866187;13.8;17.8;23.7;76.1;5.0;11.1;0.0;11.75;0.29;0.0;6.0;2017.0;0.0;0.299022729983501;0.1243217925055741
2017-06-26;2017-07-02;1;26;1;5102.631;5051.336;51.295;26.2;0.1372341346153846;0.1631798076923077;0.2063686274509803;0.3112960784313725;0.3449117647058823;0.3805408653846154;0.2963843137254902;0.2053470588235294;0.399766035126563;0.40846171873546;0.2967616643788447;0.3123839499866187;13.8;17.8;23.7;76.1;5.0;11.1;0.0;11.75;0.29;0.0;6.0;2017.0;19.0;0.299022729983501;0.1243217925055741
2017-06-26;2017-07-02;1;27;0;3828.7275;3781.4453;47.28214;25.2;0.1389051546391752;0.1718631443298969;0.2087773195876288;0.298459793814433;0.3305422680412371;0.3621641752577319;0.3033371134020619;0.2089948453608247;0.3563507407725578;0.3520040213339699;0.2686559955002881;0.2760580315282104;13.8;17.8;23.7;76.1;5.0;11.1;0.0;11.75;0.29;0.0;6.0;2017.0;19.0;0.26817282817494;0.088395113365051
2017-06-26;2017-07-02;1;27;1;5178.54;5138.827;39.71273;26.6;0.1389051546391752;0.1718631443298969;0.2087773195876288;0.298459793814433;0.3305422680412371;0.3621641752577319;0.3033371134020619;0.2089948453608247;0.3563507407725578;0.3520040213339699;0.2686559955002881;0.2760580315282104;13.8;17.8;23.7;76.1;5.0;11.1;0.0;11.75;0.29;0.0;6.0;2017.0;0.0;0.26817282817494;0.088395113365051
2017-06-26;2017-07-02;2;28;0;1432.2548;41.627106;1390.6276;15.6;0.1292412280701754;0.1387052631578947;0.1998166666666666;0.39964;0.4542733333333333;0.4964574561403508;0.29964;0.1994833333333333;0.5632449482830412;0.6579327324831435;0.4260402329441482;0.4727324817409669;13.8;17.8;23.7;76.1;5.0;11.1;0.0;11.75;0.29;0.0;6.0;2017.0;0.0;0.4267232605112983;0.24722784204658
2017-06-26;2017-07-02;2;28;1;1045.6;179.6;866.0;13.2;0.1292412280701754;0.1387052631578947;0.1998166666666666;0.39964;0.4542733333333333;0.4964574561403508;0.29964;0.1994833333333333;0.5632449482830412;0.6579327324831435;0.4260402329441482;0.4727324817409669;13.8;17.8;23.7;76.1;5.0;11.1;0.0;11.75;0.29;0.0;6.0;2017.0;19.0;0.4267232605112983;0.24722784204658
2017-06-26;2017-07-02;2;29;0;826.1669;0.0;826.1669;9.4;0.1312445121951219;0.1404939024390244;0.2098975;0.4171574999999999;0.47191;0.5097664634146342;0.3073275;0.2045725;0.5678841589719691;0.6746448964750656;0.4166791428485975;0.4815508365815375;13.8;17.8;23.7;76.1;5.0;11.1;0.0;11.75;0.29;0.0;6.0;2017.0;0.0;0.4272396985819825;0.2477548145976285
2017-06-26;2017-07-02;2;29;1;1184.873;21.610023;1163.2631;9.4;0.1312445121951219;0.1404939024390244;0.2098975;0.4171574999999999;0.47191;0.5097664634146342;0.3073275;0.2045725;0.5678841589719691;0.6746448964750656;0.4166791428485975;0.4815508365815375;13.8;17.8;23.7;76.1;5.0;11.1;0.0;11.75;0.29;0.0;6.0;2017.0;19.0;0.4272396985819825;0.2477548145976285
2017-06-26;2017-07-02;2;30;0;704.8;0.0;704.8;5.4;0.1319766037735849;0.1441694339622641;0.2119119402985074;0.4065462686567164;0.4576985074626866;0.4971750943396227;0.3146059701492537;0.2102223880597015;0.5504150184488602;0.6430597950435731;0.4022963897326005;0.4639339633527224;13.8;17.8;23.7;76.1;5.0;11.1;0.0;11.75;0.29;0.0;6.0;2017.0;19.0;0.4056456425412284;0.2248994614149079
2017-06-26;2017-07-02;2;30;1;1335.2;55.2;1280.0;9.6;0.1319766037735849;0.1441694339622641;0.2119119402985074;0.4065462686567164;0.4576985074626866;0.4971750943396227;0.3146059701492537;0.2102223880597015;0.5504150184488602;0.6430597950435731;0.4022963897326005;0.4639339633527224;13.8;17.8;23.7;76.1;5.0;11.1;0.0;11.75;0.29;0.0;6.0;2017.0;0.0;0.4056456425412284;0.2248994614149079
2017-06-26;2017-07-02;3;31;0;6250.839;6250.839;0.0;23.6;0.1539646226415094;0.1967311320754717;0.2413941176470588;0.3426019607843137;0.3775980392156863;0.4137580188679245;0.3231235294117647;0.225378431372549;0.3554967135076497;0.3769371920724209;0.2630898864769613;0.293150392250228;13.8;17.8;23.7;76.1;5.0;11.1;0.0;11.75;0.29;0.0;6.0;2017.0;0.0;0.2947407981887093;0.1229973659508146
2017-06-26;2017-07-02;3;31;1;7054.042;6550.6123;503.42947;28.2;0.1539646226415094;0.1967311320754717;0.2413941176470588;0.3426019607843137;0.3775980392156863;0.4137580188679245;0.3231235294117647;0.225378431372549;0.3554967135076497;0.3769371920724209;0.2630898864769613;0.293150392250228;13.8;17.8;23.7;76.1;5.0;11.1;0.0;11.75;0.29;0.0;6.0;2017.0;19.0;0.2947407981887093;0.1229973659508146
2017-06-26;2017-07-02;3;32;0;5018.8877;4951.1724;67.71515;27.0;0.1564896739130434;0.20354375;0.2444510869565217;0.3357880434782608;0.3685510869565217;0.404283152173913;0.3267532608695652;0.2281369565217391;0.3302575148549068;0.345655902148892;0.246375257503952;0.2718015807975023;13.8;17.8;23.7;76.1;5.0;11.1;0.0;11.75;0.29;0.0;6.0;2017.0;0.0;0.2785271898065831;0.1060547599558994
2017-06-26;2017-07-02;3;32;1;5915.905;5863.2163;52.688267;29.2;0.1564896739130434;0.20354375;0.2444510869565217;0.3357880434782608;0.3685510869565217;0.404283152173913;0.3267532608695652;0.2281369565217391;0.3302575148549068;0.345655902148892;0.246375257503952;0.2718015807975023;13.8;17.8;23.7;76.1;5.0;11.1;0.0;11.75;0.29;0.0;6.0;2017.0;19.0;0.2785271898065831;0.1060547599558994
2017-06-26;2017-07-02;3;33;0;4465.8345;4146.5264;319.3083;27.6;0.1523828947368421;0.195928947368421;0.2348077586206896;0.3183508620689655;0.3491112068965517;0.3824026315789474;0.315678448275862;0.2229362068965517;0.3224338614708372;0.3294344522605963;0.2391321910678108;0.2593919456470278;13.8;17.8;23.7;76.1;5.0;11.1;0.0;11.75;0.29;0.0;6.0;2017.0;0.0;0.2634333278267755;0.0955822829591126
2017-06-26;2017-07-02;3;33;1;5090.9697;5024.3564;66.61347;28.4;0.1523828947368421;0.195928947368421;0.2348077586206896;0.3183508620689655;0.3491112068965517;0.3824026315789474;0.315678448275862;0.2229362068965517;0.3224338614708372;0.3294344522605963;0.2391321910678108;0.2593919456470278;13.8;17.8;23.7;76.1;5.0;11.1;0.0;11.75;0.29;0.0;6.0;2017.0;19.0;0.2634333278267755;0.0955822829591126
2017-06-26;2017-07-02;4;34;0;806.5864;0.0;806.5864;6.4;0.1331464454976303;0.1460502369668246;0.2103452830188679;0.3882830188679245;0.4328735849056604;0.4716729857819905;0.3120566037735849;0.2103962264150943;0.527133733723289;0.603283911978276;0.3831681858355428;0.436990225560084;13.8;17.8;23.7;76.1;5.0;11.1;0.0;11.75;0.29;0.0;6.0;2017.0;19.0;0.3830648777200632;0.2036625695080854
2017-06-26;2017-07-02;4;34;1;2191.4814;0.0;2191.4814;16.0;0.1331464454976303;0.1460502369668246;0.2103452830188679;0.3882830188679245;0.4328735849056604;0.4716729857819905;0.3120566037735849;0.2103962264150943;0.527133733723289;0.603283911978276;0.3831681858355428;0.436990225560084;13.8;17.8;23.7;76.1;5.0;11.1;0.0;11.75;0.29;0.0;6.0;2017.0;0.0;0.3830648777200632;0.2036625695080854
2017-06-26;2017-07-02;4;35;0;1468.0276;656.52344;811.5041;12.8;0.1357164102564102;0.1518220512820512;0.2132708333333333;0.3867375;0.4321645833333333;0.4691323076923077;0.32;0.2166520833333333;0.511004153243023;0.5823524949520447;0.3749418180790003;0.4246072828967625;13.8;17.8;23.7;76.1;5.0;11.1;0.0;11.75;0.29;0.0;6.0;2017.0;0.0;0.3681626873737554;0.1889826411092222
2017-06-26;2017-07-02;4;35;1;1894.4485;246.59743;1647.8511;17.6;0.1357164102564102;0.1518220512820512;0.2132708333333333;0.3867375;0.4321645833333333;0.4691323076923077;0.32;0.2166520833333333;0.511004153243023;0.5823524949520447;0.3749418180790003;0.4246072828967625;13.8;17.8;23.7;76.1;5.0;11.1;0.0;11.75;0.29;0.0;6.0;2017.0;19.0;0.3681626873737554;0.1889826411092222
2017-06-26;2017-07-02;4;36;0;927.6;0.0;927.6;7.6;0.1371133333333333;0.1583941025641025;0.2105060606060606;0.3486717171717172;0.3881363636363636;0.4236346153846154;0.3092989898989899;0.214459595959596;0.4557172260422431;0.4927742437546114;0.3360903390175976;0.3676988998822724;13.8;17.8;23.7;76.1;5.0;11.1;0.0;11.75;0.29;0.0;6.0;2017.0;19.0;0.3278121250847436;0.1559972481291588
2017-06-26;2017-07-02;4;36;1;2697.4753;0.0;2697.4753;15.8;0.1371133333333333;0.1583941025641025;0.2105060606060606;0.3486717171717172;0.3881363636363636;0.4236346153846154;0.3092989898989899;0.214459595959596;0.4557172260422431;0.4927742437546114;0.3360903390175976;0.3676988998822724;13.8;17.8;23.7;76.1;5.0;11.1;0.0;11.75;0.29;0.0;6.0;2017.0;0.0;0.3278121250847436;0.1559972481291588
2017-07-26;2017-07-27;1;25;0;2909.9148;2903.8745;6.040301;24.2;0.1459363636363636;0.1925857142857142;0.236085;0.310235;0.338575;0.3583610389610389;0.361375;0.2452949999999999;0.3008917353599117;0.291991089773415;0.2056974577116379;0.2366085496194526;16.5;18.5;22.3;84.0;3.4;9.4;0.4;12.4;0.22;0.0;7.0;2017.0;0.0;0.1873020920251846;-0.0041875922224372
2017-07-26;2017-07-27;1;25;1;2763.2822;2760.8774;2.4049454;26.8;0.1459363636363636;0.1925857142857142;0.236085;0.310235;0.338575;0.3583610389610389;0.361375;0.2452949999999999;0.3008917353599117;0.291991089773415;0.2056974577116379;0.2366085496194526;16.5;18.5;22.3;84.0;3.4;9.4;0.4;12.4;0.22;0.0;7.0;2017.0;15.0;0.1873020920251846;-0.0041875922224372
2017-07-26;2017-07-27;1;26;0;1469.3182;1244.5433;224.77493;19.6;0.1417697115384615;0.1800100961538461;0.2273411764705882;0.3187882352941176;0.3510411764705882;0.3686067307692308;0.3408470588235294;0.2329294117647059;0.3437674992091125;0.3403302065625922;0.2370434606489775;0.2697791458803562;16.5;18.5;22.3;84.0;3.4;9.4;0.4;12.4;0.22;0.0;7.0;2017.0;15.0;0.2255513998427291;0.0391282312575086
2017-07-26;2017-07-27;1;26;1;1844.7291;1666.5837;178.14534;22.0;0.1417697115384615;0.1800100961538461;0.2273411764705882;0.3187882352941176;0.3510411764705882;0.3686067307692308;0.3408470588235294;0.2329294117647059;0.3437674992091125;0.3403302065625922;0.2370434606489775;0.2697791458803562;16.5;18.5;22.3;84.0;3.4;9.4;0.4;12.4;0.22;0.0;7.0;2017.0;0.0;0.2255513998427291;0.0391282312575086
2017-07-26;2017-07-27;1;27;0;2209.9622;2113.7373;96.22477;25.2;0.1442221649484536;0.1885974226804123;0.2302969072164948;0.3118051546391753;0.3422298969072165;0.3600448453608247;0.3481453608247423;0.235841237113402;0.312494010518938;0.3039927379837558;0.2197844512570474;0.2452420066005821;16.5;18.5;22.3;84.0;3.4;9.4;0.4;12.4;0.22;0.0;7.0;2017.0;15.0;0.2084351554775483;0.016802667464402
2017-07-26;2017-07-27;1;27;1;2576.6008;2505.2903;71.31062;29.6;0.1442221649484536;0.1885974226804123;0.2302969072164948;0.3118051546391753;0.3422298969072165;0.3600448453608247;0.3481453608247423;0.235841237113402;0.312494010518938;0.3039927379837558;0.2197844512570474;0.2452420066005821;16.5;18.5;22.3;84.0;3.4;9.4;0.4;12.4;0.22;0.0;7.0;2017.0;0.0;0.2084351554775483;0.016802667464402
2017-07-26;2017-07-27;2;28;0;1181.841;31.277456;1150.5636;9.4;0.1308377192982456;0.1500083333333333;0.2216383333333333;0.407835;0.4609133333333333;0.4822407894736842;0.3449;0.22621;0.5254771325981875;0.5928454389665586;0.3702375133688974;0.440140490438221;16.5;18.5;22.3;84.0;3.4;9.4;0.4;12.4;0.22;0.0;7.0;2017.0;15.0;0.3613953054719472;0.1660428203052049
2017-07-26;2017-07-27;2;28;1;2320.1038;0.0;2320.1038;17.0;0.1308377192982456;0.1500083333333333;0.2216383333333333;0.407835;0.4609133333333333;0.4822407894736842;0.3449;0.22621;0.5254771325981875;0.5928454389665586;0.3702375133688974;0.440140490438221;16.5;18.5;22.3;84.0;3.4;9.4;0.4;12.4;0.22;0.0;7.0;2017.0;0.0;0.3613953054719472;0.1660428203052049
2017-07-26;2017-07-27;2;29;0;749.6;7.6;742.0;5.0;0.1353371951219512;0.1563835365853658;0.2377925;0.427125;0.4750925;0.4974292682926829;0.362925;0.2370225;0.5216259595449955;0.6001361402313053;0.3531407522054279;0.4433722657593884;16.5;18.5;22.3;84.0;3.4;9.4;0.4;12.4;0.22;0.0;7.0;2017.0;15.0;0.3545593863815295;0.1563359109725786
2017-07-26;2017-07-27;2;29;1;2212.0537;33.820656;2178.2332;17.4;0.1353371951219512;0.1563835365853658;0.2377925;0.427125;0.4750925;0.4974292682926829;0.362925;0.2370225;0.5216259595449955;0.6001361402313053;0.3531407522054279;0.4433722657593884;16.5;18.5;22.3;84.0;3.4;9.4;0.4;12.4;0.22;0.0;7.0;2017.0;0.0;0.3545593863815295;0.1563359109725786
2017-07-26;2017-07-27;2;30;0;1132.7186;0.0;1132.7186;7.2;0.1326818867924528;0.1517584905660377;0.2351686567164179;0.4325313432835821;0.4848522388059701;0.5061679245283018;0.3636432835820895;0.2364388059701492;0.5386764018457073;0.6232559405030588;0.3655549647325786;0.4591087516559366;16.5;18.5;22.3;84.0;3.4;9.4;0.4;12.4;0.22;0.0;7.0;2017.0;15.0;0.3632193292634251;0.1638569836963102
2017-07-26;2017-07-27;2;30;1;885.2419;7.123728;878.11816;8.4;0.1326818867924528;0.1517584905660377;0.2351686567164179;0.4325313432835821;0.4848522388059701;0.5061679245283018;0.3636432835820895;0.2364388059701492;0.5386764018457073;0.6232559405030588;0.3655549647325786;0.4591087516559366;16.5;18.5;22.3;84.0;3.4;9.4;0.4;12.4;0.22;0.0;7.0;2017.0;0.0;0.3632193292634251;0.1638569836963102
2017-07-26;2017-07-27;3;31;0;1974.8662;1640.4233;334.4429;19.2;0.1590924528301886;0.2160179245283018;0.2662411764705882;0.3552411764705882;0.3892960784313725;0.409227358490566;0.3798529411764705;0.2600313725490196;0.3090138209910072;0.3194301471735074;0.2116844451210459;0.2575564237566652;16.5;18.5;22.3;84.0;3.4;9.4;0.4;12.4;0.22;0.0;7.0;2017.0;0.0;0.222927216369362;0.0372261445717126
2017-07-26;2017-07-27;3;31;1;12185.313;12044.276;141.03723;29.6;0.1590924528301886;0.2160179245283018;0.2662411764705882;0.3552411764705882;0.3892960784313725;0.409227358490566;0.3798529411764705;0.2600313725490196;0.3090138209910072;0.3194301471735074;0.2116844451210459;0.2575564237566652;16.5;18.5;22.3;84.0;3.4;9.4;0.4;12.4;0.22;0.0;7.0;2017.0;15.0;0.222927216369362;0.0372261445717126
2017-07-26;2017-07-27;3;32;0;2258.387;2215.661;42.726242;20.2;0.1610605978260869;0.2219885869565217;0.2674108695652174;0.3480945652173913;0.3810336956521739;0.3997801630434782;0.3796173913043478;0.2582782608695652;0.2859448566480005;0.2916993205350083;0.1983978905722115;0.2377382719303196;16.5;18.5;22.3;84.0;3.4;9.4;0.4;12.4;0.22;0.0;7.0;2017.0;0.0;0.2150293910569425;0.0258696882311902
2017-07-26;2017-07-27;3;32;1;3336.771;3323.5352;13.235902;27.6;0.1610605978260869;0.2219885869565217;0.2674108695652174;0.3480945652173913;0.3810336956521739;0.3997801630434782;0.3796173913043478;0.2582782608695652;0.2859448566480005;0.2916993205350083;0.1983978905722115;0.2377382719303196;16.5;18.5;22.3;84.0;3.4;9.4;0.4;12.4;0.22;0.0;7.0;2017.0;15.0;0.2150293910569425;0.0258696882311902
2017-07-26;2017-07-27;3;33;0;5862.4497;5752.4946;109.95529;30.0;0.1545037280701754;0.2091416666666666;0.2512775862068965;0.3263301724137931;0.3562672413793103;0.3732850877192982;0.3632137931034482;0.2510060344827586;0.2818267186672822;0.2792776140239754;0.1953486921423348;0.2274658590812636;16.5;18.5;22.3;84.0;3.4;9.4;0.4;12.4;0.22;0.0;7.0;2017.0;30.0;0.1958686402671013;0.0136745552207754
2017-07-26;2017-07-27;4;34;0;799.8492;134.29454;665.5546;5.6;0.1327720379146919;0.1507421800947867;0.2286962264150943;0.4334830188679245;0.4853377358490566;0.5054464454976303;0.3653452830188679;0.2374584905660377;0.5405522917783148;0.6270807355994704;0.3769706212029535;0.4601813115326628;16.5;18.5;22.3;84.0;3.4;9.4;0.4;12.4;0.22;0.0;7.0;2017.0;15.0;0.3607298079772424;0.1608894043096184
2017-07-26;2017-07-27;4;34;1;2414.8662;0.0;2414.8662;15.6;0.1327720379146919;0.1507421800947867;0.2286962264150943;0.4334830188679245;0.4853377358490566;0.5054464454976303;0.3653452830188679;0.2374584905660377;0.5405522917783148;0.6270807355994704;0.3769706212029535;0.4601813115326628;16.5;18.5;22.3;84.0;3.4;9.4;0.4;12.4;0.22;0.0;7.0;2017.0;0.0;0.3607298079772424;0.1608894043096184
2017-07-26;2017-07-27;4;35;0;1332.3102;270.60846;1061.7017;10.8;0.1341;0.1542794871794872;0.22921875;0.43304375;0.4857104166666667;0.5035389743589743;0.367875;0.23814375;0.5309359764131012;0.6133963023079997;0.3743668817670302;0.4524795969077123;16.5;18.5;22.3;84.0;3.4;9.4;0.4;12.4;0.22;0.0;7.0;2017.0;0.0;0.3578285102816054;0.1556825783735805
2017-07-26;2017-07-27;4;35;1;1944.6838;411.04608;1533.6378;14.4;0.1341;0.1542794871794872;0.22921875;0.43304375;0.4857104166666667;0.5035389743589743;0.367875;0.23814375;0.5309359764131012;0.6133963023079997;0.3743668817670302;0.4524795969077123;16.5;18.5;22.3;84.0;3.4;9.4;0.4;12.4;0.22;0.0;7.0;2017.0;15.0;0.3578285102816054;0.1556825783735805
2017-07-26;2017-07-27;4;36;0;1287.0542;58.78238;1228.2719;8.6;0.1360653846153846;0.1625776923076923;0.2245959595959595;0.376289898989899;0.4207373737373737;0.4384558974358974;0.349589898989899;0.2344616161616161;0.4590063015378209;0.494961848018271;0.322538781200733;0.3758443988876653;16.5;18.5;22.3;84.0;3.4;9.4;0.4;12.4;0.22;0.0;7.0;2017.0;15.0;0.3031490147784957;0.1127675559581088
2017-07-26;2017-07-27;4;36;1;2301.478;0.0;2301.478;17.0;0.1360653846153846;0.1625776923076923;0.2245959595959595;0.376289898989899;0.4207373737373737;0.4384558974358974;0.349589898989899;0.2344616161616161;0.4590063015378209;0.494961848018271;0.322538781200733;0.3758443988876653;16.5;18.5;22.3;84.0;3.4;9.4;0.4;12.4;0.22;0.0;7.0;2017.0;0.0;0.3031490147784957;0.1127675559581088
2017-09-04;2017-09-18;1;25;0;3446.4607;3336.1926;110.26797;28.4;0.1331702702702702;0.1529472972972972;0.19441;0.29852;0.33002;0.3495756756756756;0.317205;0.217105;0.3912823670828548;0.3875268063455268;0.2852385322149281;0.2942003081414862;17.1;22.7;25.2;69.6;5.4;4.5;8.6;14.15;0.0;0.0;9.0;2017.0;20.0;0.2337660014923318;0.0485477111988483
2017-09-04;2017-09-18;1;25;1;2424.9395;2387.5703;37.36925;29.8;0.1331702702702702;0.1529472972972972;0.19441;0.29852;0.33002;0.3495756756756756;0.317205;0.217105;0.3912823670828548;0.3875268063455268;0.2852385322149281;0.2942003081414862;17.1;22.7;25.2;69.6;5.4;4.5;8.6;14.15;0.0;0.0;9.0;2017.0;0.0;0.2337660014923318;0.0485477111988483
2017-09-04;2017-09-18;1;26;0;2140.0845;2117.5923;22.49213;19.4;0.1321531707317073;0.1471965853658536;0.1984588235294117;0.3206196078431372;0.3535450980392157;0.3745990243902439;0.3049313725490196;0.2086450980392157;0.4358074977493289;0.448833682316545;0.3073689706898971;0.3338276806826432;17.1;22.7;25.2;69.6;5.4;4.5;8.6;14.15;0.0;0.0;9.0;2017.0;0.0;0.2845359601049378;0.1025232309768935
2017-09-04;2017-09-18;1;26;1;1633.4867;1466.953;166.53375;29.2;0.1321531707317073;0.1471965853658536;0.1984588235294117;0.3206196078431372;0.3535450980392157;0.3745990243902439;0.3049313725490196;0.2086450980392157;0.4358074977493289;0.448833682316545;0.3073689706898971;0.3338276806826432;17.1;22.7;25.2;69.6;5.4;4.5;8.6;14.15;0.0;0.0;9.0;2017.0;20.0;0.2845359601049378;0.1025232309768935
2017-09-04;2017-09-18;1;27;0;4090.4268;4001.5732;88.85333;27.8;0.1321387596899224;0.1504410852713178;0.1900375;0.2940072916666666;0.3239739583333333;0.343908527131783;0.3045864583333333;0.2083354166666666;0.3913575271557179;0.3852354280820703;0.288177117747907;0.2918502297087965;17.1;22.7;25.2;69.6;5.4;4.5;8.6;14.15;0.0;0.0;9.0;2017.0;0.0;0.2454949700898774;0.060635887215453
2017-09-04;2017-09-18;1;27;1;2337.6992;1889.7906;447.9086;28.0;0.1321387596899224;0.1504410852713178;0.1900375;0.2940072916666666;0.3239739583333333;0.343908527131783;0.3045864583333333;0.2083354166666666;0.3913575271557179;0.3852354280820703;0.288177117747907;0.2918502297087965;17.1;22.7;25.2;69.6;5.4;4.5;8.6;14.15;0.0;0.0;9.0;2017.0;20.0;0.2454949700898774;0.060635887215453
2017-09-04;2017-09-18;2;28;0;1574.2407;23.676283;1550.5645;13.6;0.1302706896551724;0.1414137931034483;0.2124982142857142;0.3875660714285714;0.4341303571428571;0.4614112068965517;0.3113625;0.2064910714285714;0.5308296998185268;0.6002065166914382;0.3693567485288446;0.4352423282838665;17.1;22.7;25.2;69.6;5.4;4.5;8.6;14.15;0.0;0.0;9.0;2017.0;20.0;0.3816728041521811;0.1941690116491479
2017-09-04;2017-09-18;2;28;1;1738.2175;0.0;1738.2175;13.0;0.1302706896551724;0.1414137931034483;0.2124982142857142;0.3875660714285714;0.4341303571428571;0.4614112068965517;0.3113625;0.2064910714285714;0.5308296998185268;0.6002065166914382;0.3693567485288446;0.4352423282838665;17.1;22.7;25.2;69.6;5.4;4.5;8.6;14.15;0.0;0.0;9.0;2017.0;0.0;0.3816728041521811;0.1941690116491479
2017-09-04;2017-09-18;2;29;0;982.4;25.2;957.2;8.0;0.1326493902439024;0.1426036585365853;0.2223725;0.4118975;0.4592675;0.4854390243902439;0.31878;0.2098625;0.5458790862047204;0.6366768919976311;0.371661827090011;0.4558808425991492;17.1;22.7;25.2;69.6;5.4;4.5;8.6;14.15;0.0;0.0;9.0;2017.0;20.0;0.3963410329524522;0.2072308902622693
2017-09-04;2017-09-18;2;29;1;998.4;6.0;992.4;9.0;0.1326493902439024;0.1426036585365853;0.2223725;0.4118975;0.4592675;0.4854390243902439;0.31878;0.2098625;0.5458790862047204;0.6366768919976311;0.371661827090011;0.4558808425991492;17.1;22.7;25.2;69.6;5.4;4.5;8.6;14.15;0.0;0.0;9.0;2017.0;0.0;0.3963410329524522;0.2072308902622693
2017-09-04;2017-09-18;2;30;0;1306.3075;0.0;1306.3075;7.0;0.1263660447761194;0.1303507462686567;0.2097671641791045;0.4570955223880597;0.5223522388059701;0.5511;0.3131731343283582;0.1997865671641791;0.6174316427639014;0.7592234968174917;0.4486102855932254;0.5341939836174094;17.1;22.7;25.2;69.6;5.4;4.5;8.6;14.15;0.0;0.0;9.0;2017.0;0.0;0.4678648522940047;0.2752912895488056
2017-09-04;2017-09-18;2;30;1;2014.41;0.0;2014.41;19.2;0.1263660447761194;0.1303507462686567;0.2097671641791045;0.4570955223880597;0.5223522388059701;0.5511;0.3131731343283582;0.1997865671641791;0.6174316427639014;0.7592234968174917;0.4486102855932254;0.5341939836174094;17.1;22.7;25.2;69.6;5.4;4.5;8.6;14.15;0.0;0.0;9.0;2017.0;20.0;0.4678648522940047;0.2752912895488056
2017-09-04;2017-09-18;3;31;0;3576.5789;3362.6921;213.88649;31.6;0.1424178403755868;0.1661727699530516;0.21274;0.324372;0.357542;0.3797793427230047;0.333386;0.2290699999999999;0.3912551445637462;0.408056630097367;0.2819137379639831;0.3063332013691953;17.1;22.7;25.2;69.6;5.4;4.5;8.6;14.15;0.0;0.0;9.0;2017.0;0.0;0.2475314205793103;0.0650527163110111
2017-09-04;2017-09-18;3;31;1;3401.0469;3357.6448;43.40223;28.8;0.1424178403755868;0.1661727699530516;0.21274;0.324372;0.357542;0.3797793427230047;0.333386;0.2290699999999999;0.3912551445637462;0.408056630097367;0.2819137379639831;0.3063332013691953;17.1;22.7;25.2;69.6;5.4;4.5;8.6;14.15;0.0;0.0;9.0;2017.0;20.0;0.2475314205793103;0.0650527163110111
2017-09-04;2017-09-18;3;32;0;3216.294;3195.0293;21.264753;27.6;0.1438441095890411;0.1701019178082191;0.2130857142857142;0.3202615384615385;0.3530890109890109;0.3713528767123287;0.3388010989010989;0.2322351648351648;0.3716856161229767;0.383150207988316;0.270802039537366;0.2898603376204519;17.1;22.7;25.2;69.6;5.4;4.5;8.6;14.15;0.0;0.0;9.0;2017.0;20.0;0.2304845396215779;0.0458376337091006
2017-09-04;2017-09-18;3;32;1;2592.0588;2451.5493;140.50963;27.8;0.1438441095890411;0.1701019178082191;0.2130857142857142;0.3202615384615385;0.3530890109890109;0.3713528767123287;0.3388010989010989;0.2322351648351648;0.3716856161229767;0.383150207988316;0.270802039537366;0.2898603376204519;17.1;22.7;25.2;69.6;5.4;4.5;8.6;14.15;0.0;0.0;9.0;2017.0;0.0;0.2304845396215779;0.0458376337091006
2017-09-04;2017-09-18;3;33;0;3854.6423;3830.1606;24.481691;25.0;0.1414048034934497;0.1678737991266375;0.2086177966101695;0.299478813559322;0.3277872881355932;0.3453685589519651;0.3228669491525424;0.2256118644067796;0.3458303022568226;0.343429589680459;0.2468486109247825;0.2627625440401668;17.1;22.7;25.2;69.6;5.4;4.5;8.6;14.15;0.0;0.0;9.0;2017.0;0.0;0.2097387049467067;0.0336731728956606
2017-09-04;2017-09-18;3;33;1;5282.4546;5173.769;108.685905;37.4;0.1414048034934497;0.1678737991266375;0.2086177966101695;0.299478813559322;0.3277872881355932;0.3453685589519651;0.3228669491525424;0.2256118644067796;0.3458303022568226;0.343429589680459;0.2468486109247825;0.2627625440401668;17.1;22.7;25.2;69.6;5.4;4.5;8.6;14.15;0.0;0.0;9.0;2017.0;20.0;0.2097387049467067;0.0336731728956606
2017-09-04;2017-09-18;4;34;0;1437.6985;92.6717;1345.0267;10.4;0.1293949541284403;0.1367385321100917;0.2119208333333333;0.4175708333333333;0.47020625;0.495348623853211;0.3153895833333333;0.2046395833333333;0.5673427918284408;0.6664041182593042;0.4007352327178506;0.4751534674527441;17.1;22.7;25.2;69.6;5.4;4.5;8.6;14.15;0.0;0.0;9.0;2017.0;20.0;0.4153056259166446;0.2219693594364803
2017-09-04;2017-09-18;4;34;1;2006.0627;625.5135;1380.5493;18.0;0.1293949541284403;0.1367385321100917;0.2119208333333333;0.4175708333333333;0.47020625;0.495348623853211;0.3153895833333333;0.2046395833333333;0.5673427918284408;0.6664041182593042;0.4007352327178506;0.4751534674527441;17.1;22.7;25.2;69.6;5.4;4.5;8.6;14.15;0.0;0.0;9.0;2017.0;0.0;0.4153056259166446;0.2219693594364803
2017-09-04;2017-09-18;4;35;0;2374.8499;535.24603;1839.6038;16.2;0.128797461928934;0.1363786802030456;0.20801;0.410872;0.4638739999999999;0.4869979695431472;0.314648;0.204392;0.5624517528573709;0.6544876922543386;0.4014169358756211;0.4681679418287505;17.1;22.7;25.2;69.6;5.4;4.5;8.6;14.15;0.0;0.0;9.0;2017.0;0.0;0.4087504621015633;0.214995117659443
2017-09-04;2017-09-18;4;35;1;3186.5913;549.9914;2636.6;23.6;0.128797461928934;0.1363786802030456;0.20801;0.410872;0.4638739999999999;0.4869979695431472;0.314648;0.204392;0.5624517528573709;0.6544876922543386;0.4014169358756211;0.4681679418287505;17.1;22.7;25.2;69.6;5.4;4.5;8.6;14.15;0.0;0.0;9.0;2017.0;20.0;0.4087504621015633;0.214995117659443
2017-09-04;2017-09-18;4;36;0;1522.4176;73.160934;1449.2567;12.6;0.1297776923076923;0.1419351282051281;0.2040372340425532;0.3675053191489362;0.4117712765957447;0.4345889743589743;0.3072468085106383;0.2068180851063829;0.5076177125158555;0.5572800495451188;0.3610120243788443;0.407776071325472;17.1;22.7;25.2;69.6;5.4;4.5;8.6;14.15;0.0;0.0;9.0;2017.0;20.0;0.3551112914822749;0.1716581604566762
2017-09-04;2017-09-18;4;36;1;1862.5819;20.285545;1842.2964;17.6;0.1297776923076923;0.1419351282051281;0.2040372340425532;0.3675053191489362;0.4117712765957447;0.4345889743589743;0.3072468085106383;0.2068180851063829;0.5076177125158555;0.5572800495451188;0.3610120243788443;0.407776071325472;17.1;22.7;25.2;69.6;5.4;4.5;8.6;14.15;0.0;0.0;9.0;2017.0;0.0;0.3551112914822749;0.1716581604566762
2017-10-02;2017-10-03;1;25;0;3017.2244;2989.131;28.093336;24.0;0.1401857142857143;0.1558051948051948;0.197845;0.3075;0.339665;0.3562987012987013;0.320075;0.2218949999999999;0.3915094339622641;0.4043065270964987;0.285943340919235;0.2971436637068212;10.4;14.5;18.8;78.8;4.5;17.6;1.2;4.6;0.01;0.0;10.0;2017.0;0.0;0.2324544542716608;0.0535557506584723
2017-10-02;2017-10-03;1;25;1;2812.7258;2779.228;33.497696;34.4;0.1401857142857143;0.1558051948051948;0.197845;0.3075;0.339665;0.3562987012987013;0.320075;0.2218949999999999;0.3915094339622641;0.4043065270964987;0.285943340919235;0.2971436637068212;10.4;14.5;18.8;78.8;4.5;17.6;1.2;4.6;0.01;0.0;10.0;2017.0;14.0;0.2324544542716608;0.0535557506584723
2017-10-02;2017-10-03;1;26;0;2002.7076;1995.8569;6.850767;21.6;0.1372307692307692;0.1473576923076923;0.1961156862745098;0.3156411764705882;0.3501196078431372;0.3677807692307692;0.3020156862745098;0.209213725490196;0.4278909329829172;0.4506906238105576;0.304426603998493;0.3257039585354025;10.4;14.5;18.8;78.8;4.5;17.6;1.2;4.6;0.01;0.0;10.0;2017.0;14.0;0.2748155228365848;0.0981866691227079
2017-10-02;2017-10-03;1;26;1;2130.0806;1879.0562;251.02449;27.6;0.1372307692307692;0.1473576923076923;0.1961156862745098;0.3156411764705882;0.3501196078431372;0.3677807692307692;0.3020156862745098;0.209213725490196;0.4278909329829172;0.4506906238105576;0.304426603998493;0.3257039585354025;10.4;14.5;18.8;78.8;4.5;17.6;1.2;4.6;0.01;0.0;10.0;2017.0;0.0;0.2748155228365848;0.0981866691227079
2017-10-02;2017-10-03;1;27;0;13135.794;2541.8633;10593.931;25.8;0.1388278350515464;0.1526595360824742;0.1932917525773196;0.299659793814433;0.3307649484536082;0.3475175257731959;0.3090257731958763;0.214241237113402;0.3895780205669436;0.39855889179975;0.2851759009502749;0.2922352408220502;10.4;14.5;18.8;78.8;4.5;17.6;1.2;4.6;0.01;0.0;10.0;2017.0;14.0;0.2372482593328023;0.0586278964963326
2017-10-02;2017-10-03;1;27;1;2301.8533;2269.6846;32.168755;29.6;0.1388278350515464;0.1526595360824742;0.1932917525773196;0.299659793814433;0.3307649484536082;0.3475175257731959;0.3090257731958763;0.214241237113402;0.3895780205669436;0.39855889179975;0.2851759009502749;0.2922352408220502;10.4;14.5;18.8;78.8;4.5;17.6;1.2;4.6;0.01;0.0;10.0;2017.0;0.0;0.2372482593328023;0.0586278964963326
2017-10-02;2017-10-03;2;28;0;1289.0112;104.012436;1184.9989;9.4;0.1384364035087719;0.1476811403508772;0.213605;0.3756683333333333;0.4206966666666666;0.4472877192982456;0.32225;0.218325;0.5035668238570646;0.5783457335780928;0.3535864633920864;0.4104316432935488;10.4;14.5;18.8;78.8;4.5;17.6;1.2;4.6;0.01;0.0;10.0;2017.0;14.0;0.3439878966550408;0.162484198191441
2017-10-02;2017-10-03;2;28;1;2135.974;65.61874;2070.3552;17.2;0.1384364035087719;0.1476811403508772;0.213605;0.3756683333333333;0.4206966666666666;0.4472877192982456;0.32225;0.218325;0.5035668238570646;0.5783457335780928;0.3535864633920864;0.4104316432935488;10.4;14.5;18.8;78.8;4.5;17.6;1.2;4.6;0.01;0.0;10.0;2017.0;0.0;0.3439878966550408;0.162484198191441
2017-10-02;2017-10-03;2;29;0;682.4;42.4;640.0;;0.1385408536585366;0.1469676829268292;0.21685;0.3882875;0.43453;0.4582524390243902;0.3211375;0.216545;0.5143331241102562;0.5981634232710384;0.3575789762709904;0.4224743332776111;10.4;14.5;18.8;78.8;4.5;17.6;1.2;4.6;0.01;0.0;10.0;2017.0;0.0;0.3581925849834972;0.1759259802558207
2017-10-02;2017-10-03;2;29;1;1050.9662;2.05991;1048.9062;22.2;0.1385408536585366;0.1469676829268292;0.21685;0.3882875;0.43453;0.4582524390243902;0.3211375;0.216545;0.5143331241102562;0.5981634232710384;0.3575789762709904;0.4224743332776111;10.4;14.5;18.8;78.8;4.5;17.6;1.2;4.6;0.01;0.0;10.0;2017.0;14.0;0.3581925849834972;0.1759259802558207
2017-10-02;2017-10-03;2;30;0;2415.1084;92.851585;2322.2568;21.8;0.1305788679245283;0.130986037735849;0.2019;0.4379194029850746;0.5073;0.5327169811320754;0.2996731343283582;0.1956298507462686;0.6052872022210434;0.7498944105346589;0.4503258019196244;0.5178266321596025;10.4;14.5;18.8;78.8;4.5;17.6;1.2;4.6;0.01;0.0;10.0;2017.0;14.0;0.4628112811536338;0.279969502851208
2017-10-02;2017-10-03;2;30;1;2402.5884;89.831116;2312.7573;18.2;0.1305788679245283;0.130986037735849;0.2019;0.4379194029850746;0.5073;0.5327169811320754;0.2996731343283582;0.1956298507462686;0.6052872022210434;0.7498944105346589;0.4503258019196244;0.5178266321596025;10.4;14.5;18.8;78.8;4.5;17.6;1.2;4.6;0.01;0.0;10.0;2017.0;0.0;0.4628112811536338;0.279969502851208
2017-10-02;2017-10-03;3;31;0;3467.1528;3464.9102;2.2426603;29.6;0.1440443396226415;0.1611490566037735;0.2048666666666666;0.3158098039215686;0.3489078431372548;0.3669735849056604;0.3261882352941176;0.2290666666666666;0.3897286579375145;0.4104880724140591;0.2834828744448575;0.3002917939824374;10.4;14.5;18.8;78.8;4.5;17.6;1.2;4.6;0.01;0.0;10.0;2017.0;14.0;0.2313718207372767;0.0588395789020634
2017-10-02;2017-10-03;3;31;1;4349.345;4349.345;0.0;38.6;0.1440443396226415;0.1611490566037735;0.2048666666666666;0.3158098039215686;0.3489078431372548;0.3669735849056604;0.3261882352941176;0.2290666666666666;0.3897286579375145;0.4104880724140591;0.2834828744448575;0.3002917939824374;10.4;14.5;18.8;78.8;4.5;17.6;1.2;4.6;0.01;0.0;10.0;2017.0;0.0;0.2313718207372767;0.0588395789020634
2017-10-02;2017-10-03;3;32;0;6432.7017;6337.637;95.06456;30.6;0.1462714673913043;0.1658584239130434;0.2082391304347826;0.3131510869565218;0.3452239130434782;0.3612576086956521;0.3312597826086956;0.2319086956521739;0.3706948237100259;0.3878900793712014;0.2686907013629501;0.2853609211312701;10.4;14.5;18.8;78.8;4.5;17.6;1.2;4.6;0.01;0.0;10.0;2017.0;14.0;0.2180651734519793;0.0433170725582154
2017-10-02;2017-10-03;3;32;1;4761.4824;4690.6504;70.83197;39.4;0.1462714673913043;0.1658584239130434;0.2082391304347826;0.3131510869565218;0.3452239130434782;0.3612576086956521;0.3312597826086956;0.2319086956521739;0.3706948237100259;0.3878900793712014;0.2686907013629501;0.2853609211312701;10.4;14.5;18.8;78.8;4.5;17.6;1.2;4.6;0.01;0.0;10.0;2017.0;0.0;0.2180651734519793;0.0433170725582154
2017-10-02;2017-10-03;3;33;0;6394.639;6394.639;0.0;29.0;0.1449188596491228;0.1648561403508772;0.2047715517241379;0.2960827586206896;0.3248370689655172;0.3395081140350877;0.3187318965517241;0.2272094827586206;0.3462814268962011;0.3516236766202857;0.2475502407810942;0.2608395902007489;10.4;14.5;18.8;78.8;4.5;17.6;1.2;4.6;0.01;0.0;10.0;2017.0;14.0;0.198156245565364;0.0315632856544862
2017-10-02;2017-10-03;3;33;1;9287.773;2051.005;7236.768;28.0;0.1449188596491228;0.1648561403508772;0.2047715517241379;0.2960827586206896;0.3248370689655172;0.3395081140350877;0.3187318965517241;0.2272094827586206;0.3462814268962011;0.3516236766202857;0.2475502407810942;0.2608395902007489;10.4;14.5;18.8;78.8;4.5;17.6;1.2;4.6;0.01;0.0;10.0;2017.0;0.0;0.198156245565364;0.0315632856544862
2017-10-02;2017-10-03;4;34;0;1376.0;458.0;918.0;16.2;0.1346431279620853;0.1384156398104265;0.2071245283018868;0.4085358490566038;0.4643811320754716;0.4904938388625592;0.3161509433962264;0.2095452830188679;0.5598233306882673;0.6713083575195374;0.4061953123632068;0.4678119092409359;10.4;14.5;18.8;78.8;4.5;17.6;1.2;4.6;0.01;0.0;10.0;2017.0;28.0;0.4013326499362109;0.2161334199399812
2017-10-02;2017-10-03;4;35;0;2909.72;1085.242;1824.4779;21.8;0.1346071794871794;0.1390928205128205;0.20593125;0.4045645833333333;0.4595;0.4834184615384615;0.3182166666666666;0.210225;0.5531235351928541;0.657902730320582;0.4025347467240935;0.4601187264636023;10.4;14.5;18.8;78.8;4.5;17.6;1.2;4.6;0.01;0.0;10.0;2017.0;28.0;0.3938528605640339;0.2060810324538595
2017-10-02;2017-10-03;4;36;0;2145.7627;800.3349;1345.4279;5.4;0.1360479487179487;0.1442241025641025;0.2021828282828283;0.3601242424242424;0.4057020202020202;0.42675;0.3088555555555555;0.2119393939393939;0.4948138561226226;0.5553945936769403;0.3570606615181881;0.3957041025914821;10.4;14.5;18.8;78.8;4.5;17.6;1.2;4.6;0.01;0.0;10.0;2017.0;28.0;0.3363303165810668;0.1602685618047112
2017-11-13;2017-11-12;1;25;0;6572.339;5305.99;1266.3485;26.0;0.1406441558441558;0.1619961038961039;0.20809;0.32013;0.354225;0.378374025974026;0.341515;0.2353199999999999;0.4004253938498143;0.4175504987218686;0.2903571547994109;0.3119725122802199;11.3;24.61;29.5;37.43;1.46;32.31;0.0;10.4;4.96;0.0;11.0;2017.0;0.0;0.2331031750667239;0.0512009832684348
2017-11-13;2017-11-12;1;25;1;5591.1997;5591.1997;0.0;39.4;0.1406441558441558;0.1619961038961039;0.20809;0.32013;0.354225;0.378374025974026;0.341515;0.2353199999999999;0.4004253938498143;0.4175504987218686;0.2903571547994109;0.3119725122802199;11.3;24.61;29.5;37.43;1.46;32.31;0.0;10.4;4.96;0.0;11.0;2017.0;21.0;0.2331031750667239;0.0512009832684348
2017-11-13;2017-11-12;1;26;0;6862.813;5439.4653;1423.3477;31.6;0.1388365384615384;0.1552875;0.2070078431372549;0.3263333333333333;0.3617274509803921;0.3886365384615384;0.3403627450980392;0.2352862745098039;0.4290103432853498;0.4560849794512465;0.3049280761060258;0.3352960031537809;11.3;24.61;29.5;37.43;1.46;32.31;0.0;10.4;4.96;0.0;11.0;2017.0;21.0;0.2457840309146992;0.0662192603644089
2017-11-13;2017-11-12;1;26;1;5242.2876;3714.5847;1527.703;34.8;0.1388365384615384;0.1552875;0.2070078431372549;0.3263333333333333;0.3617274509803921;0.3886365384615384;0.3403627450980392;0.2352862745098039;0.4290103432853498;0.4560849794512465;0.3049280761060258;0.3352960031537809;11.3;24.61;29.5;37.43;1.46;32.31;0.0;10.4;4.96;0.0;11.0;2017.0;0.0;0.2457840309146992;0.0662192603644089
2017-11-13;2017-11-12;1;27;0;8988.617;7129.749;1858.8683;34.4;0.1391925257731958;0.1585742268041237;0.2030865979381443;0.3128391752577319;0.3468319587628866;0.371740206185567;0.3343835051546391;0.2299195876288659;0.4019614894878549;0.4165866233366558;0.2933989978155679;0.3103411529860266;11.3;24.61;29.5;37.43;1.46;32.31;0.0;10.4;4.96;0.0;11.0;2017.0;0.0;0.2357156320145302;0.0529039039915905
2017-11-13;2017-11-12;1;27;1;11491.1455;8685.042;2806.103;46.4;0.1391925257731958;0.1585742268041237;0.2030865979381443;0.3128391752577319;0.3468319587628866;0.371740206185567;0.3343835051546391;0.2299195876288659;0.4019614894878549;0.4165866233366558;0.2933989978155679;0.3103411529860266;11.3;24.61;29.5;37.43;1.46;32.31;0.0;10.4;4.96;0.0;11.0;2017.0;21.0;0.2357156320145302;0.0529039039915905
2017-11-13;2017-11-12;2;28;0;3720.3289;0.0;3720.3289;22.0;0.130284649122807;0.1387956140350877;0.2022283333333333;0.3963533333333333;0.4587283333333333;0.4987526315789473;0.3120516666666666;0.2059349999999999;0.5645957306292608;0.6644257430952756;0.4230133385757778;0.474648462953181;11.3;24.61;29.5;37.43;1.46;32.31;0.0;10.4;4.96;0.0;11.0;2017.0;21.0;0.4155282687775435;0.2302663729290246
2017-11-13;2017-11-12;2;28;1;4632.551;880.73285;3751.818;23.2;0.130284649122807;0.1387956140350877;0.2022283333333333;0.3963533333333333;0.4587283333333333;0.4987526315789473;0.3120516666666666;0.2059349999999999;0.5645957306292608;0.6644257430952756;0.4230133385757778;0.474648462953181;11.3;24.61;29.5;37.43;1.46;32.31;0.0;10.4;4.96;0.0;11.0;2017.0;0.0;0.4155282687775435;0.2302663729290246
2017-11-13;2017-11-12;2;29;0;3608.898;638.51495;2970.383;13.4;0.1353439024390244;0.1480073170731707;0.2151974999999999;0.3977175;0.453605;0.4909634146341464;0.3351825;0.222405;0.5367320920077259;0.6286183825232181;0.3905142707834764;0.4516658172333601;11.3;24.61;29.5;37.43;1.46;32.31;0.0;10.4;4.96;0.0;11.0;2017.0;21.0;0.3764652445004557;0.1885634388244031
2017-11-13;2017-11-12;2;29;1;3780.2566;712.00726;3068.2493;18.8;0.1353439024390244;0.1480073170731707;0.2151974999999999;0.3977175;0.453605;0.4909634146341464;0.3351825;0.222405;0.5367320920077259;0.6286183825232181;0.3905142707834764;0.4516658172333601;11.3;24.61;29.5;37.43;1.46;32.31;0.0;10.4;4.96;0.0;11.0;2017.0;0.0;0.3764652445004557;0.1885634388244031
2017-11-13;2017-11-12;2;30;0;4290.6025;935.7534;3354.8494;15.0;0.1349822641509434;0.1492720754716981;0.2158701492537313;0.386;0.4398970149253731;0.4771901886792452;0.3323776119402984;0.2212537313432835;0.523444318951886;0.6025887552935578;0.3770523648848382;0.4366565889200619;11.3;24.61;29.5;37.43;1.46;32.31;0.0;10.4;4.96;0.0;11.0;2017.0;21.0;0.3664380918767341;0.178876403715816
2017-11-13;2017-11-12;2;30;1;8526.804;1908.3274;6618.4766;34.0;0.1349822641509434;0.1492720754716981;0.2158701492537313;0.386;0.4398970149253731;0.4771901886792452;0.3323776119402984;0.2212537313432835;0.523444318951886;0.6025887552935578;0.3770523648848382;0.4366565889200619;11.3;24.61;29.5;37.43;1.46;32.31;0.0;10.4;4.96;0.0;11.0;2017.0;0.0;0.3664380918767341;0.178876403715816
2017-11-13;2017-11-12;3;31;0;6858.5347;5583.0723;1275.4624;28.4;0.1441462264150943;0.1664716981132075;0.2137431372549019;0.3370921568627451;0.3774627450980392;0.4078575471698113;0.3623627450980392;0.2518803921568627;0.4202917595423044;0.45524193017497;0.3122815253888608;0.3370277549221146;11.3;24.61;29.5;37.43;1.46;32.31;0.0;10.4;4.96;0.0;11.0;2017.0;0.0;0.2364228972069398;0.0590672597547597
2017-11-13;2017-11-12;3;31;1;10140.758;8870.68;1270.0786;37.6;0.1441462264150943;0.1664716981132075;0.2137431372549019;0.3370921568627451;0.3774627450980392;0.4078575471698113;0.3623627450980392;0.2518803921568627;0.4202917595423044;0.45524193017497;0.3122815253888608;0.3370277549221146;11.3;24.61;29.5;37.43;1.46;32.31;0.0;10.4;4.96;0.0;11.0;2017.0;21.0;0.2364228972069398;0.0590672597547597
2017-11-13;2017-11-12;3;32;0;6708.748;5548.14;1160.608;29.2;0.1460701086956521;0.1713980978260869;0.2186108695652173;0.3284641304347826;0.3641293478260869;0.3903619565217391;0.366579347826087;0.2535739130434782;0.3897818241096864;0.4136936342314262;0.2820340737699798;0.3093408785709332;11.3;24.61;29.5;37.43;1.46;32.31;0.0;10.4;4.96;0.0;11.0;2017.0;21.0;0.212424947798947;0.0314193565063054
2017-11-13;2017-11-12;3;32;1;8059.551;6542.282;1517.2687;44.2;0.1460701086956521;0.1713980978260869;0.2186108695652173;0.3284641304347826;0.3641293478260869;0.3903619565217391;0.366579347826087;0.2535739130434782;0.3897818241096864;0.4136936342314262;0.2820340737699798;0.3093408785709332;11.3;24.61;29.5;37.43;1.46;32.31;0.0;10.4;4.96;0.0;11.0;2017.0;0.0;0.212424947798947;0.0314193565063054
2017-11-13;2017-11-12;3;33;0;8755.456;7179.26;1576.1964;30.0;0.1466309210526316;0.1723383771929824;0.2166077586206896;0.3136827586206897;0.3456258620689655;0.3695456140350877;0.3643439655172414;0.2585439655172414;0.3639288852124512;0.3781266038839104;0.2609178118714193;0.2839191865444493;11.3;24.61;29.5;37.43;1.46;32.31;0.0;10.4;4.96;0.0;11.0;2017.0;0.0;0.1767290082999988;0.0070877808634635
2017-11-13;2017-11-12;3;33;1;8924.174;7257.7026;1666.4712;42.0;0.1466309210526316;0.1723383771929824;0.2166077586206896;0.3136827586206897;0.3456258620689655;0.3695456140350877;0.3643439655172414;0.2585439655172414;0.3639288852124512;0.3781266038839104;0.2609178118714193;0.2839191865444493;11.3;24.61;29.5;37.43;1.46;32.31;0.0;10.4;4.96;0.0;11.0;2017.0;21.0;0.1767290082999988;0.0070877808634635
2017-12-11;2017-12-12;1;25;0;7029.187333333334;7029.187333333334;0.0;25.2;0.1569243243243243;0.2011472972972973;0.245425;0.33348;0.365915;0.3958324324324323;0.39004;0.272965;0.3261168268196892;0.3413651097547105;0.2345507822995571;0.266210664416426;13.9;21.58;26.5;47.93;5.81;34.17;0.0;10.2;6.98;0.0;12.0;2017.0;9.333333333333334;0.1837139714869427;0.0073707031744372
2017-12-11;2017-12-12;1;25;1;4761.661;4761.661;0.0;25.8;0.1569243243243243;0.2011472972972973;0.245425;0.33348;0.365915;0.3958324324324324;0.39004;0.272965;0.3261168268196892;0.3413651097547105;0.2345507822995571;0.266210664416426;13.9;21.58;26.5;47.93;5.81;34.17;0.0;10.2;6.98;0.0;12.0;2017.0;0.0;0.1837139714869427;0.0073707031744372
2017-12-11;2017-12-12;1;26;0;5623.252;5623.252;0.0;21.4;0.1541980487804878;0.1936960975609756;0.2424960784313725;0.3363294117647059;0.3725274509803922;0.4041160975609756;0.4157960784313725;0.2974078431372549;0.3519834518549344;0.3731360971314191;0.2499489263120767;0.2875081925692563;13.9;21.58;26.5;47.93;5.81;34.17;0.0;10.2;6.98;0.0;12.0;2017.0;14.0;0.152109212862377;-0.014245404827975
2017-12-11;2017-12-12;1;26;1;4234.5503;4154.154;80.39616;36.4;0.1541980487804878;0.1936960975609756;0.2424960784313725;0.3363294117647059;0.3725274509803922;0.4041160975609756;0.4157960784313725;0.2974078431372549;0.3519834518549344;0.3731360971314191;0.2499489263120767;0.2875081925692563;13.9;21.58;26.5;47.93;5.81;34.17;0.0;10.2;6.98;0.0;12.0;2017.0;0.0;0.152109212862377;-0.014245404827975
2017-12-11;2017-12-12;1;27;0;4482.541400000001;4379.261666666666;103.27969;23.399999999999995;0.1510454780361757;0.189675968992248;0.2309520833333333;0.316628125;0.3500989583333333;0.3780377260981911;0.3800999999999999;0.2683052083333333;0.331790053216765;0.340432717930459;0.2415239803473202;0.2646239689142343;13.9;21.58;26.5;47.93;5.81;34.17;0.0;10.2;6.98;0.0;12.0;2017.0;9.333333333333334;0.1697744524141359;-0.0027201837223197
2017-12-11;2017-12-12;1;27;1;5343.5615;5228.4653;115.09608;31.2;0.1510454780361757;0.189675968992248;0.2309520833333333;0.316628125;0.3500989583333333;0.3780377260981912;0.3801;0.2683052083333333;0.331790053216765;0.340432717930459;0.2415239803473203;0.2646239689142343;13.9;21.58;26.5;47.93;5.81;34.17;0.0;10.2;6.98;0.0;12.0;2017.0;0.0;0.1697744524141359;-0.0027201837223197
2017-12-11;2017-12-12;2;28;0;3200.8955;794.07666;2406.8188;13.2;0.1535512931034482;0.2016103448275862;0.2579357142857142;0.3645446428571428;0.4064232142857142;0.4480517241379311;0.394925;0.2702678571428571;0.3793377989617945;0.4090777505589059;0.2692909243211392;0.3215397628088615;13.9;21.58;26.5;47.93;5.81;34.17;0.0;10.2;6.98;0.0;12.0;2017.0;14.0;0.2474996806826276;0.0630227651804515
2017-12-11;2017-12-12;2;29;0;2176.4;521.2;1655.2;10.0;0.1589201219512195;0.2104719512195121;0.2642625;0.3537425;0.3913875;0.4296268292682926;0.4326524999999999;0.3041625;0.3423766529937261;0.3651223965724937;0.2383151351277725;0.2883366973978506;13.9;21.58;26.5;47.93;5.81;34.17;0.0;10.2;6.98;0.0;12.0;2017.0;14.0;0.1709814033319358;-0.0035089217948373
2017-12-11;2017-12-12;2;30;0;8956.349333333334;5003.066666666667;3953.2824;12.4;0.1641018656716417;0.2256447761194029;0.277255223880597;0.3583462686567164;0.3947656716417909;0.433205223880597;0.4534492537313432;0.3204149253731343;0.3150344505747803;0.3334176074984107;0.2195055340398333;0.2686634781393546;13.9;21.58;26.5;47.93;5.81;34.17;0.0;10.2;6.98;0.0;12.0;2017.0;9.333333333333334;0.1496646534983874;-0.0228319264853545
2017-12-11;2017-12-12;3;31;0;5755.215;5755.215;0.0;28.2;0.1604793427230047;0.2078568075117371;0.248846;0.336442;0.37271;0.4056206572769953;0.421462;0.303586;0.3223653045403445;0.3411682837260014;0.2395456751445204;0.2664138108122124;13.9;21.58;26.5;47.93;5.81;34.17;0.0;10.2;6.98;0.0;12.0;2017.0;14.0;0.1438715446760725;-0.0191532763788798
2017-12-11;2017-12-12;3;31;1;6241.445;6241.445;0.0;25.8;0.1604793427230047;0.2078568075117371;0.248846;0.336442;0.37271;0.4056206572769953;0.421462;0.303586;0.3223653045403445;0.3411682837260014;0.2395456751445204;0.2664138108122124;13.9;21.58;26.5;47.93;5.81;34.17;0.0;10.2;6.98;0.0;12.0;2017.0;0.0;0.1438715446760725;-0.0191532763788798
2017-12-11;2017-12-12;3;32;0;6394.847866666667;5405.619566666667;989.2284133333334;21.4;0.1612482191780821;0.209312602739726;0.2527582417582418;0.3342351648351648;0.3682747252747252;0.3971709589041096;0.4242186813186813;0.3023879120879121;0.3097501202756515;0.3253105162777899;0.2221976132149391;0.2546694266545999;13.9;21.58;26.5;47.93;5.81;34.17;0.0;10.2;6.98;0.0;12.0;2017.0;9.333333333333334;0.135489736098677;-0.0329292227343352
2017-12-11;2017-12-12;3;32;1;4584.014;4533.527;50.487263;30.2;0.1612482191780821;0.209312602739726;0.2527582417582418;0.3342351648351648;0.3682747252747252;0.3971709589041096;0.4242186813186813;0.3023879120879121;0.3097501202756515;0.3253105162777899;0.2221976132149392;0.2546694266545999;13.9;21.58;26.5;47.93;5.81;34.17;0.0;10.2;6.98;0.0;12.0;2017.0;0.0;0.135489736098677;-0.0329292227343352
2017-12-11;2017-12-12;3;33;0;10182.232666666669;4843.244;5338.988;17.8;0.1612041484716157;0.2073700873362445;0.2507194915254237;0.3276067796610169;0.3600271186440678;0.3878082969432313;0.4279262711864406;0.3138016949152543;0.3031666041189075;0.3170036899315894;0.214695128220778;0.2471353692654802;13.9;21.58;26.5;47.93;5.81;34.17;0.0;10.2;6.98;0.0;12.0;2017.0;9.333333333333334;0.1054811118523868;-0.0491801816554033
2017-12-11;2017-12-12;3;33;1;4089.3652;4089.3652;0.0;23.8;0.1612041484716157;0.2073700873362445;0.2507194915254237;0.3276067796610169;0.3600271186440678;0.3878082969432314;0.4279262711864406;0.3138016949152543;0.3031666041189075;0.3170036899315894;0.214695128220778;0.2471353692654802;13.9;21.58;26.5;47.93;5.81;34.17;0.0;10.2;6.98;0.0;12.0;2017.0;0.0;0.1054811118523868;-0.0491801816554033
2017-12-11;2017-12-12;4;34;0;2572.4285;1699.7579;872.6707;12.2;0.1607697247706422;0.2121541284403669;0.2649479166666666;0.3638104166666666;0.4041270833333333;0.4429477064220183;0.4486229166666667;0.3161479166666666;0.3523018341570258;0.3820833853531133;0.2514492023254845;0.2997054948092268;13.9;21.58;26.5;47.93;5.81;34.17;0.0;10.2;6.98;0.0;12.0;2017.0;0.0;0.1670406018670163;-0.0063654074031596
2017-12-11;2017-12-12;4;34;1;2336.4075;916.2283;1420.1791;12.2;0.1607697247706422;0.2121541284403669;0.2649479166666666;0.3638104166666666;0.4041270833333333;0.4429477064220183;0.4486229166666667;0.3161479166666666;0.3523018341570258;0.3820833853531133;0.2514492023254845;0.2997054948092268;13.9;21.58;26.5;47.93;5.81;34.17;0.0;10.2;6.98;0.0;12.0;2017.0;35.0;0.1670406018670163;-0.0063654074031596
2017-12-11;2017-12-12;4;35;0;1929.6;1117.2;812.4;18.8;0.1566639593908629;0.203384771573604;0.2568;0.357944;0.3987219999999999;0.4339908629441624;0.432414;0.303434;0.3618056274539474;0.3897164288704509;0.2565043524012058;0.3041291958065366;13.9;21.58;26.5;47.93;5.81;34.17;0.0;10.2;6.98;0.0;12.0;2017.0;35.0;0.1770442922454706;0.0018200070332061
2017-12-11;2017-12-12;4;35;1;1553.4376;0.0;1553.4376;16.0;0.1566639593908629;0.203384771573604;0.2568;0.357944;0.3987219999999999;0.4339908629441624;0.432414;0.303434;0.3618056274539474;0.3897164288704509;0.2565043524012058;0.3041291958065366;13.9;21.58;26.5;47.93;5.81;34.17;0.0;10.2;6.98;0.0;12.0;2017.0;0.0;0.1770442922454706;0.0018200070332061
2017-12-11;2017-12-12;4;36;0;2232.8;919.6;1313.2;13.4;0.1548889743589743;0.198521282051282;0.2512744680851064;0.3472968085106383;0.3851765957446808;0.4180584615384615;0.4114521276595745;0.2927404255319148;0.3560564254171377;0.3791611765029939;0.2491794233807594;0.2949236461804948;13.9;21.58;26.5;47.93;5.81;34.17;0.0;10.2;6.98;0.0;12.0;2017.0;35.0;0.1763058978933641;0.0079641344726821
2017-12-11;2017-12-12;4;36;1;3768.2634;1031.7783;2736.485;29.8;0.1548889743589743;0.198521282051282;0.2512744680851064;0.3472968085106383;0.3851765957446808;0.4180584615384615;0.4114521276595745;0.2927404255319148;0.3560564254171377;0.3791611765029939;0.2491794233807594;0.2949236461804948;13.9;21.58;26.5;47.93;5.81;34.17;0.0;10.2;6.98;0.0;12.0;2017.0;0.0;0.1763058978933641;0.0079641344726821
2018-01-15;2018-01-11;1;25;0;2101.9578;2101.9578;0.0;16.8;0.1567298701298701;0.1997662337662337;0.2431;0.330385;0.367465;0.3769350649350649;0.40148;0.278465;0.3072107372877539;0.3163597066912791;0.2158508002270504;0.2468217016862471;20.6;23.07;25.2;80.27;4.47;14.04;1.8;12.9;1.68;0.0;1.0;2018.0;17.5;0.1502442099160015;-0.0315319373565599
2018-01-15;2018-01-11;1;25;1;6337.7007;6300.1025;37.598522;27.6;0.1567298701298701;0.1997662337662337;0.2431;0.330385;0.367465;0.3769350649350649;0.40148;0.278465;0.3072107372877539;0.3163597066912791;0.2158508002270504;0.2468217016862471;20.6;23.07;25.2;80.27;4.47;14.04;1.8;12.9;1.68;0.0;1.0;2018.0;0.0;0.1502442099160015;-0.0315319373565599
2018-01-15;2018-01-11;1;26;0;2475.386;2475.386;0.0;16.0;0.15431875;0.192776923076923;0.2405647058823529;0.339778431372549;0.381235294117647;0.3943423076923077;0.4289980392156863;0.3040764705882353;0.3433125233375478;0.3615877446406866;0.2422049190229517;0.2781185985544011;20.6;23.07;25.2;80.27;4.47;14.04;1.8;12.9;1.68;0.0;1.0;2018.0;17.5;0.1292431416668097;-0.0420916230493575
2018-01-15;2018-01-11;1;26;1;4114.119;4101.1816;12.937481;28.4;0.15431875;0.192776923076923;0.2405647058823529;0.339778431372549;0.381235294117647;0.3943423076923077;0.4289980392156863;0.3040764705882353;0.3433125233375478;0.3615877446406866;0.2422049190229517;0.2781185985544011;20.6;23.07;25.2;80.27;4.47;14.04;1.8;12.9;1.68;0.0;1.0;2018.0;0.0;0.1292431416668097;-0.0420916230493575
2018-01-15;2018-01-11;1;27;0;2319.998;2319.998;0.0;13.4;0.1536213917525773;0.1944201030927835;0.2354082474226804;0.3186731958762887;0.3563618556701031;0.3661128865979381;0.3993773195876289;0.2801257731958763;0.3063027273379349;0.31093106343065;0.2172901861346362;0.2428393814819818;20.6;23.07;25.2;80.27;4.47;14.04;1.8;12.9;1.68;0.0;1.0;2018.0;17.5;0.1330578294859308;-0.0434550732601103
2018-01-15;2018-01-11;1;27;1;3935.2744;3935.2744;0.0;18.8;0.1536213917525773;0.1944201030927835;0.2354082474226804;0.3186731958762887;0.3563618556701031;0.3661128865979381;0.3993773195876289;0.2801257731958763;0.3063027273379349;0.31093106343065;0.2172901861346362;0.2428393814819818;20.6;23.07;25.2;80.27;4.47;14.04;1.8;12.9;1.68;0.0;1.0;2018.0;0.0;0.1330578294859308;-0.0434550732601103
2018-01-15;2018-01-11;2;28;0;1324.4;168.8;1155.6;10.2;0.1575565789473684;0.1989912280701754;0.2488683333333333;0.3462283333333333;0.3864233333333333;0.4012254385964912;0.425925;0.2976666666666666;0.3369353464465318;0.3576838170440922;0.2343617364782327;0.2757196150359539;20.6;23.07;25.2;80.27;4.47;14.04;1.8;12.9;1.68;0.0;1.0;2018.0;0.0;0.1481756213154404;-0.0298610267866374
2018-01-15;2018-01-11;2;28;1;2646.4888;53.9143;2592.5745;23.2;0.1575565789473684;0.1989912280701754;0.2488683333333333;0.3462283333333333;0.3864233333333333;0.4012254385964912;0.425925;0.2976666666666666;0.3369353464465318;0.3576838170440922;0.2343617364782327;0.2757196150359539;20.6;23.07;25.2;80.27;4.47;14.04;1.8;12.9;1.68;0.0;1.0;2018.0;17.5;0.1481756213154404;-0.0298610267866374
2018-01-15;2018-01-11;2;29;0;1139.2367;0.0;1139.2367;6.4;0.1604109756097561;0.2026786585365853;0.25196;0.3456525;0.385525;0.3992817073170732;0.4514649999999999;0.3218025;0.3266046403265752;0.3480263370932052;0.2262166345641403;0.2676181306596061;20.6;23.07;25.2;80.27;4.47;14.04;1.8;12.9;1.68;0.0;1.0;2018.0;0.0;0.1074482099744617;-0.0613382246843984
2018-01-15;2018-01-11;2;29;1;2484.1453;819.9699;1664.1754;19.4;0.1604109756097561;0.2026786585365853;0.25196;0.3456525;0.385525;0.3992817073170732;0.4514649999999999;0.3218025;0.3266046403265752;0.3480263370932052;0.2262166345641403;0.2676181306596061;20.6;23.07;25.2;80.27;4.47;14.04;1.8;12.9;1.68;0.0;1.0;2018.0;17.5;0.1074482099744617;-0.0613382246843984
2018-01-15;2018-01-11;2;30;0;2758.2637;96.39682;2661.8667;10.4;0.1598237735849056;0.2016354716981132;0.2510701492537313;0.3481955223880597;0.3883985074626865;0.3985962264150943;0.4434134328358209;0.310165671641791;0.3281412083635628;0.3492878942626941;0.2270797484470182;0.2685262864014235;20.6;23.07;25.2;80.27;4.47;14.04;1.8;12.9;1.68;0.0;1.0;2018.0;0.0;0.1247676476624112;-0.0532264754071796
2018-01-15;2018-01-11;2;30;1;1681.5686;508.40814;1173.1605;10.6;0.1598237735849056;0.2016354716981132;0.2510701492537313;0.3481955223880597;0.3883985074626865;0.3985962264150943;0.4434134328358209;0.310165671641791;0.3281412083635628;0.3492878942626941;0.2270797484470182;0.2685262864014235;20.6;23.07;25.2;80.27;4.47;14.04;1.8;12.9;1.68;0.0;1.0;2018.0;17.5;0.1247676476624112;-0.0532264754071796
2018-01-15;2018-01-11;3;31;0;3262.5156;3247.345;15.170778;18.4;0.1581179245283019;0.2011070754716981;0.2434058823529411;0.3347117647058823;0.3777372549019608;0.3901452830188679;0.4296588235294118;0.3061039215686274;0.3197250798792138;0.3349595384998571;0.231614127928895;0.2598457718001862;20.6;23.07;25.2;80.27;4.47;14.04;1.8;12.9;1.68;0.0;1.0;2018.0;35.0;0.1207058634990214;-0.0481987589412213
2018-01-15;2018-01-11;3;32;0;2768.8242;2768.8242;0.0;16.2;0.1597057065217391;0.2047584239130434;0.2480608695652174;0.3364489130434782;0.3768782608695652;0.3876608695652174;0.4324391304347826;0.3037880434782608;0.308738165123391;0.3223703563780124;0.2195929310061826;0.2511431921022919;20.6;23.07;25.2;80.27;4.47;14.04;1.8;12.9;1.68;0.0;1.0;2018.0;35.0;0.1213001054810865;-0.0546009765511098
2018-01-15;2018-01-11;3;33;0;4546.4243;4546.4243;0.0;16.2;0.1578745614035087;0.2008734649122807;0.2443853448275862;0.3280612068965517;0.3665793103448276;0.3772263157894737;0.4348931034482759;0.3127887931034482;0.3050560764149029;0.3152743408073719;0.2137041168597437;0.2453662277378469;20.6;23.07;25.2;80.27;4.47;14.04;1.8;12.9;1.68;0.0;1.0;2018.0;35.0;0.0933856691767382;-0.0710077684300763
2018-01-15;2018-01-11;4;34;0;2066.6501;733.98035;1332.6697;14.4;0.164342654028436;0.2099691943127962;0.258366037735849;0.3474396226415094;0.3875245283018868;0.3998502369668246;0.4573849056603773;0.3275169811320755;0.3113725685250626;0.3326354875502774;0.2149509282414601;0.2566377520103821;20.6;23.07;25.2;80.27;4.47;14.04;1.8;12.9;1.68;0.0;1.0;2018.0;17.5;0.0994453063526902;-0.0671165539448417
2018-01-15;2018-01-11;4;34;1;4656.47;3273.5864;1382.8838;19.0;0.164342654028436;0.2099691943127962;0.258366037735849;0.3474396226415094;0.3875245283018868;0.3998502369668246;0.4573849056603773;0.3275169811320755;0.3113725685250626;0.3326354875502774;0.2149509282414601;0.2566377520103821;20.6;23.07;25.2;80.27;4.47;14.04;1.8;12.9;1.68;0.0;1.0;2018.0;0.0;0.0994453063526902;-0.0671165539448417
2018-01-15;2018-01-11;4;35;0;2109.2;1348.0;761.2;8.0;0.1609451282051282;0.2047892307692307;0.2529291666666666;0.34323125;0.3827354166666666;0.3933271794871795;0.4419604166666667;0.3129916666666666;0.3152194881881324;0.3331120131038005;0.2172481766037312;0.257538199443616;20.6;23.07;25.2;80.27;4.47;14.04;1.8;12.9;1.68;0.0;1.0;2018.0;17.5;0.1137383113277634;-0.0582233441552623
2018-01-15;2018-01-11;4;35;1;1991.1062;958.4076;1032.6986;9.8;0.1609451282051282;0.2047892307692307;0.2529291666666666;0.34323125;0.3827354166666666;0.3933271794871795;0.4419604166666667;0.3129916666666666;0.3152194881881324;0.3331120131038005;0.2172481766037312;0.257538199443616;20.6;23.07;25.2;80.27;4.47;14.04;1.8;12.9;1.68;0.0;1.0;2018.0;0.0;0.1137383113277634;-0.0582233441552623
2018-01-15;2018-01-11;4;36;0;1834.4363;0.0;1834.4363;9.6;0.1552310256410256;0.1946317948717948;0.2417989898989898;0.3322272727272727;0.3709888888888888;0.3811758974358974;0.4158848484848485;0.2945222222222222;0.3239694520517445;0.3367868955668148;0.2237279710152808;0.2600986736262557;20.6;23.07;25.2;80.27;4.47;14.04;1.8;12.9;1.68;0.0;1.0;2018.0;17.5;0.1282431794504904;-0.0435461804217395
2018-01-15;2018-01-11;4;36;1;2124.037;551.51843;1572.5187;11.2;0.1552310256410256;0.1946317948717948;0.2417989898989898;0.3322272727272727;0.3709888888888888;0.3811758974358974;0.4158848484848485;0.2945222222222222;0.3239694520517445;0.3367868955668148;0.2237279710152808;0.2600986736262557;20.6;23.07;25.2;80.27;4.47;14.04;1.8;12.9;1.68;0.0;1.0;2018.0;0.0;0.1282431794504904;-0.0435461804217395
2018-02-19;2018-02-17;1;25;0;1852.0;1852.0;0.0;15.0;0.1624756756756756;0.1972959459459459;0.243475;0.342925;0.37786;0.4006729729729729;0.41048;0.28302;0.3401130403143976;0.3722451204647629;0.2440401578032578;0.2778453335827701;21.5;27.6;33.0;56.57;3.02;20.44;0.0;17.25;5.08;0.0;2.0;2018.0;0.0;0.1720845139907908;-0.0120902312557434
2018-02-19;2018-02-17;1;25;1;2638.0176;2638.0176;0.0;21.2;0.1624756756756756;0.1972959459459459;0.243475;0.342925;0.37786;0.4006729729729729;0.41048;0.28302;0.3401130403143976;0.3722451204647629;0.2440401578032578;0.2778453335827701;21.5;27.6;33.0;56.57;3.02;20.44;0.0;17.25;5.08;0.0;2.0;2018.0;17.5;0.1720845139907908;-0.0120902312557434
2018-02-19;2018-02-17;1;26;0;1900.8;1900.8;0.0;17.4;0.1636497560975609;0.1989795121951219;0.2465529411764705;0.3485941176470588;0.3876647058823529;0.4134995121951219;0.4517843137254902;0.3238039215686275;0.3502487292745516;0.388622226809619;0.2529292485254421;0.2892459030194924;21.5;27.6;33.0;56.57;3.02;20.44;0.0;17.25;5.08;0.0;2.0;2018.0;0.0;0.1216535642165952;-0.04424536826357
2018-02-19;2018-02-17;1;26;1;2520.56;2520.4;0.16;16.0;0.1636497560975609;0.1989795121951219;0.2465529411764705;0.3485941176470588;0.3876647058823529;0.4134995121951219;0.4517843137254902;0.3238039215686275;0.3502487292745516;0.388622226809619;0.2529292485254421;0.2892459030194924;21.5;27.6;33.0;56.57;3.02;20.44;0.0;17.25;5.08;0.0;2.0;2018.0;17.5;0.1216535642165952;-0.04424536826357
2018-02-19;2018-02-17;1;27;0;2581.3406;2581.3406;0.0;15.8;0.1597111111111111;0.1936754521963824;0.236971875;0.3308989583333333;0.366725;0.3882232558139535;0.409828125;0.2864645833333333;0.3343327643444698;0.3596230229809094;0.2419266775431159;0.2697310785803884;21.5;27.6;33.0;56.57;3.02;20.44;0.0;17.25;5.08;0.0;2.0;2018.0;17.5;0.1508233387002042;-0.0270720278235858
2018-02-19;2018-02-17;1;27;1;2977.7363;2977.7363;0.0;25.0;0.1597111111111111;0.1936754521963824;0.236971875;0.3308989583333333;0.366725;0.3882232558139535;0.409828125;0.2864645833333333;0.3343327643444698;0.3596230229809094;0.2419266775431159;0.2697310785803884;21.5;27.6;33.0;56.57;3.02;20.44;0.0;17.25;5.08;0.0;2.0;2018.0;0.0;0.1508233387002042;-0.0270720278235858
2018-02-19;2018-02-17;2;28;0;838.0;126.8;711.2;6.6;0.1670775862068965;0.2052301724137931;0.2559107142857142;0.3562785714285714;0.3916446428571428;0.4163646551724138;0.4464232142857143;0.3158178571428571;0.3396657652035226;0.3784684233624467;0.2386729429281779;0.2823673187041235;21.5;27.6;33.0;56.57;3.02;20.44;0.0;17.25;5.08;0.0;2.0;2018.0;0.0;0.1373247739987842;-0.0348388754378045
2018-02-19;2018-02-17;2;28;1;2347.2512;0.0;2347.2512;15.0;0.1670775862068965;0.2052301724137931;0.2559107142857142;0.3562785714285714;0.3916446428571428;0.4163646551724138;0.4464232142857143;0.3158178571428571;0.3396657652035226;0.3784684233624467;0.2386729429281779;0.2823673187041235;21.5;27.6;33.0;56.57;3.02;20.44;0.0;17.25;5.08;0.0;2.0;2018.0;17.5;0.1373247739987842;-0.0348388754378045
2018-02-19;2018-02-17;2;29;0;726.4;158.8;567.6;4.0;0.1708158536585366;0.2092908536585365;0.2602975;0.3605275;0.3978224999999999;0.4208243902439024;0.47736;0.3468;0.3357061087354326;0.3789699454542833;0.2356801220797931;0.2807680956345376;21.5;27.6;33.0;56.57;3.02;20.44;0.0;17.25;5.08;0.0;2.0;2018.0;0.0;0.0964330878287779;-0.0629443245398034
2018-02-19;2018-02-17;2;29;1;780.6367;0.0;780.6367;11.2;0.1708158536585366;0.2092908536585365;0.2602975;0.3605275;0.3978224999999999;0.4208243902439024;0.47736;0.3468;0.3357061087354326;0.3789699454542833;0.2356801220797931;0.2807680956345376;21.5;27.6;33.0;56.57;3.02;20.44;0.0;17.25;5.08;0.0;2.0;2018.0;17.5;0.0964330878287779;-0.0629443245398034
2018-02-19;2018-02-17;2;30;0;1251.6;275.6;976.0;5.2;0.1706082089552238;0.2094388059701492;0.258155223880597;0.3516671641791045;0.3863462686567164;0.4091850746268656;0.4688761194029851;0.3374164179104477;0.3228880664353716;0.3602260678995048;0.2263160955273551;0.2678464211090919;21.5;27.6;33.0;56.57;3.02;20.44;0.0;17.25;5.08;0.0;2.0;2018.0;0.0;0.0961271273012236;-0.0679805065774153
2018-02-19;2018-02-17;2;30;1;1895.2;0.0;1895.2;9.2;0.1706082089552238;0.2094388059701492;0.258155223880597;0.3516671641791045;0.3863462686567164;0.4091850746268656;0.4688761194029851;0.3374164179104477;0.3228880664353716;0.3602260678995048;0.2263160955273551;0.2678464211090919;21.5;27.6;33.0;56.57;3.02;20.44;0.0;17.25;5.08;0.0;2.0;2018.0;17.5;0.0961271273012236;-0.0679805065774153
2018-02-19;2018-02-17;3;31;0;4254.904;4254.904;0.0;19.0;0.1633061032863849;0.1982211267605634;0.243782;0.348014;0.38825;0.4127821596244131;0.436274;0.30944;0.3511618311143759;0.3894557921679857;0.2574008299829974;0.2896855061005216;21.5;27.6;33.0;56.57;3.02;20.44;0.0;17.25;5.08;0.0;2.0;2018.0;17.5;0.143089156497435;-0.0276681820269446
2018-02-19;2018-02-17;3;31;1;5053.965;5053.965;0.0;19.6;0.1633061032863849;0.1982211267605634;0.243782;0.348014;0.38825;0.4127821596244131;0.436274;0.30944;0.3511618311143759;0.3894557921679857;0.2574008299829974;0.2896855061005216;21.5;27.6;33.0;56.57;3.02;20.44;0.0;17.25;5.08;0.0;2.0;2018.0;0.0;0.143089156497435;-0.0276681820269446
2018-02-19;2018-02-17;3;32;0;3541.7405;3538.3936;3.3470535;17.8;0.1654186301369863;0.2026523287671232;0.2488142857142857;0.347643956043956;0.3852989010989011;0.4086219178082191;0.4421505494505494;0.3100813186813186;0.3369511969382619;0.3720828092851213;0.243077018329221;0.2780181260510272;21.5;27.6;33.0;56.57;3.02;20.44;0.0;17.25;5.08;0.0;2.0;2018.0;0.0;0.1371088846186585;-0.039409634106239
2018-02-19;2018-02-17;3;32;1;3811.1726;3811.1726;0.0;21.2;0.1654186301369863;0.2026523287671232;0.2488142857142857;0.347643956043956;0.3852989010989011;0.4086219178082191;0.4421505494505494;0.3100813186813186;0.3369511969382619;0.3720828092851213;0.243077018329221;0.2780181260510272;21.5;27.6;33.0;56.57;3.02;20.44;0.0;17.25;5.08;0.0;2.0;2018.0;17.5;0.1371088846186585;-0.039409634106239
2018-02-19;2018-02-17;3;33;0;3701.483;3701.483;0.0;14.0;0.1655242358078602;0.202753711790393;0.2475906779661017;0.3401372881355932;0.3764805084745762;0.399553711790393;0.4507059322033899;0.325664406779661;0.3267434407997193;0.3579107924789749;0.2348209089496571;0.2678018796617179;21.5;27.6;33.0;56.57;3.02;20.44;0.0;17.25;5.08;0.0;2.0;2018.0;0.0;0.1018856301555495;-0.0601607059376922
2018-02-19;2018-02-17;3;33;1;4007.2688;4007.2688;0.0;18.4;0.1655242358078602;0.202753711790393;0.2475906779661017;0.3401372881355932;0.3764805084745762;0.399553711790393;0.4507059322033899;0.325664406779661;0.3267434407997193;0.3579107924789749;0.2348209089496571;0.2678018796617179;21.5;27.6;33.0;56.57;3.02;20.44;0.0;17.25;5.08;0.0;2.0;2018.0;17.5;0.1018856301555495;-0.0601607059376922
2018-02-19;2018-02-17;4;34;0;2344.8;1207.2;1137.6;8.2;0.1753004587155963;0.2198316513761467;0.2669395833333333;0.3525479166666666;0.3870958333333333;0.4113532110091744;0.4791979166666667;0.3499229166666666;0.3034318011196361;0.338236359179264;0.2129075067291936;0.2539658627005945;21.5;27.6;33.0;56.57;3.02;20.44;0.0;17.25;5.08;0.0;2.0;2018.0;0.0;0.0806938403940933;-0.0761828305518554
2018-02-19;2018-02-17;4;34;1;3748.0579;994.9106;2753.1472;16.4;0.1753004587155963;0.2198316513761467;0.2669395833333333;0.3525479166666666;0.3870958333333333;0.4113532110091744;0.4791979166666667;0.3499229166666666;0.3034318011196361;0.338236359179264;0.2129075067291936;0.2539658627005945;21.5;27.6;33.0;56.57;3.02;20.44;0.0;17.25;5.08;0.0;2.0;2018.0;17.5;0.0806938403940933;-0.0761828305518554
2018-02-19;2018-02-17;4;35;0;1206.8;359.2;847.6;5.8;0.1733101522842639;0.2157380710659898;0.264136;0.351808;0.385644;0.4080598984771573;0.466118;0.336638;0.3083078765902666;0.34278001819962;0.2141100515537408;0.2567033834684956;21.5;27.6;33.0;56.57;3.02;20.44;0.0;17.25;5.08;0.0;2.0;2018.0;17.5;0.0959072109955042;-0.0664145154252716
2018-02-19;2018-02-17;4;35;1;2142.0;424.4;1717.6;12.8;0.1733101522842639;0.2157380710659898;0.264136;0.351808;0.385644;0.4080598984771573;0.466118;0.336638;0.3083078765902666;0.34278001819962;0.2141100515537408;0.2567033834684956;21.5;27.6;33.0;56.57;3.02;20.44;0.0;17.25;5.08;0.0;2.0;2018.0;0.0;0.0959072109955042;-0.0664145154252716
2018-02-19;2018-02-17;4;36;0;1982.8206;619.3565;1363.464;4.4;0.1671171794871795;0.2056787179487179;0.2524276595744681;0.3386680851063829;0.3715925531914893;0.393085641025641;0.440595744680851;0.3169117021276595;0.3129894427883748;0.3410426806011529;0.2179009810028833;0.2558422853083685;21.5;27.6;33.0;56.57;3.02;20.44;0.0;17.25;5.08;0.0;2.0;2018.0;17.5;0.1072876393588619;-0.0569883224811936
2018-02-19;2018-02-17;4;36;1;2258.9873;148.50076;2110.4866;9.8;0.1671171794871795;0.2056787179487179;0.2524276595744681;0.3386680851063829;0.3715925531914893;0.393085641025641;0.440595744680851;0.3169117021276595;0.3129894427883748;0.3410426806011529;0.2179009810028833;0.2558422853083685;21.5;27.6;33.0;56.57;3.02;20.44;0.0;17.25;5.08;0.0;2.0;2018.0;0.0;0.1072876393588619;-0.0569883224811936
2018-03-23;2018-03-22;1;25;0;8683.265;3424.316;5258.948;19.0;0.1372445945945946;0.1620662162162162;0.203735;0.30212;0.334775;0.3590864864864865;0.3464;0.2393699999999999;0.3780471045214221;0.3782597483059454;0.2760226647640904;0.2894086306810136;15.6;25.99;30.6;54.92;3.51;22.92;0.0;13.1;4.79;0.0;3.0;2018.0;0.0;0.2000420902601241;0.0179826073631383
2018-03-23;2018-03-22;1;25;1;8024.718;4010.7644;4013.9534;22.2;0.1372445945945946;0.1620662162162162;0.203735;0.30212;0.334775;0.3590864864864865;0.3464;0.2393699999999999;0.3780471045214221;0.3782597483059454;0.2760226647640904;0.2894086306810136;15.6;25.99;30.6;54.92;3.51;22.92;0.0;13.1;4.79;0.0;3.0;2018.0;16.0;0.2000420902601241;0.0179826073631383
2018-03-23;2018-03-22;1;26;0;9023.776;3974.9995;5048.7773;18.6;0.139730731707317;0.166340487804878;0.2080745098039215;0.3036490196078431;0.3371098039215686;0.3603385365853658;0.3708313725490196;0.2697039215686274;0.3683420827421153;0.3701119969981259;0.2678756720111658;0.2834352959958036;15.6;25.99;30.6;54.92;3.51;22.92;0.0;13.1;4.79;0.0;3.0;2018.0;0.0;0.1438547733470142;-0.0143507491659168
2018-03-23;2018-03-22;1;26;1;7283.934;2762.9775;4520.9565;25.6;0.139730731707317;0.166340487804878;0.2080745098039215;0.3036490196078431;0.3371098039215686;0.3603385365853658;0.3708313725490196;0.2697039215686274;0.3683420827421153;0.3701119969981259;0.2678756720111658;0.2834352959958036;15.6;25.99;30.6;54.92;3.51;22.92;0.0;13.1;4.79;0.0;3.0;2018.0;16.0;0.1438547733470142;-0.0143507491659168
2018-03-23;2018-03-22;1;27;0;14237.739;6270.927;7966.812;24.6;0.135447803617571;0.159556330749354;0.1985885416666666;0.290909375;0.3227364583333333;0.3456;0.34295;0.2390583333333333;0.3682892956615369;0.3613678786227055;0.2701480223804173;0.2776339314979222;15.6;25.99;30.6;54.92;3.51;22.92;0.0;13.1;4.79;0.0;3.0;2018.0;16.0;0.1822289371285223;0.0038486674896522
2018-03-23;2018-03-22;1;27;1;5386.7886;3030.238;2356.5505;27.2;0.135447803617571;0.159556330749354;0.1985885416666666;0.290909375;0.3227364583333333;0.3456;0.34295;0.2390583333333333;0.3682892956615369;0.3613678786227055;0.2701480223804173;0.2776339314979222;15.6;25.99;30.6;54.92;3.51;22.92;0.0;13.1;4.79;0.0;3.0;2018.0;0.0;0.1822289371285223;0.0038486674896522
2018-03-23;2018-03-22;2;28;0;1228.4;384.8;843.6;6.8;0.1436508620689655;0.1689719827586207;0.2222517857142857;0.3465964285714286;0.3860017857142857;0.4128258620689655;0.3811607142857142;0.2625767857142857;0.4191385057168956;0.4518234711392218;0.300079961906834;0.3381230797550851;15.6;25.99;30.6;54.92;3.51;22.92;0.0;13.1;4.79;0.0;3.0;2018.0;0.0;0.2224585243303597;0.0398812130157553
2018-03-23;2018-03-22;2;28;1;866.4;135.2;731.2;8.0;0.1436508620689655;0.1689719827586207;0.2222517857142857;0.3465964285714286;0.3860017857142857;0.4128258620689655;0.3811607142857142;0.2625767857142857;0.4191385057168956;0.4518234711392218;0.300079961906834;0.3381230797550851;15.6;25.99;30.6;54.92;3.51;22.92;0.0;13.1;4.79;0.0;3.0;2018.0;16.0;0.2224585243303597;0.0398812130157553
2018-03-23;2018-03-22;2;29;0;2173.6;1252.8;920.8;7.8;0.1460231707317073;0.1739762195121951;0.2247324999999999;0.34152;0.3802574999999999;0.4052292682926829;0.4039975;0.28778;0.3992590775631464;0.4270087555625813;0.2865201943633243;0.3214212465471155;15.6;25.99;30.6;54.92;3.51;22.92;0.0;13.1;4.79;0.0;3.0;2018.0;16.0;0.1694771970107041;0.0015221546554641
2018-03-23;2018-03-22;2;29;1;1474.0;779.6;694.4;13.2;0.1460231707317073;0.1739762195121951;0.2247324999999999;0.34152;0.3802574999999999;0.4052292682926829;0.4039975;0.28778;0.3992590775631464;0.4270087555625813;0.2865201943633243;0.3214212465471155;15.6;25.99;30.6;54.92;3.51;22.92;0.0;13.1;4.79;0.0;3.0;2018.0;0.0;0.1694771970107041;0.0015221546554641
2018-03-23;2018-03-22;2;30;0;1420.4;530.8;889.6;6.8;0.1467746268656716;0.1739376865671641;0.2251940298507462;0.3465791044776119;0.3844776119402985;0.4096828358208955;0.4040641791044776;0.282355223880597;0.4039356743130088;0.4357583721457622;0.290589901673259;0.3263298512483889;15.6;25.99;30.6;54.92;3.51;22.92;0.0;13.1;4.79;0.0;3.0;2018.0;16.0;0.1839893198868581;0.0069046725989319
2018-03-23;2018-03-22;2;30;1;1110.8;560.4;550.4;7.2;0.1467746268656716;0.1739376865671641;0.2251940298507462;0.3465791044776119;0.3844776119402985;0.4096828358208955;0.4040641791044776;0.282355223880597;0.4039356743130088;0.4357583721457622;0.290589901673259;0.3263298512483889;15.6;25.99;30.6;54.92;3.51;22.92;0.0;13.1;4.79;0.0;3.0;2018.0;0.0;0.1839893198868581;0.0069046725989319
2018-03-23;2018-03-22;3;31;0;3962.8408;3962.8408;0.0;22.4;0.1397807511737089;0.1672507042253521;0.207254;0.304952;0.340952;0.3658882629107981;0.372184;0.264248;0.3725812047700482;0.375912220039139;0.2767799081944292;0.2883990900605565;15.6;25.99;30.6;54.92;3.51;22.92;0.0;13.1;4.79;0.0;3.0;2018.0;32.0;0.1612988632669539;-0.0085299738326066
2018-03-23;2018-03-22;3;32;0;3811.426;3811.426;0.0;20.4;0.1418734246575342;0.1707621917808219;0.2114692307692307;0.3038758241758241;0.3376021978021978;0.3593632876712329;0.378078021978022;0.2666769230769231;0.3557668951987588;0.3572299636560491;0.2590848491008437;0.2746283336143648;15.6;25.99;30.6;54.92;3.51;22.92;0.0;13.1;4.79;0.0;3.0;2018.0;32.0;0.1480517752742175;-0.0253779305036359
2018-03-23;2018-03-22;3;33;0;5554.33;5554.33;0.0;30.4;0.1419065502183406;0.1715829694323144;0.2119694915254237;0.3006186440677966;0.3334737288135593;0.3553281659388646;0.3835652542372881;0.2770059322033898;0.3487214146216745;0.3478634222512419;0.2527045062273421;0.2683949810907472;15.6;25.99;30.6;54.92;3.51;22.92;0.0;13.1;4.79;0.0;3.0;2018.0;32.0;0.1238621070183927;-0.0382153738650044
2018-03-23;2018-03-22;4;34;0;983.2;238.8;744.4;7.8;0.1539321100917431;0.1908683486238532;0.2334166666666666;0.3234979166666666;0.35778125;0.3836100917431193;0.4354979166666667;0.3209104166666666;0.3355073568925303;0.3506105396527013;0.2434147677217989;0.2690725135258711;15.6;25.99;30.6;54.92;3.51;22.92;0.0;13.1;4.79;0.0;3.0;2018.0;16.0;0.0889962383323314;-0.063346743519554
2018-03-23;2018-03-22;4;34;1;4380.703;2551.2983;1829.4047;10.0;0.1539321100917431;0.1908683486238532;0.2334166666666666;0.3234979166666666;0.35778125;0.3836100917431193;0.4354979166666667;0.3209104166666666;0.3355073568925303;0.3506105396527013;0.2434147677217989;0.2690725135258711;15.6;25.99;30.6;54.92;3.51;22.92;0.0;13.1;4.79;0.0;3.0;2018.0;0.0;0.0889962383323314;-0.063346743519554
2018-03-23;2018-03-22;4;35;0;2025.6;1608.0;417.6;10.4;0.1532563451776649;0.1904040609137055;0.231944;0.316012;0.3473;0.3711116751269035;0.4278119999999999;0.313874;0.3218211042265947;0.3311814240557496;0.2307708572639132;0.2553531823568061;15.6;25.99;30.6;54.92;3.51;22.92;0.0;13.1;4.79;0.0;3.0;2018.0;0.0;0.0835603972540001;-0.0709708907601092
2018-03-23;2018-03-22;4;35;1;2330.8298;1420.7878;910.0419;6.0;0.1532563451776649;0.1904040609137055;0.231944;0.316012;0.3473;0.3711116751269035;0.4278119999999999;0.313874;0.3218211042265947;0.3311814240557496;0.2307708572639132;0.2553531823568061;15.6;25.99;30.6;54.92;3.51;22.92;0.0;13.1;4.79;0.0;3.0;2018.0;16.0;0.0835603972540001;-0.0709708907601092
2018-03-23;2018-03-22;4;36;0;1615.884;473.56082;1142.3232;9.8;0.1485692307692307;0.1827776923076923;0.2249531914893617;0.3100531914893616;0.3416212765957446;0.3644307692307692;0.4027117021276595;0.2913808510638297;0.3319632090709348;0.3371869281433978;0.2366497682953379;0.2601961551994276;15.6;25.99;30.6;54.92;3.51;22.92;0.0;13.1;4.79;0.0;3.0;2018.0;0.0;0.1113885693793051;-0.0499006825017832
2018-03-23;2018-03-22;4;36;1;1753.8463;193.43587;1560.4105;7.0;0.1485692307692307;0.1827776923076923;0.2249531914893617;0.3100531914893616;0.3416212765957446;0.3644307692307692;0.4027117021276595;0.2913808510638297;0.3319632090709348;0.3371869281433978;0.2366497682953379;0.2601961551994276;15.6;25.99;30.6;54.92;3.51;22.92;0.0;13.1;4.79;0.0;3.0;2018.0;16.0;0.1113885693793051;-0.0499006825017832
2018-04-25;2018-04-18;1;25;0;1405.707;1405.707;0.0;8.0;0.1338878378378378;0.1449216216216216;0.1847349999999999;0.31665;0.361535;0.3757351351351351;0.32964;0.2172849999999999;0.4433122407769813;0.4649351031147565;0.3407855711867378;0.3392132251888688;20.2;24.08;26.2;79.33;1.73;10.16;0.0;13.2;1.16;0.0;4.0;2018.0;0.0;0.2671918300025819;0.0653483980921786
2018-04-25;2018-04-18;1;25;1;4575.654;4477.2246;98.42901;23.8;0.1338878378378378;0.1449216216216216;0.1847349999999999;0.31665;0.361535;0.3757351351351351;0.32964;0.2172849999999999;0.4433122407769813;0.4649351031147565;0.3407855711867378;0.3392132251888688;20.2;24.08;26.2;79.33;1.73;10.16;0.0;13.2;1.16;0.0;4.0;2018.0;16.5;0.2671918300025819;0.0653483980921786
2018-04-25;2018-04-18;1;26;0;703.42975;338.70935;364.7204;4.6;0.1392458536585366;0.15338;0.1989549019607843;0.3350019607843137;0.3827764705882353;0.3951239024390243;0.3615098039215686;0.2504666666666666;0.4407332406644059;0.4754769689059218;0.3302070348670787;0.3458412055644442;20.2;24.08;26.2;79.33;1.73;10.16;0.0;13.2;1.16;0.0;4.0;2018.0;16.5;0.2240696235274086;0.0444258539302187
2018-04-25;2018-04-18;1;26;1;4011.9858;3944.9778;67.007996;23.6;0.1392458536585366;0.15338;0.1989549019607843;0.3350019607843137;0.3827764705882353;0.3951239024390243;0.3615098039215686;0.2504666666666666;0.4407332406644059;0.4754769689059218;0.3302070348670787;0.3458412055644442;20.2;24.08;26.2;79.33;1.73;10.16;0.0;13.2;1.16;0.0;4.0;2018.0;0.0;0.2240696235274086;0.0444258539302187
2018-04-25;2018-04-18;1;27;0;1791.4126;863.75085;927.66174;4.6;0.1332237726098191;0.1445997416020671;0.182784375;0.309871875;0.3556645833333333;0.3663354005167958;0.331053125;0.2203885416666666;0.4339800507657085;0.4489464694389709;0.3342640962876443;0.3290057635893187;20.2;24.08;26.2;79.33;1.73;10.16;0.0;13.2;1.16;0.0;4.0;2018.0;0.0;0.2487487698337238;0.0505919931657179
2018-04-25;2018-04-18;1;27;1;6124.151;5972.2383;151.9123;24.4;0.1332237726098191;0.1445997416020671;0.182784375;0.309871875;0.3556645833333333;0.3663354005167958;0.331053125;0.2203885416666666;0.4339800507657085;0.4489464694389709;0.3342640962876443;0.3290057635893187;20.2;24.08;26.2;79.33;1.73;10.16;0.0;13.2;1.16;0.0;4.0;2018.0;16.5;0.2487487698337238;0.0505919931657179
2018-04-25;2018-04-18;2;28;0;1405.707;1405.707;0.0;8.0;0.1358043103448276;0.145715948275862;0.2028;0.3879357142857143;0.4461321428571428;0.458678448275862;0.3551589285714285;0.2301321428571428;0.517811716629998;0.5952384075448311;0.3868280953715227;0.4250689350342188;20.2;24.08;26.2;79.33;1.73;10.16;0.0;13.2;1.16;0.0;4.0;2018.0;16.5;0.3317984774926151;0.1271992693496775
2018-04-25;2018-04-18;2;28;1;2015.7179;1020.6858;995.03217;8.4;0.1358043103448276;0.145715948275862;0.2028;0.3879357142857143;0.4461321428571428;0.458678448275862;0.3551589285714285;0.2301321428571428;0.517811716629998;0.5952384075448311;0.3868280953715227;0.4250689350342188;20.2;24.08;26.2;79.33;1.73;10.16;0.0;13.2;1.16;0.0;4.0;2018.0;0.0;0.3317984774926151;0.1271992693496775
2018-04-25;2018-04-18;2;29;0;703.42975;338.70935;364.7204;4.6;0.1382518292682927;0.1495091463414634;0.207085;0.3899875;0.4488149999999999;0.4592987804878048;0.37661;0.25078;0.508846255927968;0.5869607160145524;0.3784812714126683;0.4190847124878674;20.2;24.08;26.2;79.33;1.73;10.16;0.0;13.2;1.16;0.0;4.0;2018.0;16.5;0.2936558396302986;0.0989208181777331
2018-04-25;2018-04-18;2;29;1;1547.6042;713.3588;834.2454;14.2;0.1382518292682927;0.1495091463414634;0.207085;0.3899875;0.4488149999999999;0.4592987804878048;0.37661;0.25078;0.508846255927968;0.5869607160145524;0.3784812714126683;0.4190847124878674;20.2;24.08;26.2;79.33;1.73;10.16;0.0;13.2;1.16;0.0;4.0;2018.0;0.0;0.2936558396302986;0.0989208181777331
2018-04-25;2018-04-18;2;30;0;1791.4126;863.75085;927.66174;4.6;0.1362996268656716;0.1441865671641791;0.2012731343283582;0.3956134328358209;0.4589522388059701;0.4704380597014925;0.3629014925373134;0.2347567164179104;0.5308142210328595;0.6210480154184844;0.4007152594231929;0.4390511630647356;20.2;24.08;26.2;79.33;1.73;10.16;0.0;13.2;1.16;0.0;4.0;2018.0;0.0;0.3342074434817944;0.1290429175901672
2018-04-25;2018-04-18;2;30;1;2096.4268;1508.4849;587.94196;13.8;0.1362996268656716;0.1441865671641791;0.2012731343283582;0.3956134328358209;0.4589522388059701;0.4704380597014925;0.3629014925373134;0.2347567164179104;0.5308142210328595;0.6210480154184844;0.4007152594231929;0.4390511630647356;20.2;24.08;26.2;79.33;1.73;10.16;0.0;13.2;1.16;0.0;4.0;2018.0;16.5;0.3342074434817944;0.1290429175901672
2018-04-25;2018-04-18;3;31;0;3698.8599;3698.8599;0.0;18.0;0.1371882629107981;0.1506746478873239;0.191152;0.327912;0.377702;0.3891737089201878;0.35896;0.242502;0.4417889913442916;0.4715993939055236;0.3412251187159136;0.3440391949530381;20.2;24.08;26.2;79.33;1.73;10.16;0.0;13.2;1.16;0.0;4.0;2018.0;33.0;0.232194632228164;0.0403854398751748
2018-04-25;2018-04-18;3;32;0;4960.34;4960.34;0.0;29.6;0.1380427397260274;0.1516249315068493;0.1918813186813187;0.3234296703296703;0.3707912087912088;0.381787397260274;0.3613494505494505;0.2417373626373626;0.4314907124201638;0.4580469947810234;0.3310378852841094;0.334081265550623;20.2;24.08;26.2;79.33;1.73;10.16;0.0;13.2;1.16;0.0;4.0;2018.0;33.0;0.2246102218072353;0.0275022652571474
2018-04-25;2018-04-18;3;33;0;6088.803;6088.803;0.0;20.8;0.1387017467248908;0.1538089519650655;0.1955466101694915;0.3218406779661017;0.3672881355932203;0.3772161572052402;0.3637076271186441;0.2488771186440677;0.4207093061743065;0.4433362536536501;0.3171811391798986;0.3250268154283215;20.2;24.08;26.2;79.33;1.73;10.16;0.0;13.2;1.16;0.0;4.0;2018.0;33.0;0.2049838953901525;0.0182320103260325
2018-04-25;2018-04-18;4;34;0;1382.4;593.6;788.8;12.4;0.1430752293577981;0.156791743119266;0.20710625;0.3758604166666666;0.4328354166666667;0.4434577981651376;0.39700625;0.2680375;0.4775781326420815;0.546595276762992;0.3633025046984193;0.3908195972223147;20.2;24.08;26.2;79.33;1.73;10.16;0.0;13.2;1.16;0.0;4.0;2018.0;0.0;0.2465515915811753;0.0552689294283895
2018-04-25;2018-04-18;4;34;1;4746.809;282.9708;4463.8384;19.2;0.1430752293577981;0.156791743119266;0.20710625;0.3758604166666666;0.4328354166666667;0.4434577981651376;0.39700625;0.2680375;0.4775781326420815;0.546595276762992;0.3633025046984193;0.3908195972223147;20.2;24.08;26.2;79.33;1.73;10.16;0.0;13.2;1.16;0.0;4.0;2018.0;16.5;0.2465515915811753;0.0552689294283895
2018-04-25;2018-04-18;4;35;0;1569.775;517.8778;1051.8972;7.0;0.1429015228426396;0.157353807106599;0.205234;0.362926;0.416718;0.4266121827411168;0.395176;0.266642;0.4610857144347292;0.518213716569662;0.3503672076971634;0.3726016934429078;20.2;24.08;26.2;79.33;1.73;10.16;0.0;13.2;1.16;0.0;4.0;2018.0;16.5;0.2307525677069802;0.0382533886484711
2018-04-25;2018-04-18;4;35;1;1891.1854;1089.5244;801.661;11.2;0.1429015228426396;0.157353807106599;0.205234;0.362926;0.416718;0.4266121827411168;0.395176;0.266642;0.4610857144347292;0.518213716569662;0.3503672076971634;0.3726016934429078;20.2;24.08;26.2;79.33;1.73;10.16;0.0;13.2;1.16;0.0;4.0;2018.0;0.0;0.2307525677069802;0.0382533886484711
2018-04-25;2018-04-18;4;36;0;2210.144;274.9487;1935.1954;11.0;0.1388002564102564;0.1510492307692307;0.2000489361702127;0.3592531914893617;0.4128;0.4226282051282051;0.3683670212765957;0.2463659574468084;0.4734001328361958;0.5271651634331559;0.3574553395261403;0.3794141964043061;20.2;24.08;26.2;79.33;1.73;10.16;0.0;13.2;1.16;0.0;4.0;2018.0;0.0;0.2634735212082401;0.0685986236582427
2018-04-25;2018-04-18;4;36;1;3680.6765;1409.7363;2270.9402;20.8;0.1388002564102564;0.1510492307692307;0.2000489361702127;0.3592531914893617;0.4128;0.4226282051282051;0.3683670212765957;0.2463659574468084;0.4734001328361958;0.5271651634331559;0.3574553395261403;0.3794141964043061;20.2;24.08;26.2;79.33;1.73;10.16;0.0;13.2;1.16;0.0;4.0;2018.0;16.5;0.2634735212082401;0.0685986236582427
2018-06-08;2018-06-07;1;25;0;5174.5166;5149.2056;25.310995;25.6;0.1296987012987013;0.1456116883116883;0.18042;0.283415;0.31659;0.3433415584415584;0.29243;0.202545;0.4043942267340249;0.3972804196687364;0.3110605500073891;0.2999078127995755;3.8;11.42;14.9;66.27;3.96;13.96;0.0;;1.02;0.0;6.0;2018.0;22.0;0.257922742856164;0.0800783831323878
2018-06-08;2018-06-07;1;25;1;4783.0044;4756.9497;26.054497;21.4;0.1296987012987013;0.1456116883116883;0.18042;0.283415;0.31659;0.3433415584415584;0.29243;0.202545;0.4043942267340249;0.3972804196687364;0.3110605500073891;0.2999078127995755;3.8;11.42;14.9;66.27;3.96;13.96;0.0;;1.02;0.0;6.0;2018.0;0.0;0.257922742856164;0.0800783831323878
2018-06-08;2018-06-07;1;26;0;3649.308;3630.1392;19.169052;21.8;0.1305605769230769;0.1441552884615384;0.1865725490196078;0.2998470588235294;0.3346019607843137;0.3638538461538461;0.2965686274509804;0.206135294117647;0.4324696993069666;0.4395443627461353;0.3220799341906055;0.3269294148452371;3.8;11.42;14.9;66.27;3.96;13.96;0.0;;1.02;0.0;6.0;2018.0;22.0;0.2767044859154258;0.1018820851682991
2018-06-08;2018-06-07;1;26;1;6070.8755;6015.3154;55.56018;28.2;0.1305605769230769;0.1441552884615384;0.1865725490196078;0.2998470588235294;0.3346019607843137;0.3638538461538461;0.2965686274509804;0.206135294117647;0.4324696993069666;0.4395443627461353;0.3220799341906055;0.3269294148452371;3.8;11.42;14.9;66.27;3.96;13.96;0.0;;1.02;0.0;6.0;2018.0;0.0;0.2767044859154258;0.1018820851682991
2018-06-08;2018-06-07;1;27;0;6607.685;6478.091;129.59462;26.0;0.128810824742268;0.1447623711340206;0.1802670103092783;0.2842185567010309;0.3183432989690721;0.3440201030927834;0.2948876288659793;0.2028690721649484;0.4076613677157;0.3996302262538118;0.3123347658135691;0.3022774024912445;3.8;11.42;14.9;66.27;3.96;13.96;0.0;;1.02;0.0;6.0;2018.0;0.0;0.2580980522448902;0.076900735065725
2018-06-08;2018-06-07;1;27;1;5327.118;5327.118;0.0;30.2;0.128810824742268;0.1447623711340206;0.1802670103092783;0.2842185567010309;0.3183432989690721;0.3440201030927834;0.2948876288659793;0.2028690721649484;0.4076613677157;0.3996302262538118;0.3123347658135691;0.3022774024912445;3.8;11.42;14.9;66.27;3.96;13.96;0.0;;1.02;0.0;6.0;2018.0;22.0;0.2580980522448902;0.076900735065725
2018-06-08;2018-06-07;2;28;0;2618.4634;0.0;2618.4634;15.0;0.1312162280701754;0.145263596491228;0.204605;0.36574;0.4098983333333333;0.4431837719298245;0.314625;0.2123316666666666;0.5062817703442003;0.5597294542362181;0.368297170726;0.4105667174391333;3.8;11.42;14.9;66.27;3.96;13.96;0.0;;1.02;0.0;6.0;2018.0;0.0;0.3521688303137907;0.1696453995939353
2018-06-08;2018-06-07;2;28;1;1930.3754;0.0;1930.3754;7.4;0.1312162280701754;0.145263596491228;0.204605;0.36574;0.4098983333333333;0.4431837719298245;0.314625;0.2123316666666666;0.5062817703442003;0.5597294542362181;0.368297170726;0.4105667174391333;3.8;11.42;14.9;66.27;3.96;13.96;0.0;;1.02;0.0;6.0;2018.0;22.0;0.3521688303137907;0.1696453995939353
2018-06-08;2018-06-07;2;29;0;934.0;338.4;595.6;3.2;0.132155487804878;0.1448585365853658;0.207285;0.3713324999999999;0.414435;0.4479506097560976;0.31944;0.215925;0.5112810337716145;0.5714682843615495;0.3672962918570345;0.4160269991133837;3.8;11.42;14.9;66.27;3.96;13.96;0.0;;1.02;0.0;6.0;2018.0;22.0;0.3495016330564424;0.1674644022513417
2018-06-08;2018-06-07;2;29;1;1480.4;635.2;845.2;11.8;0.132155487804878;0.1448585365853658;0.207285;0.3713324999999999;0.414435;0.4479506097560976;0.31944;0.215925;0.5112810337716145;0.5714682843615495;0.3672962918570345;0.4160269991133837;3.8;11.42;14.9;66.27;3.96;13.96;0.0;;1.02;0.0;6.0;2018.0;0.0;0.3495016330564424;0.1674644022513417
2018-06-08;2018-06-07;2;30;0;1104.1991;102.9866;1001.21246;7.8;0.1322864150943396;0.1451143396226415;0.2054567164179104;0.3701910447761194;0.4167402985074626;0.4523577358490566;0.3221208955223881;0.2179820895522388;0.5142389223527303;0.5771365204904572;0.3753353526671135;0.4199333218948108;3.8;11.42;14.9;66.27;3.96;13.96;0.0;;1.02;0.0;6.0;2018.0;0.0;0.3496370608094336;0.1681606632529622
2018-06-08;2018-06-07;2;30;1;2693.7664;1443.9314;1249.8351;12.2;0.1322864150943396;0.1451143396226415;0.2054567164179104;0.3701910447761194;0.4167402985074626;0.4523577358490566;0.3221208955223881;0.2179820895522388;0.5142389223527303;0.5771365204904572;0.3753353526671135;0.4199333218948108;3.8;11.42;14.9;66.27;3.96;13.96;0.0;;1.02;0.0;6.0;2018.0;22.0;0.3496370608094336;0.1681606632529622
2018-06-08;2018-06-07;3;31;0;4799.547;4751.103;48.444023;27.0;0.1290528301886792;0.142791037735849;0.1806431372549019;0.2970470588235294;0.3352686274509803;0.3615070754716981;0.2996823529411765;0.2053058823529411;0.4337038589034638;0.4373071541450234;0.3336048459839002;0.3266699919966634;3.8;11.42;14.9;66.27;3.96;13.96;0.0;;1.02;0.0;6.0;2018.0;44.0;0.2755780208664223;0.0935053100878008
2018-06-08;2018-06-07;3;32;0;5681.1084;5681.1084;0.0;27.0;0.1298339673913043;0.1446336956521739;0.1813771739130434;0.2901728260869565;0.3244413043478261;0.3505834239130435;0.3022097826086956;0.2076510869565217;0.415877642601867;0.413676331258952;0.3180804192857124;0.3104092426849177;3.8;11.42;14.9;66.27;3.96;13.96;0.0;;1.02;0.0;6.0;2018.0;44.0;0.2560435339869532;0.0741025501201151
2018-06-08;2018-06-07;3;33;0;4802.712;4721.627;81.08475;24.8;0.1310620614035088;0.1468614035087719;0.1844525862068965;0.2866836206896551;0.3196431034482758;0.3441109649122807;0.2980318965517241;0.2072681034482758;0.4017528767206502;0.3969398502352581;0.3020608938458288;0.2985697195338443;3.8;11.42;14.9;66.27;3.96;13.96;0.0;;1.02;0.0;6.0;2018.0;44.0;0.2481829095741459;0.071758281724883
2018-06-08;2018-06-07;4;34;0;1355.4537;611.3962;744.0576;6.0;0.135403317535545;0.1491142180094786;0.2047830188679245;0.3619584905660377;0.4060679245283018;0.4377687203791469;0.3269471698113207;0.2244320754716981;0.4918434043460389;0.5479689303044333;0.3625944609289052;0.3983701816098298;3.8;11.42;14.9;66.27;3.96;13.96;0.0;;1.02;0.0;6.0;2018.0;44.0;0.3221630753755556;0.1449185926295109
2018-06-08;2018-06-07;4;35;0;1608.2931;522.20044;1086.0927;11.6;0.1357143589743589;0.1514297435897436;0.2034041666666666;0.3474666666666666;0.3884729166666666;0.4211882051282051;0.3323645833333333;0.22930625;0.4710967620599943;0.5140571236473763;0.3486818736445646;0.3772430740985988;3.8;11.42;14.9;66.27;3.96;13.96;0.0;;1.02;0.0;6.0;2018.0;44.0;0.2949786175969591;0.1178731246900632
2018-06-08;2018-06-07;4;36;0;1305.8871;796.0633;509.82382;8.0;0.1344351282051282;0.1505348717948718;0.1999969696969697;0.3306808080808081;0.3678777777777778;0.3980792307692307;0.3138949494949495;0.2189838383838384;0.4512176369827;0.4786147966480906;0.3311990360389795;0.3541021788221083;3.8;11.42;14.9;66.27;3.96;13.96;0.0;;1.02;0.0;6.0;2018.0;44.0;0.2902383910792201;0.1182406379442642
2018-08-20;2018-08-26;1;25;0;3238.8647;3112.7473;126.11754;26.4;0.1453689189189189;0.1761891891891892;0.2135099999999999;0.29062;0.31479;0.3495189189189189;0.34208;0.241875;0.3297071645965287;0.3291769600765403;0.2415664885918682;0.2534781508885094;3.5;8.27;10.4;68.64;;17.46;0.0;;0.0;0.0;8.0;2018.0;0.0;0.1820172908028786;0.0107561170433105
2018-08-20;2018-08-26;1;25;1;1795.0342;1638.6978;156.33646;22.6;0.1453689189189189;0.1761891891891892;0.2135099999999999;0.29062;0.31479;0.3495189189189189;0.34208;0.241875;0.3297071645965287;0.3291769600765403;0.2415664885918682;0.2534781508885094;3.5;8.27;10.4;68.64;;17.46;0.0;;0.0;0.0;8.0;2018.0;36.5;0.1820172908028786;0.0107561170433105
2018-08-20;2018-08-26;1;26;0;1391.7482;1341.3322;50.416042;13.8;0.1386439024390243;0.1602570731707317;0.2075490196078431;0.3045823529411764;0.3322450980392157;0.3652595121951219;0.3158823529411765;0.2224509803921568;0.3900969916709133;0.3982260885253879;0.2753284628824769;0.2998524479512764;3.5;8.27;10.4;68.64;;17.46;0.0;;0.0;0.0;8.0;2018.0;0.0;0.2429912918081126;0.0724917403866592
2018-08-20;2018-08-26;1;26;1;3246.2083;3240.1428;6.0654116;21.4;0.1386439024390243;0.1602570731707317;0.2075490196078431;0.3045823529411764;0.3322450980392157;0.3652595121951219;0.3158823529411765;0.2224509803921568;0.3900969916709133;0.3982260885253879;0.2753284628824769;0.2998524479512764;3.5;8.27;10.4;68.64;;17.46;0.0;;0.0;0.0;8.0;2018.0;36.5;0.2429912918081126;0.0724917403866592
2018-08-20;2018-08-26;1;27;0;1702.464;1687.8367;14.627376;15.4;0.1437222222222222;0.1743953488372093;0.2116625;0.288171875;0.3135177083333333;0.3471937984496124;0.3331427083333333;0.2342604166666666;0.3312922642490897;0.3283520530289081;0.2425154710175145;0.2537200743635466;3.5;8.27;10.4;68.64;;17.46;0.0;;0.0;0.0;8.0;2018.0;36.5;0.1942257513093466;0.0206531473413374
2018-08-20;2018-08-26;1;27;1;5444.2314;5328.1567;116.07482;28.8;0.1437222222222222;0.1743953488372093;0.2116625;0.288171875;0.3135177083333333;0.3471937984496124;0.3331427083333333;0.2342604166666666;0.3312922642490897;0.3283520530289081;0.2425154710175145;0.2537200743635466;3.5;8.27;10.4;68.64;;17.46;0.0;;0.0;0.0;8.0;2018.0;0.0;0.1942257513093466;0.0206531473413374
2018-08-20;2018-08-26;2;28;0;1491.2129;3.4690895;1487.7438;9.8;0.136580172413793;0.1508728448275862;0.2264125;0.3949428571428571;0.4373660714285715;0.4833672413793103;0.3284285714285714;0.2197375;0.5242405893014787;0.6092975282987688;0.3620203936505314;0.4397143081897837;3.5;8.27;10.4;68.64;;17.46;0.0;;0.0;0.0;8.0;2018.0;0.0;0.3749508798107898;0.1908591637284121
2018-08-20;2018-08-26;2;28;1;856.4;85.6;770.8;8.6;0.136580172413793;0.1508728448275862;0.2264125;0.3949428571428571;0.4373660714285715;0.4833672413793103;0.3284285714285714;0.2197375;0.5242405893014787;0.6092975282987688;0.3620203936505314;0.4397143081897837;3.5;8.27;10.4;68.64;;17.46;0.0;;0.0;0.0;8.0;2018.0;36.5;0.3749508798107898;0.1908591637284121
2018-08-20;2018-08-26;2;29;0;1336.8302;0.0;1336.8302;10.2;0.1377512195121951;0.1530182926829268;0.2294275;0.3925225;0.4326225;0.4747932926829268;0.32884;0.2224775;0.5125343454955318;0.5915986889809558;0.3484216814276911;0.4279637718417549;3.5;8.27;10.4;68.64;;17.46;0.0;;0.0;0.0;8.0;2018.0;36.5;0.3618619843691968;0.1816167821963451
2018-08-20;2018-08-26;2;29;1;741.2;266.8;474.4;9.8;0.1377512195121951;0.1530182926829268;0.2294275;0.3925225;0.4326225;0.4747932926829268;0.32884;0.2224775;0.5125343454955318;0.5915986889809558;0.3484216814276911;0.4279637718417549;3.5;8.27;10.4;68.64;;17.46;0.0;;0.0;0.0;8.0;2018.0;0.0;0.3618619843691968;0.1816167821963451
2018-08-20;2018-08-26;2;30;0;871.304;32.154736;839.14923;7.0;0.1407492537313432;0.1568597014925373;0.2324910447761194;0.3982283582089552;0.4409507462686567;0.4850820895522388;0.3453358208955224;0.2334522388059701;0.511296183919591;0.5986746392309401;0.3520073880867101;0.4311371962655911;3.5;8.27;10.4;68.64;;17.46;0.0;;0.0;0.0;8.0;2018.0;36.5;0.3501987877478615;0.1682842661490348
2018-08-20;2018-08-26;2;30;1;983.6;0.0;983.6;6.6;0.1407492537313432;0.1568597014925373;0.2324910447761194;0.3982283582089552;0.4409507462686567;0.4850820895522388;0.3453358208955224;0.2334522388059701;0.511296183919591;0.5986746392309401;0.3520073880867101;0.4311371962655911;3.5;8.27;10.4;68.64;;17.46;0.0;;0.0;0.0;8.0;2018.0;0.0;0.3501987877478615;0.1682842661490348
2018-08-20;2018-08-26;3;31;0;1327.5388;1216.6239;110.91483;14.2;0.1409901408450704;0.1657732394366197;0.208002;0.30307;0.333568;0.3714281690140845;0.328878;0.228442;0.382826489920375;0.392878649023743;0.2820463582214891;0.2974180249398095;3.5;8.27;10.4;68.64;;17.46;0.0;;0.0;0.0;8.0;2018.0;0.0;0.2383618596155383;0.0607593805349281
2018-08-20;2018-08-26;3;31;1;152.02791;0.0;152.02791;23.6;0.1409901408450704;0.1657732394366197;0.208002;0.30307;0.333568;0.3714281690140845;0.328878;0.228442;0.382826489920375;0.392878649023743;0.2820463582214891;0.2974180249398095;3.5;8.27;10.4;68.64;;17.46;0.0;;0.0;0.0;8.0;2018.0;36.5;0.2383618596155383;0.0607593805349281
2018-08-20;2018-08-26;3;32;0;672.4;666.4;6.0;10.6;0.1421695890410959;0.1702594520547945;0.2111516483516483;0.2982615384615384;0.3264252747252747;0.3551457534246575;0.3404670329670329;0.237721978021978;0.3518927856855687;0.3527205269668246;0.2542729396626977;0.2704584008086078;3.5;8.27;10.4;68.64;;17.46;0.0;;0.0;0.0;8.0;2018.0;36.5;0.1980606620572145;0.0211018554356463
2018-08-20;2018-08-26;3;32;1;3322.855;3289.0469;33.808117;24.4;0.1421695890410959;0.1702594520547945;0.2111516483516483;0.2982615384615384;0.3264252747252747;0.3551457534246575;0.3404670329670329;0.237721978021978;0.3518927856855687;0.3527205269668246;0.2542729396626977;0.2704584008086078;3.5;8.27;10.4;68.64;;17.46;0.0;;0.0;0.0;8.0;2018.0;0.0;0.1980606620572145;0.0211018554356463
2018-08-20;2018-08-26;3;33;0;1396.5807;1263.6589;132.92175;14.8;0.139536462882096;0.1645598253275109;0.2061474576271186;0.2928228813559322;0.3208567796610169;0.3496155021834061;0.3212474576271186;0.2261576271186441;0.3599077337135864;0.3585096980837833;0.2581461071194809;0.2737036760351033;3.5;8.27;10.4;68.64;;17.46;0.0;;0.0;0.0;8.0;2018.0;36.5;0.2144210432578143;0.0422859007811366
2018-08-20;2018-08-26;3;33;1;2463.6165;2454.9382;8.678101;21.2;0.139536462882096;0.1645598253275109;0.2061474576271186;0.2928228813559322;0.3208567796610169;0.3496155021834061;0.3212474576271186;0.2261576271186441;0.3599077337135864;0.3585096980837833;0.2581461071194809;0.2737036760351033;3.5;8.27;10.4;68.64;;17.46;0.0;;0.0;0.0;8.0;2018.0;0.0;0.2144210432578143;0.0422859007811366
2018-08-20;2018-08-26;4;34;0;621.6;0.0;621.6;4.0;0.1365871559633027;0.1484628440366972;0.2245604166666666;0.4168354166666667;0.464925;0.5077844036697248;0.3319666666666666;0.2208354166666666;0.5475399110454985;0.6537123322241748;0.3867358369148614;0.4661479977735628;3.5;8.27;10.4;68.64;;17.46;0.0;;0.0;0.0;8.0;2018.0;0.0;0.393825392878523;0.2093688751508566
2018-08-20;2018-08-26;4;34;1;1216.8;1164.8;52.0;;0.1365871559633027;0.1484628440366972;0.2245604166666666;0.4168354166666667;0.464925;0.5077844036697248;0.3319666666666666;0.2208354166666666;0.5475399110454985;0.6537123322241748;0.3867358369148614;0.4661479977735628;3.5;8.27;10.4;68.64;;17.46;0.0;;0.0;0.0;8.0;2018.0;36.5;0.393825392878523;0.2093688751508566
2018-08-20;2018-08-26;4;35;0;1555.5946;45.03531;1510.5593;5.6;0.1378532994923857;0.15088730964467;0.225742;0.4150399999999999;0.462338;0.5047736040609138;0.338286;0.225594;0.5397398060777981;0.6428696443282723;0.3819652893241235;0.4593297526367667;3.5;8.27;10.4;68.64;;17.46;0.0;;0.0;0.0;8.0;2018.0;36.5;0.3822453275701831;0.1974802294629745
2018-08-20;2018-08-26;4;35;1;758.8;58.4;700.4;7.0;0.1378532994923857;0.15088730964467;0.225742;0.4150399999999999;0.462338;0.5047736040609138;0.338286;0.225594;0.5397398060777981;0.6428696443282723;0.3819652893241235;0.4593297526367667;3.5;8.27;10.4;68.64;;17.46;0.0;;0.0;0.0;8.0;2018.0;0.0;0.3822453275701831;0.1974802294629745
2018-08-20;2018-08-26;4;36;0;1478.059;4.2610707;1473.7979;10.8;0.1376187179487179;0.153906923076923;0.2181414893617021;0.3703095744680851;0.4102351063829788;0.4478399999999999;0.3215968085106383;0.2208680851063829;0.4884662731968844;0.5487343064599095;0.3449022447432408;0.4001822979031202;3.5;8.27;10.4;68.64;;17.46;0.0;;0.0;0.0;8.0;2018.0;36.5;0.3394185294731536;0.1640722020223135
2018-08-20;2018-08-26;4;36;1;1298.4;240.8;1057.6;7.8;0.1376187179487179;0.153906923076923;0.2181414893617021;0.3703095744680851;0.4102351063829788;0.4478399999999999;0.3215968085106383;0.2208680851063829;0.4884662731968844;0.5487343064599095;0.3449022447432408;0.4001822979031202;3.5;8.27;10.4;68.64;;17.46;0.0;;0.0;0.0;8.0;2018.0;0.0;0.3394185294731536;0.1640722020223135
2018-10-04;2018-10-03;1;25;0;2239.6775;2148.1885;91.488914;21.0;0.1317337662337662;0.1468467532467532;0.194915;0.32355;0.35838;0.3802181818181818;0.310535;0.2100949999999999;0.4427754780208949;0.458203608083126;0.3221917769243961;0.3408325324970916;;;;;;;;;;;10.0;2018.0;22.5;0.2881913991725502;0.1008800012107995
2018-10-04;2018-10-03;1;25;1;3713.62;3647.67;65.95013;30.6;0.1317337662337662;0.1468467532467532;0.194915;0.32355;0.35838;0.3802181818181818;0.310535;0.2100949999999999;0.4427754780208949;0.458203608083126;0.3221917769243961;0.3408325324970916;;;;;;;;;;;10.0;2018.0;0.0;0.2881913991725502;0.1008800012107995
2018-10-04;2018-10-03;1;26;0;1934.3593;1853.457;80.90224;17.8;0.127539423076923;0.1372903846153846;0.1947333333333333;0.3511196078431372;0.3918901960784314;0.4112475961538462;0.2919372549019608;0.1953176470588235;0.4994316184893586;0.5357238214717106;0.3572955059885157;0.3919131446304126;;;;;;;;;;;10.0;2018.0;22.5;0.3559880021337041;0.1696713759870468
2018-10-04;2018-10-03;1;26;1;3063.4905;3013.0698;50.420673;25.0;0.127539423076923;0.1372903846153846;0.1947333333333333;0.3511196078431372;0.3918901960784314;0.4112475961538462;0.2919372549019608;0.1953176470588235;0.4994316184893586;0.5357238214717106;0.3572955059885157;0.3919131446304126;;;;;;;;;;;10.0;2018.0;0.0;0.3559880021337041;0.1696713759870468
2018-10-04;2018-10-03;1;27;0;2767.2717;2717.5266;49.7451;20.0;0.130390206185567;0.1443548969072165;0.1926474226804123;0.3217567010309278;0.3560917525773195;0.3753149484536082;0.3002278350515464;0.2022113402061855;0.444436123450704;0.456978236795528;0.3216190632637744;0.3397571075537639;;;;;;;;;;;10.0;2018.0;22.5;0.2997328635015499;0.111150789018071
2018-10-04;2018-10-03;1;27;1;1988.8574;1972.8667;15.990813;22.0;0.130390206185567;0.1443548969072165;0.1926474226804123;0.3217567010309278;0.3560917525773195;0.3753149484536082;0.3002278350515464;0.2022113402061855;0.444436123450704;0.456978236795528;0.3216190632637744;0.3397571075537639;;;;;;;;;;;10.0;2018.0;0.0;0.2997328635015499;0.111150789018071
2018-10-04;2018-10-03;2;28;0;1191.9775;48.961636;1143.0159;7.8;0.1259807017543859;0.1317706140350877;0.2101283333333333;0.4223483333333334;0.478935;0.5126719298245614;0.2910683333333333;0.1888116666666666;0.5910555090112561;0.700990138329431;0.4185715084958925;0.4992404177472446;;;;;;;;;;;10.0;2018.0;0.0;0.4616790253939239;0.2757154352583356
2018-10-04;2018-10-03;2;28;1;3606.93;412.46106;3194.4688;28.2;0.1259807017543859;0.1317706140350877;0.2101283333333333;0.4223483333333334;0.478935;0.5126719298245614;0.2910683333333333;0.1888116666666666;0.5910555090112561;0.700990138329431;0.4185715084958925;0.4992404177472446;;;;;;;;;;;10.0;2018.0;22.5;0.4616790253939239;0.2757154352583356
2018-10-04;2018-10-03;2;29;0;1362.9036;230.31424;1132.5892;9.8;0.1274317073170731;0.1340469512195122;0.2114599999999999;0.42332;0.47611;0.5052414634146342;0.2926574999999999;0.190435;0.580637007801166;0.6854751897119548;0.4099077208729968;0.488718889036963;;;;;;;;;;;10.0;2018.0;22.5;0.4525184909511657;0.2664296773928297
2018-10-04;2018-10-03;2;29;1;3972.7734;0.0;3972.7734;30.6;0.1274317073170731;0.1340469512195122;0.2114599999999999;0.42332;0.47611;0.5052414634146342;0.2926574999999999;0.190435;0.580637007801166;0.6854751897119548;0.4099077208729968;0.488718889036963;;;;;;;;;;;10.0;2018.0;0.0;0.4525184909511657;0.2664296773928297
2018-10-04;2018-10-03;2;30;0;1850.9445;258.27133;1592.6731;13.2;0.1279298113207547;0.1328520754716981;0.2150641791044776;0.4466388059701492;0.5073283582089553;0.53672;0.306810447761194;0.1965970149253731;0.6031731897477748;0.7346478673692379;0.4278565974594963;0.517968836207147;;;;;;;;;;;10.0;2018.0;22.5;0.463814391527844;0.2725563171418491
2018-10-04;2018-10-03;2;30;1;2664.3237;0.0;2664.3237;19.0;0.1279298113207547;0.1328520754716981;0.2150641791044776;0.4466388059701492;0.5073283582089553;0.53672;0.306810447761194;0.1965970149253731;0.6031731897477748;0.7346478673692379;0.4278565974594963;0.517968836207147;;;;;;;;;;;10.0;2018.0;0.0;0.463814391527844;0.2725563171418491
2018-10-04;2018-10-03;3;31;0;2172.3523;2109.1873;63.165077;17.0;0.1275948113207547;0.1390745283018868;0.1902274509803921;0.333656862745098;0.3737960784313725;0.3928726415094339;0.2951647058823529;0.1977117647058823;0.4771115020643276;0.499461506286016;0.3475307123752129;0.3689114917393753;;;;;;;;;;;10.0;2018.0;22.5;0.3304538263280855;0.1420096394439523
2018-10-04;2018-10-03;3;31;1;2318.9585;2165.9128;153.04562;20.2;0.1275948113207547;0.1390745283018868;0.1902274509803921;0.333656862745098;0.3737960784313725;0.3928726415094339;0.2951647058823529;0.1977117647058823;0.4771115020643276;0.499461506286016;0.3475307123752129;0.3689114917393753;;;;;;;;;;;10.0;2018.0;0.0;0.3304538263280855;0.1420096394439523
2018-10-04;2018-10-03;3;32;0;2149.8572;2037.4464;112.410835;21.6;0.1288899456521739;0.1415032608695652;0.1913173913043478;0.3262282608695652;0.3633565217391304;0.3825948369565217;0.3003586956521739;0.2006;0.4600123089303;0.4764882372711281;0.3332869317522705;0.3531276592526669;;;;;;;;;;;10.0;2018.0;0.0;0.3120652403342346;0.1204124986223122
2018-10-04;2018-10-03;3;32;1;5070.5303;4323.1543;747.3759;21.4;0.1288899456521739;0.1415032608695652;0.1913173913043478;0.3262282608695652;0.3633565217391304;0.3825948369565217;0.3003586956521739;0.2006;0.4600123089303;0.4764882372711281;0.3332869317522705;0.3531276592526669;;;;;;;;;;;10.0;2018.0;22.5;0.3120652403342346;0.1204124986223122
2018-10-04;2018-10-03;3;33;0;1963.3527;1847.4102;115.94247;17.4;0.1287013157894737;0.1416822368421052;0.1928568965517241;0.3293086206896551;0.3667422413793103;0.3845480263157894;0.2942594827586207;0.1989198275862069;0.4615199969995124;0.4783151762669347;0.3319873492108225;0.354987274580574;;;;;;;;;;;10.0;2018.0;0.0;0.3181464025621573;0.1330105255910942
2018-10-04;2018-10-03;3;33;1;3359.0854;2996.8787;362.20685;24.4;0.1287013157894737;0.1416822368421052;0.1928568965517241;0.3293086206896551;0.3667422413793103;0.3845480263157894;0.2942594827586207;0.1989198275862069;0.4615199969995124;0.4783151762669347;0.3319873492108225;0.354987274580574;;;;;;;;;;;10.0;2018.0;22.5;0.3181464025621573;0.1330105255910942
2018-10-04;2018-10-03;4;34;0;1551.2249;103.41499;1447.8098;9.0;0.1276758293838862;0.1342075829383886;0.2131452830188679;0.4302452830188679;0.489554716981132;0.5216853080568721;0.303566037735849;0.1969245283018867;0.590763721391338;0.7074055307864664;0.4198791242296042;0.5028291048466256;;;;;;;;;;;10.0;2018.0;22.5;0.4519292157209655;0.2643064703051186
2018-10-04;2018-10-03;4;34;1;3827.479;0.0;3827.479;24.2;0.1276758293838862;0.1342075829383886;0.2131452830188679;0.4302452830188679;0.489554716981132;0.5216853080568721;0.303566037735849;0.1969245283018867;0.590763721391338;0.7074055307864664;0.4198791242296042;0.5028291048466256;;;;;;;;;;;10.0;2018.0;0.0;0.4519292157209655;0.2643064703051186
2018-10-04;2018-10-03;4;35;0;1702.1616;702.6365;999.52515;8.8;0.1275507692307692;0.1348682051282051;0.21331875;0.4284666666666667;0.4864020833333333;0.5159261538461538;0.30518125;0.1974395833333333;0.5855274303829087;0.6961210514639973;0.4149599157294815;0.496689020605165;;;;;;;;;;;10.0;2018.0;0.0;0.44645622001984;0.2566593637555847
2018-10-04;2018-10-03;4;35;1;4268.809;24.963795;4243.845;23.4;0.1275507692307692;0.1348682051282051;0.21331875;0.4284666666666667;0.4864020833333333;0.5159261538461538;0.30518125;0.1974395833333333;0.5855274303829087;0.6961210514639973;0.4149599157294815;0.496689020605165;;;;;;;;;;;10.0;2018.0;22.5;0.44645622001984;0.2566593637555847
2018-10-04;2018-10-03;4;36;1;3561.4785;0.0;3561.4785;23.2;0.1281820512820513;0.1381341025641025;0.2073858585858585;0.3919767676767676;0.4434444444444444;0.4694630769230769;0.2937171717171717;0.1964757575757575;0.5453102574284835;0.6195833690550238;0.3872019361900267;0.4487131881001817;;;;;;;;;;;10.0;2018.0;22.5;0.4099285177635892;0.2302809926213763
2018-11-05;2018-11-02;1;25;0;322.8283;1.0;321.8283;31.0;0.1348857142857142;0.1510493506493506;0.203475;0.336685;0.375605;0.3910181818181818;0.3297;0.221085;0.4426917621803964;0.4666216146598826;0.3154673384892403;0.3454221876588998;14.0;20.475;28.7;68.833336;2.275;31.2215;0.0;11.35;0.84;0.0;11.0;2018.0;16.0;0.2776217913349428;0.0850792769838166
2018-11-05;2018-11-02;1;25;1;5135.642;974.7582;4160.8843;29.6;0.1348857142857142;0.1510493506493506;0.203475;0.336685;0.375605;0.3910181818181818;0.3297;0.221085;0.4426917621803964;0.4666216146598826;0.3154673384892403;0.3454221876588998;14.0;20.475;28.7;68.833336;2.275;31.2215;0.0;11.35;0.84;0.0;11.0;2018.0;0.0;0.2776217913349428;0.0850792769838166
2018-11-05;2018-11-02;1;26;0;3437.5542;3336.8118;100.74239;26.6;0.1339841346153846;0.1474913461538461;0.2096254901960784;0.3562705882352941;0.398913725490196;0.4159509615384615;0.3245960784313725;0.2196078431372549;0.47646336052425;0.5178547084403318;0.3298165568257933;0.3786659794933;14.0;20.475;28.7;68.833336;2.275;31.2215;0.0;11.35;0.84;0.0;11.0;2018.0;0.0;0.3089299006743955;0.1233613506993563
2018-11-05;2018-11-02;1;26;1;3454.4534;2974.4817;479.97165;30.4;0.1339841346153846;0.1474913461538461;0.2096254901960784;0.3562705882352941;0.398913725490196;0.4159509615384615;0.3245960784313725;0.2196078431372549;0.47646336052425;0.5178547084403318;0.3298165568257933;0.3786659794933;14.0;20.475;28.7;68.833336;2.275;31.2215;0.0;11.35;0.84;0.0;11.0;2018.0;16.0;0.3089299006743955;0.1233613506993563
2018-11-05;2018-11-02;1;27;0;3700.134;3556.814;143.32018;23.0;0.1338298969072165;0.1497030927835051;0.2019577319587628;0.3323350515463917;0.3703567010309278;0.3845180412371134;0.3249989690721649;0.2186443298969072;0.4395463479446425;0.4589770860570576;0.3112836328831224;0.3405678061432753;14.0;20.475;28.7;68.833336;2.275;31.2215;0.0;11.35;0.84;0.0;11.0;2018.0;16.0;0.2750067299926932;0.0838867445038479
2018-11-05;2018-11-02;1;27;1;3406.3962;2873.4866;532.90967;20.6;0.1338298969072165;0.1497030927835051;0.2019577319587628;0.3323350515463917;0.3703567010309278;0.3845180412371134;0.3249989690721649;0.2186443298969072;0.4395463479446425;0.4589770860570576;0.3112836328831224;0.3405678061432753;14.0;20.475;28.7;68.833336;2.275;31.2215;0.0;11.35;0.84;0.0;11.0;2018.0;0.0;0.2750067299926932;0.0838867445038479
2018-11-05;2018-11-02;2;28;0;1943.507;0.0;1943.507;18.4;0.1273578947368421;0.136628947368421;0.20633;0.3872716666666667;0.4427683333333333;0.4704535087719299;0.3010316666666666;0.1989033333333333;0.5498833939723209;0.625119501376196;0.3902629206364678;0.4523031137635352;14.0;20.475;28.7;68.833336;2.275;31.2215;0.0;11.35;0.84;0.0;11.0;2018.0;0.0;0.4056882044927129;0.2196047928062199
2018-11-05;2018-11-02;2;28;1;3966.227;3729.9084;236.3187;30.2;0.1273578947368421;0.136628947368421;0.20633;0.3872716666666667;0.4427683333333333;0.4704535087719299;0.3010316666666666;0.1989033333333333;0.5498833939723209;0.625119501376196;0.3902629206364678;0.4523031137635352;14.0;20.475;28.7;68.833336;2.275;31.2215;0.0;11.35;0.84;0.0;11.0;2018.0;16.0;0.4056882044927129;0.2196047928062199
2018-11-05;2018-11-02;2;29;0;1581.2043;274.58307;1306.6212;18.2;0.1295670731707317;0.1385774390243902;0.2109675;0.3963025;0.4514399999999999;0.4753207317073171;0.302795;0.2002825;0.5485328165769926;0.6305901519694646;0.3851927215037199;0.4534659920417913;14.0;20.475;28.7;68.833336;2.275;31.2215;0.0;11.35;0.84;0.0;11.0;2018.0;0.0;0.4071002310220866;0.2217224567979965
2018-11-05;2018-11-02;2;29;1;2601.8884;2112.7236;489.16492;29.4;0.1295670731707317;0.1385774390243902;0.2109675;0.3963025;0.4514399999999999;0.4753207317073171;0.302795;0.2002825;0.5485328165769926;0.6305901519694646;0.3851927215037199;0.4534659920417913;14.0;20.475;28.7;68.833336;2.275;31.2215;0.0;11.35;0.84;0.0;11.0;2018.0;16.0;0.4071002310220866;0.2217224567979965
2018-11-05;2018-11-02;2;30;0;4989.238;770.34406;4218.8936;28.0;0.1286313207547169;0.1363449056603773;0.2124791044776119;0.4167537313432836;0.4779805970149254;0.5007637735849056;0.3031970149253731;0.1969074626865671;0.5719885473169471;0.672807261143355;0.4041886403274045;0.4807177289769682;14.0;20.475;28.7;68.833336;2.275;31.2215;0.0;11.35;0.84;0.0;11.0;2018.0;0.0;0.4355293655536404;0.2457417842798269
2018-11-05;2018-11-02;2;30;1;3513.002;3484.8228;28.179161;33.2;0.1286313207547169;0.1363449056603773;0.2124791044776119;0.4167537313432836;0.4779805970149254;0.5007637735849056;0.3031970149253731;0.1969074626865671;0.5719885473169471;0.672807261143355;0.4041886403274045;0.4807177289769682;14.0;20.475;28.7;68.833336;2.275;31.2215;0.0;11.35;0.84;0.0;11.0;2018.0;16.0;0.4355293655536404;0.2457417842798269
2018-11-05;2018-11-02;3;31;0;3066.7883;2744.96;321.8283;31.0;0.1320919811320754;0.1453707547169811;0.198878431372549;0.3480725490196078;0.3936921568627451;0.4087924528301886;0.325321568627451;0.2189176470588235;0.4753503923134148;0.5103777435406078;0.3454403146746881;0.374830523718625;14.0;20.475;28.7;68.833336;2.275;31.2215;0.0;11.35;0.84;0.0;11.0;2018.0;16.0;0.3024880526933335;0.1137028877843796
2018-11-05;2018-11-02;3;31;1;5135.642;974.7582;4160.8843;29.6;0.1320919811320754;0.1453707547169811;0.198878431372549;0.3480725490196078;0.3936921568627451;0.4087924528301886;0.325321568627451;0.2189176470588235;0.4753503923134148;0.5103777435406078;0.3454403146746881;0.374830523718625;14.0;20.475;28.7;68.833336;2.275;31.2215;0.0;11.35;0.84;0.0;11.0;2018.0;0.0;0.3024880526933335;0.1137028877843796
2018-11-05;2018-11-02;3;32;0;3437.5542;3336.8118;100.74239;26.6;0.1329847826086956;0.1463619565217391;0.2008782608695652;0.3442597826086956;0.3862760869565217;0.4005826086956521;0.3279217391304348;0.2189369565217391;0.4648014960581412;0.49599443190407;0.332032153597039;0.3642322534829613;14.0;20.475;28.7;68.833336;2.275;31.2215;0.0;11.35;0.84;0.0;11.0;2018.0;16.0;0.293204060650083;0.0997397884886246
2018-11-05;2018-11-02;3;32;1;3454.4534;2974.4817;479.97165;30.4;0.1329847826086956;0.1463619565217391;0.2008782608695652;0.3442597826086956;0.3862760869565217;0.4005826086956521;0.3279217391304348;0.2189369565217391;0.4648014960581412;0.49599443190407;0.332032153597039;0.3642322534829613;14.0;20.475;28.7;68.833336;2.275;31.2215;0.0;11.35;0.84;0.0;11.0;2018.0;0.0;0.293204060650083;0.0997397884886246
2018-11-05;2018-11-02;3;33;0;3700.134;3556.814;143.32018;23.0;0.1342078947368421;0.1486912280701754;0.2044543103448275;0.3404508620689655;0.380453448275862;0.3945355263157895;0.3258586206896551;0.2204655172413793;0.4525629421980579;0.4801182520055285;0.3173362957720106;0.3534863785059597;14.0;20.475;28.7;68.833336;2.275;31.2215;0.0;11.35;0.84;0.0;11.0;2018.0;0.0;0.2830401848874734;0.0953324036732009
2018-11-05;2018-11-02;3;33;1;3406.3962;2873.4866;532.90967;20.6;0.1342078947368421;0.1486912280701754;0.2044543103448275;0.3404508620689655;0.380453448275862;0.3945355263157895;0.3258586206896551;0.2204655172413793;0.4525629421980579;0.4801182520055285;0.3173362957720106;0.3534863785059597;14.0;20.475;28.7;68.833336;2.275;31.2215;0.0;11.35;0.84;0.0;11.0;2018.0;16.0;0.2830401848874734;0.0953324036732009
2018-11-05;2018-11-02;4;34;0;1062.8;340.4;722.4;6.6;0.1321895734597156;0.1433265402843601;0.2167471698113207;0.4107641509433962;0.4684981132075471;0.4940398104265403;0.3374509433962264;0.220677358490566;0.5502538214497901;0.6434741036466302;0.3901205963598617;0.4625333823920982;14.0;20.475;28.7;68.833336;2.275;31.2215;0.0;11.35;0.84;0.0;11.0;2018.0;16.0;0.3824764030086972;0.1883230406476546
2018-11-05;2018-11-02;4;34;1;5232.9136;4902.9424;329.97125;25.2;0.1321895734597156;0.1433265402843601;0.2167471698113207;0.4107641509433962;0.4684981132075471;0.4940398104265403;0.3374509433962264;0.220677358490566;0.5502538214497901;0.6434741036466302;0.3901205963598617;0.4625333823920982;14.0;20.475;28.7;68.833336;2.275;31.2215;0.0;11.35;0.84;0.0;11.0;2018.0;0.0;0.3824764030086972;0.1883230406476546
2018-11-05;2018-11-02;4;35;0;1041.4167;300.0847;741.3321;9.6;0.1307984615384615;0.1414989743589743;0.2142020833333333;0.40989375;0.4673895833333333;0.4896964102564102;0.32979375;0.21453125;0.5516476266847357;0.6411522714572154;0.3913836006639396;0.4617205488543773;14.0;20.475;28.7;68.833336;2.275;31.2215;0.0;11.35;0.84;0.0;11.0;2018.0;16.0;0.3907332469108387;0.1951245640415966
2018-11-05;2018-11-02;4;35;1;2459.7102;100.57226;2359.138;23.4;0.1307984615384615;0.1414989743589743;0.2142020833333333;0.40989375;0.4673895833333333;0.4896964102564102;0.32979375;0.21453125;0.5516476266847357;0.6411522714572154;0.3913836006639396;0.4617205488543773;14.0;20.475;28.7;68.833336;2.275;31.2215;0.0;11.35;0.84;0.0;11.0;2018.0;0.0;0.3907332469108387;0.1951245640415966
2018-11-05;2018-11-02;4;36;0;2643.3381;618.53107;2024.8071;20.6;0.1312461538461538;0.1435789743589743;0.2093050505050505;0.3757888888888889;0.4267242424242424;0.4472902564102564;0.3160232323232323;0.2128383838383838;0.5140076115588073;0.5732919928057414;0.362453406837864;0.4176182719496802;14.0;20.475;28.7;68.833336;2.275;31.2215;0.0;11.35;0.84;0.0;11.0;2018.0;0.0;0.3551608857382181;0.1719700044929456
2018-11-05;2018-11-02;4;36;1;3062.538;179.39139;2883.1467;30.2;0.1312461538461538;0.1435789743589743;0.2093050505050505;0.3757888888888889;0.4267242424242424;0.4472902564102564;0.3160232323232323;0.2128383838383838;0.5140076115588073;0.5732919928057414;0.362453406837864;0.4176182719496802;14.0;20.475;28.7;68.833336;2.275;31.2215;0.0;11.35;0.84;0.0;11.0;2018.0;16.0;0.3551608857382181;0.1719700044929456
2018-12-10;2018-12-07;1;25;0;5896.3594;5062.0503;834.3089;28.2;0.1403243243243243;0.1612864864864864;0.20886;0.334685;0.37879;0.406727027027027;0.3372449999999999;0.231325;0.4321033473699237;0.4641415122305248;0.3214281951044752;0.3447154985891969;16.6;24.591667;32.4;54.208332;2.8458333;28.325657;0.0;14.5;4.32;0.0;12.0;2018.0;0.0;0.2749023897695371;0.0933933326830619
2018-12-10;2018-12-07;1;25;1;4883.5977;4883.5977;0.0;45.8;0.1403243243243243;0.1612864864864864;0.20886;0.334685;0.37879;0.406727027027027;0.3372449999999999;0.231325;0.4321033473699237;0.4641415122305248;0.3214281951044752;0.3447154985891969;16.6;24.591667;32.4;54.208332;2.8458333;28.325657;0.0;14.5;4.32;0.0;12.0;2018.0;17.5;0.2749023897695371;0.0933933326830619
2018-12-10;2018-12-07;1;26;0;6672.085;5699.426;972.6592;34.0;0.1407492682926829;0.1612736585365853;0.214835294117647;0.3488215686274509;0.3926352941176471;0.4268039024390244;0.3528705882352941;0.2434647058823529;0.4515224887375898;0.4958265229757114;0.3303548309687087;0.366054204349672;16.6;24.591667;32.4;54.208332;2.8458333;28.325657;0.0;14.5;4.32;0.0;12.0;2018.0;0.0;0.2735309311528503;0.0948258729611474
2018-12-10;2018-12-07;1;26;1;4768.4155;3992.6782;775.73724;43.0;0.1407492682926829;0.1612736585365853;0.214835294117647;0.3488215686274509;0.3926352941176471;0.4268039024390244;0.3528705882352941;0.2434647058823529;0.4515224887375898;0.4958265229757114;0.3303548309687087;0.366054204349672;16.6;24.591667;32.4;54.208332;2.8458333;28.325657;0.0;14.5;4.32;0.0;12.0;2018.0;17.5;0.2735309311528503;0.0948258729611474
2018-12-10;2018-12-07;1;27;0;5297.331;4563.426;733.9052;36.0;0.1380428940568475;0.1569865633074935;0.2024010416666666;0.3280041666666666;0.37013125;0.3991839793281654;0.33059375;0.2257770833333333;0.4354732900324292;0.4637019813490983;0.3271074424959613;0.3439748689869794;16.6;24.591667;32.4;54.208332;2.8458333;28.325657;0.0;14.5;4.32;0.0;12.0;2018.0;17.5;0.2774683197963573;0.0939878357089763
2018-12-10;2018-12-07;1;27;1;3823.045;3551.3718;271.67316;41.2;0.1380428940568475;0.1569865633074935;0.2024010416666666;0.3280041666666666;0.37013125;0.3991839793281654;0.33059375;0.2257770833333333;0.4354732900324292;0.4637019813490983;0.3271074424959613;0.3439748689869794;16.6;24.591667;32.4;54.208332;2.8458333;28.325657;0.0;14.5;4.32;0.0;12.0;2018.0;0.0;0.2774683197963573;0.0939878357089763
2018-12-10;2018-12-07;2;28;0;2830.9607;700.482;2130.4788;16.2;0.1436314655172413;0.1722849137931034;0.22615;0.3585321428571428;0.4043553571428571;0.4396206896551723;0.3605553571428571;0.243;0.436890550365203;0.4787208834005337;0.3206369594998795;0.3606454203931507;16.6;24.591667;32.4;54.208332;2.8458333;28.325657;0.0;14.5;4.32;0.0;12.0;2018.0;17.5;0.2880379874722166;0.0988099216774879
2018-12-10;2018-12-07;2;28;1;1376.8818;0.0;1376.8818;15.0;0.1436314655172413;0.1722849137931034;0.22615;0.3585321428571428;0.4043553571428571;0.4396206896551723;0.3605553571428571;0.243;0.436890550365203;0.4787208834005337;0.3206369594998795;0.3606454203931507;16.6;24.591667;32.4;54.208332;2.8458333;28.325657;0.0;14.5;4.32;0.0;12.0;2018.0;0.0;0.2880379874722166;0.0988099216774879
2018-12-10;2018-12-07;2;29;0;1783.6;817.2;966.4;9.0;0.1428493902439024;0.1676463414634146;0.2252125;0.357035;0.40168;0.4363146341463415;0.3577575;0.2433225;0.4448437954317836;0.489976529575337;0.3191133413125303;0.3650513450457774;16.6;24.591667;32.4;54.208332;2.8458333;28.325657;0.0;14.5;4.32;0.0;12.0;2018.0;17.5;0.283963492355004;0.0989294684553985
2018-12-10;2018-12-07;2;29;1;926.4123;540.29736;386.11496;37.0;0.1428493902439024;0.1676463414634146;0.2252125;0.357035;0.40168;0.4363146341463415;0.3577575;0.2433225;0.4448437954317836;0.489976529575337;0.3191133413125303;0.3650513450457774;16.6;24.591667;32.4;54.208332;2.8458333;28.325657;0.0;14.5;4.32;0.0;12.0;2018.0;0.0;0.283963492355004;0.0989294684553985
2018-12-10;2018-12-07;2;30;0;2428.7212;785.6486;1643.0726;13.4;0.1425175373134328;0.1705041044776119;0.2297223880597015;0.3652179104477612;0.4124044776119402;0.4502805970149254;0.3569328358208955;0.2385343283582089;0.4506820027372674;0.4980272223521865;0.3243488834552965;0.374438318302442;16.6;24.591667;32.4;54.208332;2.8458333;28.325657;0.0;14.5;4.32;0.0;12.0;2018.0;0.0;0.3074066209323389;0.1156419819056899
2018-12-10;2018-12-07;2;30;1;2065.8894;0.0;2065.8894;31.0;0.1425175373134328;0.1705041044776119;0.2297223880597015;0.3652179104477612;0.4124044776119402;0.4502805970149254;0.3569328358208955;0.2385343283582089;0.4506820027372674;0.4980272223521865;0.3243488834552965;0.374438318302442;16.6;24.591667;32.4;54.208332;2.8458333;28.325657;0.0;14.5;4.32;0.0;12.0;2018.0;17.5;0.3074066209323389;0.1156419819056899
2018-12-10;2018-12-07;3;31;0;5486.554;4726.0967;760.4575;28.4;0.1371915492957746;0.1552887323943662;0.1982819999999999;0.336798;0.387166;0.415699530516432;0.327606;0.22404;0.4560703170929244;0.4937651220715036;0.3541108644319607;0.3647250027945757;16.6;24.591667;32.4;54.208332;2.8458333;28.325657;0.0;14.5;4.32;0.0;12.0;2018.0;17.5;0.2995899446165444;0.1185159088688961
2018-12-10;2018-12-07;3;31;1;2884.4646;2504.432;380.03265;47.4;0.1371915492957746;0.1552887323943662;0.1982819999999999;0.336798;0.387166;0.415699530516432;0.327606;0.22404;0.4560703170929244;0.4937651220715036;0.3541108644319607;0.3647250027945757;16.6;24.591667;32.4;54.208332;2.8458333;28.325657;0.0;14.5;4.32;0.0;12.0;2018.0;0.0;0.2995899446165444;0.1185159088688961
2018-12-10;2018-12-07;3;32;0;7425.055;6682.636;742.419;34.8;0.1370695890410959;0.154365205479452;0.201243956043956;0.3387054945054945;0.3864692307692308;0.4144317808219178;0.3332175824175824;0.2255373626373626;0.4572221400706802;0.4953267526529984;0.3462664061819365;0.3649896734492678;16.6;24.591667;32.4;54.208332;2.8458333;28.325657;0.0;14.5;4.32;0.0;12.0;2018.0;0.0;0.2951617591490549;0.1086260517262279
2018-12-10;2018-12-07;3;32;1;5248.595;4466.6304;781.9646;36.4;0.1370695890410959;0.154365205479452;0.201243956043956;0.3387054945054945;0.3864692307692308;0.4144317808219178;0.3332175824175824;0.2255373626373626;0.4572221400706802;0.4953267526529984;0.3462664061819365;0.3649896734492678;16.6;24.591667;32.4;54.208332;2.8458333;28.325657;0.0;14.5;4.32;0.0;12.0;2018.0;17.5;0.2951617591490549;0.1086260517262279
2018-12-10;2018-12-07;3;33;0;5715.0566;5179.046;536.01044;30.2;0.1388100436681222;0.1578192139737991;0.2079330508474576;0.339043220338983;0.3835042372881356;0.4112379912663755;0.3448194915254237;0.2377677966101695;0.4453309350254499;0.4810246382051573;0.3283502079245184;0.355573269676869;16.6;24.591667;32.4;54.208332;2.8458333;28.325657;0.0;14.5;4.32;0.0;12.0;2018.0;17.5;0.2672860518297932;0.0878484787898619
2018-12-10;2018-12-07;3;33;1;4989.0054;4251.4585;737.54663;34.0;0.1388100436681222;0.1578192139737991;0.2079330508474576;0.339043220338983;0.3835042372881356;0.4112379912663755;0.3448194915254237;0.2377677966101695;0.4453309350254499;0.4810246382051573;0.3283502079245184;0.355573269676869;16.6;24.591667;32.4;54.208332;2.8458333;28.325657;0.0;14.5;4.32;0.0;12.0;2018.0;0.0;0.2672860518297932;0.0878484787898619
2018-12-10;2018-12-07;4;34;0;1830.4;677.6;1152.8;7.0;0.1468133027522936;0.1758821100917431;0.2328729166666666;0.3741104166666666;0.4230229166666667;0.4587192660550458;0.3904541666666666;0.26519375;0.4456926294119475;0.5004507087888782;0.3265600089630521;0.3739249245279128;16.6;24.591667;32.4;54.208332;2.8458333;28.325657;0.0;14.5;4.32;0.0;12.0;2018.0;0.0;0.267332554827734;0.0803900555032446
2018-12-10;2018-12-07;4;34;1;1983.3566;489.95187;1493.4047;26.6;0.1468133027522936;0.1758821100917431;0.2328729166666666;0.3741104166666666;0.4230229166666667;0.4587192660550458;0.3904541666666666;0.26519375;0.4456926294119475;0.5004507087888782;0.3265600089630521;0.3739249245279128;16.6;24.591667;32.4;54.208332;2.8458333;28.325657;0.0;14.5;4.32;0.0;12.0;2018.0;17.5;0.267332554827734;0.0803900555032446
2018-12-10;2018-12-07;4;35;0;4226.5347;3265.4414;961.093;11.6;0.1438162436548223;0.1701654822335025;0.227294;0.369014;0.418124;0.4538172588832487;0.378812;0.25568;0.4545827279486775;0.5079038615287234;0.3325789376241653;0.378544660349392;16.6;24.591667;32.4;54.208332;2.8458333;28.325657;0.0;14.5;4.32;0.0;12.0;2018.0;0.0;0.2792643049743666;0.0900824203365713
2018-12-10;2018-12-07;4;35;1;1507.2065;260.10345;1247.1031;16.4;0.1438162436548223;0.1701654822335025;0.227294;0.369014;0.418124;0.4538172588832487;0.378812;0.25568;0.4545827279486775;0.5079038615287234;0.3325789376241653;0.378544660349392;16.6;24.591667;32.4;54.208332;2.8458333;28.325657;0.0;14.5;4.32;0.0;12.0;2018.0;17.5;0.2792643049743666;0.0900824203365713
2018-12-10;2018-12-07;4;36;0;3007.858;1421.3964;1586.4617;14.6;0.1433041025641025;0.1702707692307692;0.2245159574468085;0.3496755319148936;0.3931180851063829;0.4266723076923077;0.3660148936170213;0.2543329787234042;0.4295242685167765;0.4666882470649445;0.3104422500646747;0.3506128219261079;16.6;24.591667;32.4;54.208332;2.8458333;28.325657;0.0;14.5;4.32;0.0;12.0;2018.0;0.0;0.2530660663090666;0.0765212481986526
2018-12-10;2018-12-07;4;36;1;1537.6033;1524.2946;13.308742;27.4;0.1433041025641025;0.1702707692307692;0.2245159574468085;0.3496755319148936;0.3931180851063829;0.4266723076923077;0.3660148936170213;0.2543329787234042;0.4295242685167765;0.4666882470649445;0.3104422500646747;0.3506128219261079;16.6;24.591667;32.4;54.208332;2.8458333;28.325657;0.0;14.5;4.32;0.0;12.0;2018.0;17.5;0.2530660663090666;0.0765212481986526
2019-01-14;2019-01-06;1;25;0;2101.9578;2101.9578;0.0;16.8;0.1328297297297297;0.1430689189189189;0.185825;0.31589;0.364875;0.363227027027027;0.304855;0.205075;0.4348407485206547;0.4491491593047709;0.3231060414941232;0.3281710151895028;20.9;24.233334;28.4;84.791664;3.0;18.755081;0.2;14.65;0.1;0.0;1.0;2019.0;0.0;0.2782886907061933;0.0873725450851943
2019-01-14;2019-01-06;1;25;1;4899.2856;4625.7656;273.52017;35.8;0.1328297297297297;0.1430689189189189;0.185825;0.31589;0.364875;0.363227027027027;0.304855;0.205075;0.4348407485206547;0.4491491593047709;0.3231060414941232;0.3281710151895028;20.9;24.233334;28.4;84.791664;3.0;18.755081;0.2;14.65;0.1;0.0;1.0;2019.0;17.5;0.2782886907061933;0.0873725450851943
2019-01-14;2019-01-06;1;26;0;2475.386;2475.386;0.0;16.0;0.1329053658536585;0.1413336585365853;0.1938647058823529;0.3450058823529411;0.3991333333333333;0.397630243902439;0.3196921568627451;0.212378431372549;0.4755357162251691;0.5130684974098932;0.3444924391902647;0.3700271752909559;20.9;24.233334;28.4;84.791664;3.0;18.755081;0.2;14.65;0.1;0.0;1.0;2019.0;0.0;0.3036871769838022;0.1086514054998918
2019-01-14;2019-01-06;1;26;1;9536.579;8543.878;992.7008;39.6;0.1329053658536585;0.1413336585365853;0.1938647058823529;0.3450058823529411;0.3991333333333333;0.397630243902439;0.3196921568627451;0.212378431372549;0.4755357162251691;0.5130684974098932;0.3444924391902647;0.3700271752909559;20.9;24.233334;28.4;84.791664;3.0;18.755081;0.2;14.65;0.1;0.0;1.0;2019.0;17.5;0.3036871769838022;0.1086514054998918
2019-01-14;2019-01-06;1;27;0;2319.998;2319.998;0.0;13.4;0.1317744186046511;0.1406891472868217;0.1832260416666666;0.3134635416666667;0.363328125;0.3610904392764857;0.3035833333333333;0.202453125;0.4392392554252641;0.4527861365276916;0.3267665114633833;0.3300146483505967;20.9;24.233334;28.4;84.791664;3.0;18.755081;0.2;14.65;0.1;0.0;1.0;2019.0;17.5;0.2814996467578416;0.0865192945967353
2019-01-14;2019-01-06;1;27;1;6949.978;6949.978;0.0;46.4;0.1317744186046511;0.1406891472868217;0.1832260416666666;0.3134635416666667;0.363328125;0.3610904392764857;0.3035833333333333;0.202453125;0.4392392554252641;0.4527861365276916;0.3267665114633833;0.3300146483505967;20.9;24.233334;28.4;84.791664;3.0;18.755081;0.2;14.65;0.1;0.0;1.0;2019.0;0.0;0.2814996467578416;0.0865192945967353
2019-01-14;2019-01-06;2;28;0;1324.4;168.8;1155.6;10.2;0.1415064655172413;0.1563793103448275;0.2135357142857142;0.3646125;0.4159982142857143;0.415751724137931;0.3648125;0.2391678571428571;0.4533444231487844;0.5015985461124328;0.3213412464719851;0.3628834612341518;20.9;24.233334;28.4;84.791664;3.0;18.755081;0.2;14.65;0.1;0.0;1.0;2019.0;17.5;0.2696267939488678;0.0652594912278861
2019-01-14;2019-01-06;2;28;1;3058.2507;650.6767;2407.574;34.2;0.1415064655172413;0.1563793103448275;0.2135357142857142;0.3646125;0.4159982142857143;0.415751724137931;0.3648125;0.2391678571428571;0.4533444231487844;0.5015985461124328;0.3213412464719851;0.3628834612341518;20.9;24.233334;28.4;84.791664;3.0;18.755081;0.2;14.65;0.1;0.0;1.0;2019.0;0.0;0.2696267939488678;0.0652594912278861
2019-01-14;2019-01-06;2;29;0;1139.2367;0.0;1139.2367;6.4;0.1402048780487804;0.1535603658536585;0.2147224999999999;0.3706925;0.4224199999999999;0.4213512195121952;0.3578925;0.236825;0.465794846503439;0.518501508833405;0.3248502699823202;0.3736923910361317;20.9;24.233334;28.4;84.791664;3.0;18.755081;0.2;14.65;0.1;0.0;1.0;2019.0;0.0;0.2803599006493368;0.0814362925528872
2019-01-14;2019-01-06;2;29;1;2236.0808;1238.2236;997.85724;16.4;0.1402048780487804;0.1535603658536585;0.2147224999999999;0.3706925;0.4224199999999999;0.4213512195121952;0.3578925;0.236825;0.465794846503439;0.518501508833405;0.3248502699823202;0.3736923910361317;20.9;24.233334;28.4;84.791664;3.0;18.755081;0.2;14.65;0.1;0.0;1.0;2019.0;17.5;0.2803599006493368;0.0814362925528872
2019-01-14;2019-01-06;2;30;0;2758.2637;96.39682;2661.8667;10.4;0.1387529850746268;0.1521694029850746;0.2081597014925373;0.3586298507462687;0.4103373134328358;0.4077007462686567;0.3398835820895522;0.2228686567164179;0.4564118012438918;0.4990574499349527;0.3240036691778157;0.3616452592756364;20.9;24.233334;28.4;84.791664;3.0;18.755081;0.2;14.65;0.1;0.0;1.0;2019.0;0.0;0.2931193436872384;0.0907150693327663
2019-01-14;2019-01-06;2;30;1;3712.5132;2560.138;1152.3752;27.6;0.1387529850746268;0.1521694029850746;0.2081597014925373;0.3586298507462687;0.4103373134328358;0.4077007462686567;0.3398835820895522;0.2228686567164179;0.4564118012438918;0.4990574499349527;0.3240036691778157;0.3616452592756364;20.9;24.233334;28.4;84.791664;3.0;18.755081;0.2;14.65;0.1;0.0;1.0;2019.0;17.5;0.2931193436872384;0.0907150693327663
2019-01-14;2019-01-06;3;31;0;2772.8323;2759.9385;12.893738;18.4;0.1326497652582159;0.1400572769953051;0.184866;0.33571;0.394572;0.3910122065727699;0.308552;0.20346;0.4725463189701355;0.5073967956964098;0.357968411063183;0.3650892596137471;20.9;24.233334;28.4;84.791664;3.0;18.755081;0.2;14.65;0.1;0.0;1.0;2019.0;17.5;0.3154936505005663;0.1178736787817521
2019-01-14;2019-01-06;3;31;1;5932.296;5905.2256;27.070452;38.4;0.1326497652582159;0.1400572769953051;0.184866;0.33571;0.394572;0.3910122065727699;0.308552;0.20346;0.4725463189701355;0.5073967956964098;0.357968411063183;0.3650892596137471;20.9;24.233334;28.4;84.791664;3.0;18.755081;0.2;14.65;0.1;0.0;1.0;2019.0;0.0;0.3154936505005663;0.1178736787817521
2019-01-14;2019-01-06;3;32;0;3101.7756;3101.7756;0.0;16.2;0.1320049315068493;0.1381720547945205;0.1832263736263736;0.329854945054945;0.3851758241758242;0.3803632876712328;0.3031428571428571;0.1992582417582417;0.467067937404301;0.4965545551793565;0.3497880241290658;0.356675742282633;20.9;24.233334;28.4;84.791664;3.0;18.755081;0.2;14.65;0.1;0.0;1.0;2019.0;0.0;0.3124539664550659;0.1129769368048318
2019-01-14;2019-01-06;3;32;1;6104.9243;6104.9243;0.0;32.8;0.1320049315068493;0.1381720547945205;0.1832263736263736;0.329854945054945;0.3851758241758242;0.3803632876712328;0.3031428571428571;0.1992582417582417;0.467067937404301;0.4965545551793565;0.3497880241290658;0.356675742282633;20.9;24.233334;28.4;84.791664;3.0;18.755081;0.2;14.65;0.1;0.0;1.0;2019.0;17.5;0.3124539664550659;0.1129769368048318
2019-01-14;2019-01-06;3;33;0;4546.4243;4546.4243;0.0;16.2;0.1340019650655022;0.1410124454148471;0.1893406779661017;0.3363177966101695;0.3898135593220339;0.3861899563318777;0.3121161016949152;0.2077915254237288;0.4650538580717944;0.4994449637947734;0.3420309304749499;0.3580270701764044;20.9;24.233334;28.4;84.791664;3.0;18.755081;0.2;14.65;0.1;0.0;1.0;2019.0;17.5;0.3003434221229659;0.1060764886477906
2019-01-14;2019-01-06;3;33;1;5474.4995;5358.7407;115.75902;41.8;0.1340019650655022;0.1410124454148471;0.1893406779661017;0.3363177966101695;0.3898135593220339;0.3861899563318777;0.3121161016949152;0.2077915254237288;0.4650538580717944;0.4994449637947734;0.3420309304749499;0.3580270701764044;20.9;24.233334;28.4;84.791664;3.0;18.755081;0.2;14.65;0.1;0.0;1.0;2019.0;0.0;0.3003434221229659;0.1060764886477906
2019-01-14;2019-01-06;4;34;1;3930.8777;2575.6167;1355.261;22.0;0.1406770642201834;0.1503068807339449;0.2074708333333333;0.3885604166666666;0.4518770833333333;0.4486605504587156;0.3670125;0.2371645833333333;0.4981133433761007;0.5757838814401012;0.3675936300005179;0.4072281779101234;20.9;24.233334;28.4;84.791664;3.0;18.755081;0.2;14.65;0.1;0.0;1.0;2019.0;35.0;0.308381767748848;0.1000989923754359
2019-01-14;2019-01-06;4;35;0;1139.2367;0.0;1139.2367;6.4;0.1381558375634517;0.1466192893401015;0.203036;0.382002;0.444426;0.4414893401015229;0.356162;0.22953;0.5013870499424292;0.5736609386884527;0.3699673624375462;0.4064898156070189;20.9;24.233334;28.4;84.791664;3.0;18.755081;0.2;14.65;0.1;0.0;1.0;2019.0;0.0;0.3158766483086078;0.1069732297956933
2019-01-14;2019-01-06;4;35;1;3781.0483;2928.5176;852.5307;22.6;0.1381558375634517;0.1466192893401015;0.203036;0.382002;0.444426;0.4414893401015229;0.356162;0.22953;0.5013870499424292;0.5736609386884527;0.3699673624375462;0.4064898156070189;20.9;24.233334;28.4;84.791664;3.0;18.755081;0.2;14.65;0.1;0.0;1.0;2019.0;17.5;0.3158766483086078;0.1069732297956933
2019-01-14;2019-01-06;4;36;0;1210.9851;96.39682;1114.5883;10.4;0.1386866666666666;0.1494943589743589;0.2049776595744681;0.3608255319148936;0.414463829787234;0.4133564102564102;0.3471553191489361;0.2310606382978723;0.46879575494347;0.5193429198899483;0.3370002735559051;0.3723881925677387;20.9;24.233334;28.4;84.791664;3.0;18.755081;0.2;14.65;0.1;0.0;1.0;2019.0;17.5;0.2828847752670562;0.0870480868970128
2019-01-14;2019-01-06;4;36;1;5578.6406;4369.3154;1209.3251;25.0;0.1386866666666666;0.1494943589743589;0.2049776595744681;0.3608255319148936;0.414463829787234;0.4133564102564102;0.3471553191489361;0.2310606382978723;0.46879575494347;0.5193429198899483;0.3370002735559051;0.3723881925677387;20.9;24.233334;28.4;84.791664;3.0;18.755081;0.2;14.65;0.1;0.0;1.0;2019.0;0.0;0.2828847752670562;0.0870480868970128
2019-02-18;2019-02-17;1;25;0;5925.741;5925.741;0.0;34.0;0.1345527027027027;0.1485121621621621;0.204225;0.35493;0.399365;0.4046243243243243;0.314165;0.20614;0.4630180225299947;0.4976715997136701;0.3291443651460387;0.3647848575875665;17.7;23.795834;31.2;74.125;3.2083333;25.51021;0.0;14.45;2.06;0.0;2.0;2019.0;0.0;0.3249769451480377;0.1258495657393879
2019-02-18;2019-02-17;1;25;1;5114.908;5114.908;0.0;45.6;0.1345527027027027;0.1485121621621621;0.204225;0.35493;0.399365;0.4046243243243243;0.314165;0.20614;0.4630180225299947;0.4976715997136701;0.3291443651460387;0.3647848575875665;17.7;23.795834;31.2;74.125;3.2083333;25.51021;0.0;14.45;2.06;0.0;2.0;2019.0;17.5;0.3249769451480377;0.1258495657393879
2019-02-18;2019-02-17;1;26;0;6920.9287;6920.9287;0.0;42.8;0.1368243902439024;0.1486009756097561;0.2114588235294117;0.3743196078431372;0.4219686274509804;0.4339551219512195;0.321943137254902;0.2123921568627451;0.489831189710611;0.549020638391726;0.3447342592762195;0.3953894125916981;17.7;23.795834;31.2;74.125;3.2083333;25.51021;0.0;14.45;2.06;0.0;2.0;2019.0;0.0;0.3427924466473169;0.1481839431856313
2019-02-18;2019-02-17;1;26;1;8317.304;7185.8843;1131.4198;34.2;0.1368243902439024;0.1486009756097561;0.2114588235294117;0.3743196078431372;0.4219686274509804;0.4339551219512195;0.321943137254902;0.2123921568627451;0.489831189710611;0.549020638391726;0.3447342592762195;0.3953894125916981;17.7;23.795834;31.2;74.125;3.2083333;25.51021;0.0;14.45;2.06;0.0;2.0;2019.0;17.5;0.3427924466473169;0.1481839431856313
2019-02-18;2019-02-17;1;27;0;4982.405;4680.1846;302.2201;38.8;0.1353178294573643;0.1491077519379845;0.1991333333333333;0.331815625;0.371925;0.3809488372093023;0.299365625;0.199796875;0.4373893090250711;0.4597424980846304;0.3134306019195356;0.3376140996242397;17.7;23.795834;31.2;74.125;3.2083333;25.51021;0.0;14.45;2.06;0.0;2.0;2019.0;0.0;0.3119299176917808;0.1199198558036868
2019-02-18;2019-02-17;1;27;1;4995.0967;4352.0176;643.0791;37.2;0.1353178294573643;0.1491077519379845;0.1991333333333333;0.331815625;0.371925;0.3809488372093023;0.299365625;0.199796875;0.4373893090250711;0.4597424980846304;0.3134306019195356;0.3376140996242397;17.7;23.795834;31.2;74.125;3.2083333;25.51021;0.0;14.45;2.06;0.0;2.0;2019.0;17.5;0.3119299176917808;0.1199198558036868
2019-02-18;2019-02-17;2;28;0;1883.1016;256.76352;1626.338;4.6;0.1454181034482758;0.1644107758620689;0.2353017857142857;0.4039232142857142;0.4515232142857143;0.4670715517241379;0.3805785714285714;0.2494607142857142;0.4792862169539513;0.5551777095564131;0.3299808715050651;0.4012357530688115;17.7;23.795834;31.2;74.125;3.2083333;25.51021;0.0;14.45;2.06;0.0;2.0;2019.0;17.5;0.3036999836032946;0.1020385391721157
2019-02-18;2019-02-17;2;28;1;3233.6052;1796.2682;1437.3372;22.2;0.1454181034482758;0.1644107758620689;0.2353017857142857;0.4039232142857142;0.4515232142857143;0.4670715517241379;0.3805785714285714;0.2494607142857142;0.4792862169539513;0.5551777095564131;0.3299808715050651;0.4012357530688115;17.7;23.795834;31.2;74.125;3.2083333;25.51021;0.0;14.45;2.06;0.0;2.0;2019.0;0.0;0.3036999836032946;0.1020385391721157
2019-02-18;2019-02-17;2;29;0;1791.6455;689.3529;1102.2925;7.4;0.1454768292682926;0.1644451219512195;0.2370699999999999;0.40154;0.4468275;0.4588365853658536;0.3805425;0.249995;0.472324889305427;0.5433858243966168;0.3186729225292013;0.3931223950727995;17.7;23.795834;31.2;74.125;3.2083333;25.51021;0.0;14.45;2.06;0.0;2.0;2019.0;0.0;0.2946279337398078;0.0932761927606621
2019-02-18;2019-02-17;2;29;1;5062.5586;1924.8313;3137.7273;24.4;0.1454768292682926;0.1644451219512195;0.2370699999999999;0.40154;0.4468275;0.4588365853658536;0.3805425;0.249995;0.472324889305427;0.5433858243966168;0.3186729225292013;0.3931223950727995;17.7;23.795834;31.2;74.125;3.2083333;25.51021;0.0;14.45;2.06;0.0;2.0;2019.0;17.5;0.2946279337398078;0.0932761927606621
2019-02-18;2019-02-17;2;30;0;2280.3296;1491.3809;788.9487;9.4;0.1414824626865671;0.1573283582089552;0.2267895522388059;0.3961567164179104;0.4430194029850746;0.4582425373134329;0.3468835820895522;0.2265313432835821;0.4888375673595074;0.5609489911682445;0.3378717414915742;0.4046101152946922;17.7;23.795834;31.2;74.125;3.2083333;25.51021;0.0;14.45;2.06;0.0;2.0;2019.0;17.5;0.3383762152666149;0.1383124364496524
2019-02-18;2019-02-17;2;30;1;4887.976;2602.6758;2285.3003;20.0;0.1414824626865671;0.1573283582089552;0.2267895522388059;0.3961567164179104;0.4430194029850746;0.4582425373134329;0.3468835820895522;0.2265313432835821;0.4888375673595074;0.5609489911682445;0.3378717414915742;0.4046101152946922;17.7;23.795834;31.2;74.125;3.2083333;25.51021;0.0;14.45;2.06;0.0;2.0;2019.0;0.0;0.3383762152666149;0.1383124364496524
2019-02-18;2019-02-17;3;31;0;5937.644;5535.47;402.17343;36.6;0.1410849765258215;0.1573234741784037;0.216272;0.36138;0.405852;0.4169784037558686;0.317542;0.209342;0.4521227242220193;0.4982701337387256;0.3169463494463797;0.3625446463103236;17.7;23.795834;31.2;74.125;3.2083333;25.51021;0.0;14.45;2.06;0.0;2.0;2019.0;0.0;0.3315178661125057;0.1353759585811562
2019-02-18;2019-02-17;3;31;1;5883.4116;5664.3037;219.10803;41.0;0.1410849765258215;0.1573234741784037;0.216272;0.36138;0.405852;0.4169784037558686;0.317542;0.209342;0.4521227242220193;0.4982701337387256;0.3169463494463797;0.3625446463103236;17.7;23.795834;31.2;74.125;3.2083333;25.51021;0.0;14.45;2.06;0.0;2.0;2019.0;17.5;0.3315178661125057;0.1353759585811562
2019-02-18;2019-02-17;3;32;0;8199.602;7768.103;431.49835;37.8;0.1388128767123287;0.1547767123287671;0.2125835164835165;0.346632967032967;0.3859901098901099;0.3917912328767123;0.3067461538461538;0.2033670329670329;0.4336414578041908;0.4631523956154701;0.2965175440947842;0.3397025319288905;17.7;23.795834;31.2;74.125;3.2083333;25.51021;0.0;14.45;2.06;0.0;2.0;2019.0;0.0;0.3165951154900851;0.1217473547543974
2019-02-18;2019-02-17;3;32;1;4602.295;4533.374;68.92078;32.8;0.1388128767123287;0.1547767123287671;0.2125835164835165;0.346632967032967;0.3859901098901099;0.3917912328767123;0.3067461538461538;0.2033670329670329;0.4336414578041908;0.4631523956154701;0.2965175440947842;0.3397025319288905;17.7;23.795834;31.2;74.125;3.2083333;25.51021;0.0;14.45;2.06;0.0;2.0;2019.0;17.5;0.3165951154900851;0.1217473547543974
2019-02-18;2019-02-17;3;33;0;11037.291;10826.667;210.62375;36.6;0.1413231441048034;0.1577617903930131;0.220472033898305;0.3628940677966101;0.4041194915254237;0.4116554585152838;0.3170033898305084;0.2108483050847457;0.4458833458400548;0.4888953934815124;0.3024444070404252;0.3561196554218506;17.7;23.795834;31.2;74.125;3.2083333;25.51021;0.0;14.45;2.06;0.0;2.0;2019.0;0.0;0.3225798222796938;0.1298990177634641
2019-02-18;2019-02-17;3;33;1;8727.34;8407.8545;319.48532;35.6;0.1413231441048034;0.1577617903930131;0.220472033898305;0.3628940677966101;0.4041194915254237;0.4116554585152838;0.3170033898305084;0.2108483050847457;0.4458833458400548;0.4888953934815124;0.3024444070404252;0.3561196554218506;17.7;23.795834;31.2;74.125;3.2083333;25.51021;0.0;14.45;2.06;0.0;2.0;2019.0;17.5;0.3225798222796938;0.1298990177634641
2019-02-18;2019-02-17;4;34;0;2165.2;1047.6;1117.6;10.4;0.1512582568807339;0.1797894495412844;0.24560625;0.4024791666666666;0.449725;0.4618238532110092;0.3840208333333333;0.2534729166666666;0.4395706922844292;0.5014395585234246;0.3056381149594884;0.3705734721947091;17.7;23.795834;31.2;74.125;3.2083333;25.51021;0.0;14.45;2.06;0.0;2.0;2019.0;17.5;0.291279012178362;0.0919826312269411
2019-02-18;2019-02-17;4;34;1;7966.688;3677.2505;4289.4375;35.4;0.1512582568807339;0.1797894495412844;0.24560625;0.4024791666666666;0.449725;0.4618238532110092;0.3840208333333333;0.2534729166666666;0.4395706922844292;0.5014395585234246;0.3056381149594884;0.3705734721947091;17.7;23.795834;31.2;74.125;3.2083333;25.51021;0.0;14.45;2.06;0.0;2.0;2019.0;0.0;0.291279012178362;0.0919826312269411
2019-02-18;2019-02-17;4;35;0;2343.537;976.3168;1367.2203;11.6;0.1507167512690355;0.178646192893401;0.244004;0.399442;0.4457359999999999;0.4567289340101522;0.37918;0.249362;0.4376670243167432;0.4972047700610706;0.3035749051964357;0.367388805506711;17.7;23.795834;31.2;74.125;3.2083333;25.51021;0.0;14.45;2.06;0.0;2.0;2019.0;17.5;0.2936830428234484;0.0927719884965488
2019-02-18;2019-02-17;4;35;1;4341.734;3462.5522;879.18176;30.6;0.1507167512690355;0.178646192893401;0.244004;0.399442;0.4457359999999999;0.4567289340101522;0.37918;0.249362;0.4376670243167432;0.4972047700610706;0.3035749051964357;0.367388805506711;17.7;23.795834;31.2;74.125;3.2083333;25.51021;0.0;14.45;2.06;0.0;2.0;2019.0;0.0;0.2936830428234484;0.0927719884965488
2019-02-18;2019-02-17;4;36;0;1641.2;1150.0;491.2;22.2;0.1445784615384615;0.1685610256410256;0.2298042553191489;0.3734308510638298;0.4154904255319149;0.4260066666666666;0.3574276595744681;0.2398553191489361;0.43299635072067;0.4756820093260465;0.2991752725822418;0.3528045494603419;17.7;23.795834;31.2;74.125;3.2083333;25.51021;0.0;14.45;2.06;0.0;2.0;2019.0;0.0;0.2795644615298422;0.0875363828149272
2019-02-18;2019-02-17;4;36;1;6157.296;5068.3325;1088.9636;30.8;0.1445784615384615;0.1685610256410256;0.2298042553191489;0.3734308510638298;0.4154904255319149;0.4260066666666666;0.3574276595744681;0.2398553191489361;0.43299635072067;0.4756820093260465;0.2991752725822418;0.3528045494603419;17.7;23.795834;31.2;74.125;3.2083333;25.51021;0.0;14.45;2.06;0.0;2.0;2019.0;17.5;0.2795644615298422;0.0875363828149272
2019-04-10;2019-04-11;1;25;0;5221.4526;5221.4526;0.0;30.6;0.4483480519480519;0.4456207792207792;0.505545;0.52704;0.5337149999999999;0.5451168831168831;0.58372;0.532885;0.1004262860678387;0.290505962402434;0.0376637658154015;0.1001142988566629;15.0;21.191668;29.2;68.833336;4.225;19.95285;0.0;12.1;1.88;0.0;4.0;2019.0;25.5;0.0113468105283048;-0.0341972498068348
2019-04-10;2019-04-11;1;25;1;6589.1685;6589.1685;0.0;40.6;0.4483480519480519;0.4456207792207792;0.505545;0.52704;0.5337149999999999;0.5451168831168831;0.58372;0.532885;0.1004262860678387;0.290505962402434;0.0376637658154015;0.1001142988566629;15.0;21.191668;29.2;68.833336;4.225;19.95285;0.0;12.1;1.88;0.0;4.0;2019.0;0.0;0.0113468105283048;-0.0341972498068348
2019-04-10;2019-04-11;1;26;0;5228.114;5149.2495;78.86439;33.0;0.3914278846153846;0.3803942307692307;0.422678431372549;0.4460627450980392;0.4537647058823529;0.4873932692307692;0.4934254901960784;0.4358078431372549;0.1233009676465016;0.3207214799434873;0.0711096035788372;0.1173417345108854;15.0;21.191668;29.2;68.833336;4.225;19.95285;0.0;12.1;1.88;0.0;4.0;2019.0;25.5;0.0558766940403667;-0.0061501892243926
2019-04-10;2019-04-11;1;26;1;10779.715;10779.715;0.0;49.2;0.3914278846153846;0.3803942307692307;0.422678431372549;0.4460627450980392;0.4537647058823529;0.4873932692307692;0.4934254901960784;0.4358078431372549;0.1233009676465016;0.3207214799434873;0.0711096035788372;0.1173417345108854;15.0;21.191668;29.2;68.833336;4.225;19.95285;0.0;12.1;1.88;0.0;4.0;2019.0;0.0;0.0558766940403667;-0.0061501892243926
2019-04-10;2019-04-11;1;27;0;3953.9495;3736.5083;217.44112;23.6;0.3801567010309278;0.3809180412371134;0.4302494845360824;0.4551731958762886;0.4634432989690722;0.4790041237113401;0.5073381443298969;0.4481041237113402;0.1140639077260048;0.2684826912071624;0.0536205066804538;0.1081893710563331;15.0;21.191668;29.2;68.833336;4.225;19.95285;0.0;12.1;1.88;0.0;4.0;2019.0;25.5;0.0333294413957599;-0.028726357509574
2019-04-10;2019-04-11;1;27;1;9422.587;25.216558;9397.37;41.2;0.3801567010309278;0.3809180412371134;0.4302494845360824;0.4551731958762886;0.4634432989690722;0.4790041237113401;0.5073381443298969;0.4481041237113402;0.1140639077260048;0.2684826912071624;0.0536205066804538;0.1081893710563331;15.0;21.191668;29.2;68.833336;4.225;19.95285;0.0;12.1;1.88;0.0;4.0;2019.0;0.0;0.0333294413957599;-0.028726357509574
2019-04-10;2019-04-11;2;28;0;1825.2;702.4;1122.8;9.8;0.2706350877192982;0.2750219298245614;0.310015;0.346755;0.3619933333333333;0.3724087719298246;0.3782533333333333;0.320135;0.1504204880018318;0.2452384150080493;0.0914296577819694;0.1273107499516463;15.0;21.191668;29.2;68.833336;4.225;19.95285;0.0;12.1;1.88;0.0;4.0;2019.0;0.0;0.0754808202002305;-0.0077858751128243
2019-04-10;2019-04-11;2;28;1;2070.7827;630.85596;1439.9268;12.6;0.2706350877192982;0.2750219298245614;0.310015;0.346755;0.3619933333333333;0.3724087719298246;0.3782533333333333;0.320135;0.1504204880018318;0.2452384150080493;0.0914296577819694;0.1273107499516463;15.0;21.191668;29.2;68.833336;4.225;19.95285;0.0;12.1;1.88;0.0;4.0;2019.0;25.5;0.0754808202002305;-0.0077858751128243
2019-04-10;2019-04-11;2;29;0;1853.5769;1254.1968;599.38007;15.2;0.3644719512195122;0.3627646341463414;0.4092525;0.4372975;0.4476425;0.4613658536585366;0.478175;0.4297899999999999;0.11964272766419;0.2725555355542837;0.0598578624486198;0.1116973218504182;15.0;21.191668;29.2;68.833336;4.225;19.95285;0.0;12.1;1.88;0.0;4.0;2019.0;0.0;0.0354324706827718;-0.0178908094054763
2019-04-10;2019-04-11;2;29;1;2400.0;1312.0;1088.0;20.6;0.3644719512195122;0.3627646341463414;0.4092525;0.4372975;0.4476425;0.4613658536585366;0.478175;0.4297899999999999;0.11964272766419;0.2725555355542837;0.0598578624486198;0.1116973218504182;15.0;21.191668;29.2;68.833336;4.225;19.95285;0.0;12.1;1.88;0.0;4.0;2019.0;25.5;0.0354324706827718;-0.0178908094054763
2019-04-10;2019-04-11;2;30;0;920.8;633.2;287.6;14.0;0.3417328301886792;0.3479320754716981;0.3994134328358209;0.4325492537313433;0.4453940298507463;0.4408898113207546;0.455044776119403;0.4133298507462686;0.1178437584015904;0.2407019164851175;0.049358822274409;0.1081891960421363;15.0;21.191668;29.2;68.833336;4.225;19.95285;0.0;12.1;1.88;0.0;4.0;2019.0;25.5;0.0322633179711609;-0.0157991051992886
2019-04-10;2019-04-11;2;30;1;3592.1653;1260.1646;2332.0007;28.8;0.3417328301886792;0.3479320754716981;0.3994134328358209;0.4325492537313433;0.4453940298507463;0.4408898113207546;0.455044776119403;0.4133298507462686;0.1178437584015904;0.2407019164851175;0.049358822274409;0.1081891960421363;15.0;21.191668;29.2;68.833336;4.225;19.95285;0.0;12.1;1.88;0.0;4.0;2019.0;0.0;0.0322633179711609;-0.0157991051992886
2019-04-10;2019-04-11;3;31;0;7299.2896;7287.2856;12.003765;43.4;0.354077358490566;0.3578943396226415;0.4057764705882353;0.4327509803921569;0.4444980392156862;0.4475613207547169;0.4509843137254902;0.4075823529411765;0.1113245403105941;0.2386417503926853;0.048966365477289;0.1030295212471897;15.0;21.191668;29.2;68.833336;4.225;19.95285;0.0;12.1;1.88;0.0;4.0;2019.0;51.0;0.0467511706433529;-0.0038094814992378
2019-04-10;2019-04-11;3;32;0;4494.6523;4476.322;18.330557;41.6;0.4576184782608696;0.4595521739130435;0.514725;0.5321891304347826;0.5372576086956522;0.5366391304347826;0.5449804347826087;0.5166760869565217;0.0773816797891098;0.2236184184388711;0.020843521098366;0.0772831886180562;15.0;21.191668;29.2;68.833336;4.225;19.95285;0.0;12.1;1.88;0.0;4.0;2019.0;25.5;0.0189525824260874;-0.0077118652584188
2019-04-10;2019-04-11;3;32;1;7340.5454;7340.5454;0.0;46.8;0.4576184782608696;0.4595521739130435;0.514725;0.5321891304347826;0.5372576086956522;0.5366391304347826;0.5449804347826087;0.5166760869565217;0.0773816797891098;0.2236184184388711;0.020843521098366;0.0772831886180562;15.0;21.191668;29.2;68.833336;4.225;19.95285;0.0;12.1;1.88;0.0;4.0;2019.0;0.0;0.0189525824260874;-0.0077118652584188
2019-04-10;2019-04-11;3;33;0;7617.5073;7561.752;55.755695;43.0;0.6215271929824561;0.5989780701754386;0.6634137931034483;0.6623905172413793;0.6564155172413794;0.6775736842105263;0.6718655172413793;0.6521413793103449;0.0615686859267943;0.3221194256719106;0.0105593015196835;0.0663608142918299;15.0;21.191668;29.2;68.833336;4.225;19.95285;0.0;12.1;1.88;0.0;4.0;2019.0;0.0;0.0191261313027776;0.0042300290098326
2019-04-10;2019-04-11;3;33;1;12880.3955;12768.181;112.21506;61.2;0.6215271929824561;0.5989780701754386;0.6634137931034483;0.6623905172413793;0.6564155172413794;0.6775736842105263;0.6718655172413793;0.6521413793103449;0.0615686859267943;0.3221194256719106;0.0105593015196835;0.0663608142918299;15.0;21.191668;29.2;68.833336;4.225;19.95285;0.0;12.1;1.88;0.0;4.0;2019.0;25.5;0.0191261313027776;0.0042300290098326
2019-04-10;2019-04-11;4;34;0;1645.6;453.6;1192.0;9.2;0.4885620853080569;0.4906142180094786;0.5467339622641509;0.5606924528301888;0.567366037735849;0.5593857819905214;0.5736396226415094;0.5693283018867924;0.065496727600993;0.2049565391797108;0.0114380199721464;0.0665531264332671;15.0;21.191668;29.2;68.833336;4.225;19.95285;0.0;12.1;1.88;0.0;4.0;2019.0;25.5;-0.0088087143044382;-0.0125803363214235
2019-04-10;2019-04-11;4;34;1;4616.9023;2284.4355;2332.4666;25.8;0.4885620853080569;0.4906142180094786;0.5467339622641509;0.5606924528301888;0.567366037735849;0.5593857819905214;0.5736396226415094;0.5693283018867924;0.065496727600993;0.2049565391797108;0.0114380199721464;0.0665531264332671;15.0;21.191668;29.2;68.833336;4.225;19.95285;0.0;12.1;1.88;0.0;4.0;2019.0;0.0;-0.0088087143044382;-0.0125803363214235
2019-04-10;2019-04-11;4;35;0;1620.4;566.4;1054.0;14.6;0.5233764102564102;0.5138420512820513;0.57540625;0.5866083333333333;0.58993125;0.5945107692307693;0.6079958333333333;0.5979854166666667;0.0727825259752518;0.2680950160477972;0.0163298070860877;0.0752341621687804;15.0;21.191668;29.2;68.833336;4.225;19.95285;0.0;12.1;1.88;0.0;4.0;2019.0;0.0;-0.0029137597897493;-0.0112141289484896
2019-04-10;2019-04-11;4;35;1;3964.469;1388.3624;2576.1067;26.2;0.5233764102564102;0.5138420512820513;0.57540625;0.5866083333333333;0.58993125;0.5945107692307693;0.6079958333333333;0.5979854166666667;0.0727825259752518;0.2680950160477972;0.0163298070860877;0.0752341621687804;15.0;21.191668;29.2;68.833336;4.225;19.95285;0.0;12.1;1.88;0.0;4.0;2019.0;25.5;-0.0029137597897493;-0.0112141289484896
2019-04-10;2019-04-11;4;36;0;1401.6;917.2;484.4;14.0;0.5612328205128205;0.5422174358974359;0.6023474747474747;0.6098707070707071;0.6083010101010101;0.6352605128205129;0.6478333333333333;0.6077474747474747;0.0790189548979523;0.3424130652720073;0.026594073732277;0.0831990760243858;15.0;21.191668;29.2;68.833336;4.225;19.95285;0.0;12.1;1.88;0.0;4.0;2019.0;0.0;0.0221342407677274;-0.0097988315901507
2019-04-10;2019-04-11;4;36;1;6915.932;2241.234;4674.698;28.2;0.5612328205128205;0.5422174358974359;0.6023474747474747;0.6098707070707071;0.6083010101010101;0.6352605128205129;0.6478333333333333;0.6077474747474747;0.0790189548979523;0.3424130652720073;0.026594073732277;0.0831990760243858;15.0;21.191668;29.2;68.833336;4.225;19.95285;0.0;12.1;1.88;0.0;4.0;2019.0;25.5;0.0221342407677274;-0.0097988315901507
2019-06-13;2019-06-20;1;25;0;2412.7817;2274.2039;138.57787;17.8;0.1247121621621621;0.1569972972972972;0.19375;0.28488;0.319505;0.3428756756756757;0.31298;0.21477;0.3718512270684985;0.3443421000587297;0.2778951556649031;0.278852989433793;19.3;22.333334;28.2;73.333336;5.7458334;9.606022;0.0;13.75;0.33;0.0;6.0;2019.0;32.0;0.2297259375686101;0.0455827048304133
2019-06-13;2019-06-20;1;25;1;8451.991;7485.5254;966.4653;26.0;0.1247121621621621;0.1569972972972972;0.19375;0.28488;0.319505;0.3428756756756757;0.31298;0.21477;0.3718512270684985;0.3443421000587297;0.2778951556649031;0.278852989433793;19.3;22.333334;28.2;73.333336;5.7458334;9.606022;0.0;13.75;0.33;0.0;6.0;2019.0;0.0;0.2297259375686101;0.0455827048304133
2019-06-13;2019-06-20;1;26;0;2807.9775;2723.8318;84.14583;19.6;0.1246156097560975;0.156330243902439;0.1976529411764706;0.2996470588235294;0.334456862745098;0.3556185365853658;0.3037176470588235;0.2087431372549019;0.3892738888703614;0.3666129440417242;0.2855119082731639;0.2954027365696229;19.3;22.333334;28.2;73.333336;5.7458334;9.606022;0.0;13.75;0.33;0.0;6.0;2019.0;0.0;0.260250484996673;0.0787168834564532
2019-06-13;2019-06-20;1;26;1;2495.9312;1917.2328;578.6985;25.8;0.1246156097560975;0.156330243902439;0.1976529411764706;0.2996470588235294;0.334456862745098;0.3556185365853658;0.3037176470588235;0.2087431372549019;0.3892738888703614;0.3666129440417242;0.2855119082731639;0.2954027365696229;19.3;22.333334;28.2;73.333336;5.7458334;9.606022;0.0;13.75;0.33;0.0;6.0;2019.0;32.0;0.260250484996673;0.0787168834564532
2019-06-13;2019-06-20;1;27;0;2364.058;2278.2292;85.82886;16.2;0.1263878552971576;0.1617465116279069;0.1990989583333333;0.2928854166666667;0.3265541666666666;0.3489607235142118;0.3139885416666667;0.2136979166666666;0.3665783427450508;0.3412504501608899;0.2734405944179011;0.2778463516093957;19.3;22.333334;28.2;73.333336;5.7458334;9.606022;0.0;13.75;0.33;0.0;6.0;2019.0;0.0;0.240399413050979;0.0527524256897749
2019-06-13;2019-06-20;1;27;1;3932.2354;2212.6404;1719.5948;23.4;0.1263878552971576;0.1617465116279069;0.1990989583333333;0.2928854166666667;0.3265541666666666;0.3489607235142118;0.3139885416666667;0.2136979166666666;0.3665783427450508;0.3412504501608899;0.2734405944179011;0.2778463516093957;19.3;22.333334;28.2;73.333336;5.7458334;9.606022;0.0;13.75;0.33;0.0;6.0;2019.0;32.0;0.240399413050979;0.0527524256897749
2019-06-13;2019-06-20;2;28;0;897.9723;0.0;897.9723;10.6;0.1206883620689655;0.142540948275862;0.2046607142857142;0.3668946428571428;0.4146267857142857;0.4446715517241379;0.3200035714285714;0.2106875;0.5145166416727776;0.5415479889938611;0.3696271539273578;0.4168420664519712;19.3;22.333334;28.2;73.333336;5.7458334;9.606022;0.0;13.75;0.33;0.0;6.0;2019.0;32.0;0.3570318455334763;0.1630339166541314
2019-06-13;2019-06-20;2;28;1;1694.0;817.6;876.4;10.6;0.1206883620689655;0.142540948275862;0.2046607142857142;0.3668946428571428;0.4146267857142857;0.4446715517241379;0.3200035714285714;0.2106875;0.5145166416727776;0.5415479889938611;0.3696271539273578;0.4168420664519712;19.3;22.333334;28.2;73.333336;5.7458334;9.606022;0.0;13.75;0.33;0.0;6.0;2019.0;0.0;0.3570318455334763;0.1630339166541314
2019-06-13;2019-06-20;2;29;0;904.02344;99.6253;804.39813;12.0;0.1263512195121951;0.1561146341463414;0.2207849999999999;0.366145;0.4084275;0.4342012195121951;0.3369425;0.22433;0.4710810045882836;0.4884694049794827;0.3258331445066709;0.3825771006164023;19.3;22.333334;28.2;73.333336;5.7458334;9.606022;0.0;13.75;0.33;0.0;6.0;2019.0;0.0;0.3186959301149861;0.1261226890024059
2019-06-13;2019-06-20;2;29;1;2570.0208;787.8362;1782.1847;15.8;0.1263512195121951;0.1561146341463414;0.2207849999999999;0.366145;0.4084275;0.4342012195121951;0.3369425;0.22433;0.4710810045882836;0.4884694049794827;0.3258331445066709;0.3825771006164023;19.3;22.333334;28.2;73.333336;5.7458334;9.606022;0.0;13.75;0.33;0.0;6.0;2019.0;32.0;0.3186959301149861;0.1261226890024059
2019-06-13;2019-06-20;2;30;0;1403.603;154.17816;1249.4249;11.0;0.1226152985074627;0.146690671641791;0.2075701492537313;0.3708029850746268;0.4190462686567164;0.4440134328358209;0.3272134328358209;0.2164835820895522;0.5033362032535166;0.5292162996162904;0.3628748330702926;0.4088956298598022;19.3;22.333334;28.2;73.333336;5.7458334;9.606022;0.0;13.75;0.33;0.0;6.0;2019.0;0.0;0.3444827843347275;0.1514470063206133
2019-06-13;2019-06-20;2;30;1;2458.5989;1073.9459;1384.6531;14.8;0.1226152985074627;0.146690671641791;0.2075701492537313;0.3708029850746268;0.4190462686567164;0.4440134328358209;0.3272134328358209;0.2164835820895522;0.5033362032535166;0.5292162996162904;0.3628748330702926;0.4088956298598022;19.3;22.333334;28.2;73.333336;5.7458334;9.606022;0.0;13.75;0.33;0.0;6.0;2019.0;32.0;0.3444827843347275;0.1514470063206133
2019-06-13;2019-06-20;3;31;0;5263.1436;5109.908;153.23546;20.0;0.1410089201877934;0.1886521126760563;0.2344;0.332358;0.367834;0.3895145539906103;0.3408739999999999;0.2337699999999999;0.3474126975748988;0.3430355297307829;0.2486150595437861;0.2794499879163682;19.3;22.333334;28.2;73.333336;5.7458334;9.606022;0.0;13.75;0.33;0.0;6.0;2019.0;32.0;0.2498771275390159;0.0665954494013548
2019-06-13;2019-06-20;3;31;1;6053.1997;6053.1997;0.0;30.8;0.1410089201877934;0.1886521126760563;0.2344;0.332358;0.367834;0.3895145539906103;0.3408739999999999;0.2337699999999999;0.3474126975748988;0.3430355297307829;0.2486150595437861;0.2794499879163682;19.3;22.333334;28.2;73.333336;5.7458334;9.606022;0.0;13.75;0.33;0.0;6.0;2019.0;0.0;0.2498771275390159;0.0665954494013548
2019-06-13;2019-06-20;3;32;0;2983.4648;2880.044;103.420784;19.0;0.1381608219178082;0.1840857534246575;0.2267087912087912;0.3265516483516483;0.3621736263736264;0.3814230136986301;0.3387483516483516;0.2300351648351648;0.3489552624936594;0.3402997003034761;0.2544090298210792;0.2778070904194716;19.3;22.333334;28.2;73.333336;5.7458334;9.606022;0.0;13.75;0.33;0.0;6.0;2019.0;32.0;0.2475849603099195;0.0592562605286557
2019-06-13;2019-06-20;3;32;1;2548.2207;2494.4343;53.78624;24.0;0.1381608219178082;0.1840857534246575;0.2267087912087912;0.3265516483516483;0.3621736263736264;0.3814230136986301;0.3387483516483516;0.2300351648351648;0.3489552624936594;0.3402997003034761;0.2544090298210792;0.2778070904194716;19.3;22.333334;28.2;73.333336;5.7458334;9.606022;0.0;13.75;0.33;0.0;6.0;2019.0;0.0;0.2475849603099195;0.0592562605286557
2019-06-13;2019-06-20;3;33;0;2495.8625;2368.057;127.80569;20.8;0.1375377729257642;0.1827724890829694;0.223072033898305;0.3100838983050847;0.3423618644067797;0.361453711790393;0.3296330508474576;0.2289059322033898;0.3283216104272081;0.313134051877951;0.2367418012170607;0.2566702825852954;19.3;22.333334;28.2;73.333336;5.7458334;9.606022;0.0;13.75;0.33;0.0;6.0;2019.0;0.0;0.2245203935186313;0.046044379176758
2019-06-13;2019-06-20;3;33;1;3298.1482;3081.4075;216.74072;29.0;0.1375377729257642;0.1827724890829694;0.223072033898305;0.3100838983050847;0.3423618644067797;0.361453711790393;0.3296330508474576;0.2289059322033898;0.3283216104272081;0.313134051877951;0.2367418012170607;0.2566702825852954;19.3;22.333334;28.2;73.333336;5.7458334;9.606022;0.0;13.75;0.33;0.0;6.0;2019.0;32.0;0.2245203935186313;0.046044379176758
2019-06-13;2019-06-20;4;34;0;1301.2;0.0;1301.2;8.0;0.1186151376146789;0.1341339449541284;0.2012958333333333;0.42656875;0.4907083333333333;0.5138669724770643;0.31669375;0.2060291666666666;0.586006928860957;0.6643069490388623;0.437062912953836;0.4961664512942722;19.3;22.333334;28.2;73.333336;5.7458334;9.606022;0.0;13.75;0.33;0.0;6.0;2019.0;0.0;0.4276141919257276;0.2373977207699093
2019-06-13;2019-06-20;4;34;1;2202.6592;1028.3043;1174.3549;13.2;0.1186151376146789;0.1341339449541284;0.2012958333333333;0.42656875;0.4907083333333333;0.5138669724770643;0.31669375;0.2060291666666666;0.586006928860957;0.6643069490388623;0.437062912953836;0.4961664512942722;19.3;22.333334;28.2;73.333336;5.7458334;9.606022;0.0;13.75;0.33;0.0;6.0;2019.0;32.0;0.4276141919257276;0.2373977207699093
2019-06-13;2019-06-20;4;35;0;1916.3593;67.064865;1849.2944;11.8;0.1180340101522842;0.131643654822335;0.19893;0.4361819999999999;0.50021;0.5202314720812182;0.315736;0.2033579999999999;0.5961077531899386;0.6818103683684479;0.4467723655320236;0.5060285722595775;19.3;22.333334;28.2;73.333336;5.7458334;9.606022;0.0;13.75;0.33;0.0;6.0;2019.0;32.0;0.4379188535867079;0.244621326679264
2019-06-13;2019-06-20;4;35;1;1961.1893;534.7851;1426.4042;17.4;0.1180340101522842;0.131643654822335;0.19893;0.4361819999999999;0.50021;0.5202314720812182;0.315736;0.2033579999999999;0.5961077531899386;0.6818103683684479;0.4467723655320236;0.5060285722595775;19.3;22.333334;28.2;73.333336;5.7458334;9.606022;0.0;13.75;0.33;0.0;6.0;2019.0;0.0;0.4379188535867079;0.244621326679264
2019-06-13;2019-06-20;4;36;0;1032.0513;0.0;1032.0513;10.4;0.11867;0.1367687179487179;0.1970691489361702;0.3835648936170213;0.436513829787234;0.4577225641025641;0.3057893617021276;0.2020648936170212;0.5398798196777593;0.5779578692667906;0.3980707299375593;0.4398671575788869;19.3;22.333334;28.2;73.333336;5.7458334;9.606022;0.0;13.75;0.33;0.0;6.0;2019.0;32.0;0.3874848900116548;0.198992572696633
2019-06-13;2019-06-20;4;36;1;1485.2277;1094.5192;390.70856;13.4;0.11867;0.1367687179487179;0.1970691489361702;0.3835648936170213;0.436513829787234;0.4577225641025641;0.3057893617021276;0.2020648936170212;0.5398798196777593;0.5779578692667906;0.3980707299375593;0.4398671575788869;19.3;22.333334;28.2;73.333336;5.7458334;9.606022;0.0;13.75;0.33;0.0;6.0;2019.0;0.0;0.3874848900116548;0.198992572696633
2019-07-08;2019-07-07;1;25;0;3355.7783;3347.535;8.243468;20.8;0.1298351351351351;0.1660243243243243;0.20531;0.297935;0.33175;0.3653837837837838;0.320015;0.219885;0.3751532135428056;0.3591373264637804;0.2804897973874378;0.2899329439417641;2.5;10.214286;19.9;61.285713;2.5619047;13.88923;0.0;1.2;0.41;0.0;7.0;2019.0;12.5;0.2486016473373633;0.0661932656683789
2019-07-08;2019-07-07;1;25;1;3291.6782;3278.17;13.5082;20.8;0.1298351351351351;0.1660243243243243;0.20531;0.297935;0.33175;0.3653837837837838;0.320015;0.219885;0.3751532135428056;0.3591373264637804;0.2804897973874378;0.2899329439417641;2.5;10.214286;19.9;61.285713;2.5619047;13.88923;0.0;1.2;0.41;0.0;7.0;2019.0;0.0;0.2486016473373633;0.0661932656683789
2019-07-08;2019-07-07;1;26;0;2070.828;2068.8408;1.9868821;20.8;0.1289858536585365;0.1629848780487804;0.2080823529411765;0.3142235294117647;0.3503843137254902;0.3854390243902439;0.3086725490196078;0.2118156862745097;0.4056244546456409;0.3983907853583167;0.298821033618865;0.3182693743779862;2.5;10.214286;19.9;61.285713;2.5619047;13.88923;0.0;1.2;0.41;0.0;7.0;2019.0;0.0;0.2907023335529471;0.1105967373422655
2019-07-08;2019-07-07;1;26;1;2161.103;1947.6476;213.45538;21.4;0.1289858536585365;0.1629848780487804;0.2080823529411765;0.3142235294117647;0.3503843137254902;0.3854390243902439;0.3086725490196078;0.2118156862745097;0.4056244546456409;0.3983907853583167;0.298821033618865;0.3182693743779862;2.5;10.214286;19.9;61.285713;2.5619047;13.88923;0.0;1.2;0.41;0.0;7.0;2019.0;12.5;0.2907023335529471;0.1105967373422655
2019-07-08;2019-07-07;1;27;0;2088.8638;2053.0637;35.800198;20.2;0.1307757105943152;0.1684932816537467;0.2092104166666666;0.3066197916666666;0.3410583333333333;0.3735726098191214;0.3179895833333333;0.2164760416666666;0.378329150369793;0.3652440231022343;0.282029821876535;0.2952010950221868;2.5;10.214286;19.9;61.285713;2.5619047;13.88923;0.0;1.2;0.41;0.0;7.0;2019.0;12.5;0.2662434152791867;0.0803731421933512
2019-07-08;2019-07-07;1;27;1;1712.0;1670.0;42.0;18.8;0.1307757105943152;0.1684932816537467;0.2092104166666666;0.3066197916666666;0.3410583333333333;0.3735726098191214;0.3179895833333333;0.2164760416666666;0.378329150369793;0.3652440231022343;0.282029821876535;0.2952010950221868;2.5;10.214286;19.9;61.285713;2.5619047;13.88923;0.0;1.2;0.41;0.0;7.0;2019.0;0.0;0.2662434152791867;0.0803731421933512
2019-07-08;2019-07-07;2;28;0;2194.0;1142.4;1051.6;7.6;0.1244435344827586;0.1517443965517241;0.2138839285714285;0.3641107142857143;0.4089857142857143;0.45285;0.3238553571428572;0.2168375;0.4980291004442277;0.5264121264422992;0.3584129458367147;0.4088907263900504;2.5;10.214286;19.9;61.285713;2.5619047;13.88923;0.0;1.2;0.41;0.0;7.0;2019.0;0.0;0.352421838544097;0.1660792495775424
2019-07-08;2019-07-07;2;28;1;1798.0;0.0;1798.0;8.2;0.1244435344827586;0.1517443965517241;0.2138839285714285;0.3641107142857143;0.4089857142857143;0.45285;0.3238553571428572;0.2168375;0.4980291004442277;0.5264121264422992;0.3584129458367147;0.4088907263900504;2.5;10.214286;19.9;61.285713;2.5619047;13.88923;0.0;1.2;0.41;0.0;7.0;2019.0;12.5;0.352421838544097;0.1660792495775424
2019-07-08;2019-07-07;2;29;0;2039.6;854.4;1185.2;6.0;0.133775;0.171610975609756;0.2354525;0.3595975;0.3999775;0.4402670731707317;0.3478575;0.236455;0.4390680432096305;0.4579509678277692;0.3031058760214156;0.362435562770088;2.5;10.214286;19.9;61.285713;2.5619047;13.88923;0.0;1.2;0.41;0.0;7.0;2019.0;0.0;0.3011754474267185;0.1172524957557858
2019-07-08;2019-07-07;2;29;1;1612.8;325.2;1287.6;9.4;0.133775;0.171610975609756;0.2354525;0.3595975;0.3999775;0.4402670731707317;0.3478575;0.236455;0.4390680432096305;0.4579509678277692;0.3031058760214156;0.362435562770088;2.5;10.214286;19.9;61.285713;2.5619047;13.88923;0.0;1.2;0.41;0.0;7.0;2019.0;12.5;0.3011754474267185;0.1172524957557858
2019-07-08;2019-07-07;2;30;0;2159.6;886.0;1273.6;8.4;0.1292376865671641;0.160045895522388;0.2227925373134328;0.3624641791044776;0.4069373134328358;0.4482873134328358;0.3403865671641791;0.2282149253731343;0.4738216057701095;0.5006694500683837;0.336017801560639;0.3901012108743362;2.5;10.214286;19.9;61.285713;2.5619047;13.88923;0.0;1.2;0.41;0.0;7.0;2019.0;0.0;0.3253091792395696;0.1368128816272923
2019-07-08;2019-07-07;2;30;1;1911.6;0.0;1911.6;15.6;0.1292376865671641;0.160045895522388;0.2227925373134328;0.3624641791044776;0.4069373134328358;0.4482873134328358;0.3403865671641791;0.2282149253731343;0.4738216057701095;0.5006694500683837;0.336017801560639;0.3901012108743362;2.5;10.214286;19.9;61.285713;2.5619047;13.88923;0.0;1.2;0.41;0.0;7.0;2019.0;12.5;0.3253091792395696;0.1368128816272923
2019-07-08;2019-07-07;3;31;0;3383.4446;3267.41;116.03455;24.6;0.1468558685446009;0.1972197183098591;0.244444;0.342842;0.378378;0.4140215962441314;0.345562;0.237378;0.3546911387893796;0.3623217629538104;0.2575344820008776;0.292648241783498;2.5;10.214286;19.9;61.285713;2.5619047;13.88923;0.0;1.2;0.41;0.0;7.0;2019.0;0.0;0.2711754770230605;0.0901277971017799
2019-07-08;2019-07-07;3;31;1;4643.9077;4640.3;3.607619;24.6;0.1468558685446009;0.1972197183098591;0.244444;0.342842;0.378378;0.4140215962441314;0.345562;0.237378;0.3546911387893796;0.3623217629538104;0.2575344820008776;0.292648241783498;2.5;10.214286;19.9;61.285713;2.5619047;13.88923;0.0;1.2;0.41;0.0;7.0;2019.0;12.5;0.2711754770230605;0.0901277971017799
2019-07-08;2019-07-07;3;32;0;3073.5369;3018.8152;54.721725;22.6;0.1431819178082191;0.191693698630137;0.236410989010989;0.3369505494505494;0.3719461538461538;0.4028361643835617;0.3423472527472527;0.2330164835164835;0.3551419010024728;0.3568683933712415;0.2603455869749538;0.2893604910496381;2.5;10.214286;19.9;61.285713;2.5619047;13.88923;0.0;1.2;0.41;0.0;7.0;2019.0;0.0;0.2670739540488215;0.0811731853470516
2019-07-08;2019-07-07;3;32;1;2852.6655;2845.2173;7.4482126;17.0;0.1431819178082191;0.191693698630137;0.236410989010989;0.3369505494505494;0.3719461538461538;0.4028361643835617;0.3423472527472527;0.2330164835164835;0.3551419010024728;0.3568683933712415;0.2603455869749538;0.2893604910496381;2.5;10.214286;19.9;61.285713;2.5619047;13.88923;0.0;1.2;0.41;0.0;7.0;2019.0;12.5;0.2670739540488215;0.0811731853470516
2019-07-08;2019-07-07;3;33;0;4073.2942;3836.8184;236.47571;27.2;0.1423120087336244;0.1900296943231441;0.2318677966101694;0.3236398305084746;0.3557635593220339;0.3866163755458515;0.3344771186440677;0.2321338983050847;0.3409139357654317;0.3367468538036473;0.2502062072117904;0.2738876127323268;2.5;10.214286;19.9;61.285713;2.5619047;13.88923;0.0;1.2;0.41;0.0;7.0;2019.0;12.5;0.2496685395859449;0.0723058207040923
2019-07-08;2019-07-07;3;33;1;3879.8044;3807.2139;72.59078;22.2;0.1423120087336244;0.1900296943231441;0.2318677966101694;0.3236398305084746;0.3557635593220339;0.3866163755458515;0.3344771186440677;0.2321338983050847;0.3409139357654317;0.3367468538036473;0.2502062072117904;0.2738876127323268;2.5;10.214286;19.9;61.285713;2.5619047;13.88923;0.0;1.2;0.41;0.0;7.0;2019.0;0.0;0.2496685395859449;0.0723058207040923
2019-07-08;2019-07-07;4;34;0;2806.1663;425.5494;2380.617;9.4;0.1201747706422018;0.1389807339449541;0.2039145833333333;0.4097541666666667;0.4698729166666667;0.5092495412844037;0.3100125;0.2036479166666666;0.5711994972904351;0.6420149438091967;0.4281412194068691;0.4837036812134509;2.5;10.214286;19.9;61.285713;2.5619047;13.88923;0.0;1.2;0.41;0.0;7.0;2019.0;0.0;0.428675430399293;0.2431908610974437
2019-07-08;2019-07-07;4;34;1;1742.4;194.8;1547.6;9.6;0.1201747706422018;0.1389807339449541;0.2039145833333333;0.4097541666666667;0.4698729166666667;0.5092495412844037;0.3100125;0.2036479166666666;0.5711994972904351;0.6420149438091967;0.4281412194068691;0.4837036812134509;2.5;10.214286;19.9;61.285713;2.5619047;13.88923;0.0;1.2;0.41;0.0;7.0;2019.0;12.5;0.428675430399293;0.2431908610974437
2019-07-08;2019-07-07;4;35;0;3549.117;766.9896;2782.1274;11.2;0.1185934010152284;0.1354583756345177;0.19916;0.4112439999999999;0.472484;0.5088406091370558;0.303802;0.199196;0.5795170290931235;0.6517905736559509;0.4374016139823791;0.4894466898138596;2.5;10.214286;19.9;61.285713;2.5619047;13.88923;0.0;1.2;0.41;0.0;7.0;2019.0;12.5;0.437328529543756;0.2523109258998688
2019-07-08;2019-07-07;4;35;1;1688.8;0.0;1688.8;11.0;0.1185934010152284;0.1354583756345177;0.19916;0.4112439999999999;0.472484;0.5088406091370558;0.303802;0.199196;0.5795170290931235;0.6517905736559509;0.4374016139823791;0.4894466898138596;2.5;10.214286;19.9;61.285713;2.5619047;13.88923;0.0;1.2;0.41;0.0;7.0;2019.0;0.0;0.437328529543756;0.2523109258998688
2019-07-08;2019-07-07;4;36;0;2003.2;355.2;1648.0;8.8;0.1227648717948718;0.1458987179487179;0.2061414893617021;0.3695234042553191;0.4172744680851064;0.4531923076923077;0.3076595744680851;0.2061893617021276;0.5129330545634305;0.5456795992064631;0.3746976409133904;0.4193832665920907;2.5;10.214286;19.9;61.285713;2.5619047;13.88923;0.0;1.2;0.41;0.0;7.0;2019.0;0.0;0.3745978352977619;0.1912760376053631
2019-07-08;2019-07-07;4;36;1;1534.4;9.6;1524.8;13.6;0.1227648717948718;0.1458987179487179;0.2061414893617021;0.3695234042553191;0.4172744680851064;0.4531923076923077;0.3076595744680851;0.2061893617021276;0.5129330545634305;0.5456795992064631;0.3746976409133904;0.4193832665920907;2.5;10.214286;19.9;61.285713;2.5619047;13.88923;0.0;1.2;0.41;0.0;7.0;2019.0;12.5;0.3745978352977619;0.1912760376053631
2019-08-13;2019-08-14;1;25;0;1924.9015;1874.0188;50.882683;18.6;0.1494337662337662;0.1884415584415584;0.221235;0.278365;0.300115;0.3283454545454545;0.347905;0.249655;0.2707186763368063;0.261357703363398;0.1948949487915162;0.2063911531868912;4.1;7.1041665;12.0;73.125;;16.861422;0.0;-1.95;0.0;0.0;8.0;2019.0;0.0;0.1361425478589588;-0.028923522820687
2019-08-13;2019-08-14;1;25;1;2678.6384;2636.1492;42.489372;18.2;0.1494337662337662;0.1884415584415584;0.221235;0.278365;0.300115;0.3283454545454545;0.347905;0.249655;0.2707186763368063;0.261357703363398;0.1948949487915162;0.2063911531868912;4.1;7.1041665;12.0;73.125;;16.861422;0.0;-1.95;0.0;0.0;8.0;2019.0;18.0;0.1361425478589588;-0.028923522820687
2019-08-13;2019-08-14;1;26;0;2548.328;2528.703;19.625168;24.0;0.1428110576923077;0.1734725961538461;0.2143764705882353;0.3018196078431372;0.3294117647058823;0.3597028846153846;0.3239803921568627;0.2292509803921568;0.3492851700398104;0.3502002970779501;0.2531469085412479;0.2703755924253317;4.1;7.1041665;12.0;73.125;;16.861422;0.0;-1.95;0.0;0.0;8.0;2019.0;18.0;0.2214976621667256;0.0522500603308189
2019-08-13;2019-08-14;1;26;1;2468.4275;2466.6052;1.822166;21.2;0.1428110576923077;0.1734725961538461;0.2143764705882353;0.3018196078431372;0.3294117647058823;0.3597028846153846;0.3239803921568627;0.2292509803921568;0.3492851700398104;0.3502002970779501;0.2531469085412479;0.2703755924253317;4.1;7.1041665;12.0;73.125;;16.861422;0.0;-1.95;0.0;0.0;8.0;2019.0;0.0;0.2214976621667256;0.0522500603308189
2019-08-13;2019-08-14;1;27;0;4492.3013;4417.3496;74.951416;25.0;0.1461329896907216;0.1822005154639175;0.2172525773195876;0.2850731958762886;0.3095340206185566;0.3367087628865979;0.3364824742268041;0.2369628865979381;0.2977558002312543;0.2895767592010801;0.2156399317009169;0.2274612431729097;4.1;7.1041665;12.0;73.125;;16.861422;0.0;-1.95;0.0;0.0;8.0;2019.0;18.0;0.173872765681004;0.0003361432046621
2019-08-13;2019-08-14;1;27;1;3855.3342;3785.2185;70.11574;20.0;0.1461329896907216;0.1822005154639175;0.2172525773195876;0.2850731958762886;0.3095340206185566;0.3367087628865979;0.3364824742268041;0.2369628865979381;0.2977558002312543;0.2895767592010801;0.2156399317009169;0.2274612431729097;4.1;7.1041665;12.0;73.125;;16.861422;0.0;-1.95;0.0;0.0;8.0;2019.0;0.0;0.173872765681004;0.0003361432046621
2019-08-13;2019-08-14;2;28;0;1182.8;197.6;985.2;6.2;0.1406328947368421;0.1674600877192982;0.223385;0.3283416666666666;0.3599783333333333;0.3949438596491228;0.3401166666666667;0.2397516666666667;0.4044846644378261;0.4228455959694812;0.2774556887842429;0.3211825960737008;4.1;7.1041665;12.0;73.125;;16.861422;0.0;-1.95;0.0;0.0;8.0;2019.0;0.0;0.2445143955611261;0.0745886781014572
2019-08-13;2019-08-14;2;28;1;1548.8;480.8;1068.0;3.6;0.1406328947368421;0.1674600877192982;0.223385;0.3283416666666666;0.3599783333333333;0.3949438596491228;0.3401166666666667;0.2397516666666667;0.4044846644378261;0.4228455959694812;0.2774556887842429;0.3211825960737008;4.1;7.1041665;12.0;73.125;;16.861422;0.0;-1.95;0.0;0.0;8.0;2019.0;18.0;0.2445143955611261;0.0745886781014572
2019-08-13;2019-08-14;2;29;0;1095.2;0.0;1095.2;3.0;0.1459121951219512;0.1773317073170731;0.2316575;0.3231375;0.3509525;0.38515;0.354275;0.252555;0.3694667577265385;0.3834855324568944;0.248849924814468;0.2933955821334083;4.1;7.1041665;12.0;73.125;;16.861422;0.0;-1.95;0.0;0.0;8.0;2019.0;0.0;0.2079252946111446;0.0417554180613314
2019-08-13;2019-08-14;2;29;1;3023.572;566.31323;2457.2588;5.4;0.1459121951219512;0.1773317073170731;0.2316575;0.3231375;0.3509525;0.38515;0.354275;0.252555;0.3694667577265385;0.3834855324568944;0.248849924814468;0.2933955821334083;4.1;7.1041665;12.0;73.125;;16.861422;0.0;-1.95;0.0;0.0;8.0;2019.0;18.0;0.2079252946111446;0.0417554180613314
2019-08-13;2019-08-14;2;30;0;1292.4755;318.39493;974.0806;3.4;0.1466935849056603;0.1802441509433962;0.234465671641791;0.3247537313432835;0.3534940298507462;0.3888943396226415;0.3685313432835821;0.2616686567164179;0.3666070598594235;0.3807047916545599;0.2477359233673091;0.2927359605706164;4.1;7.1041665;12.0;73.125;;16.861422;0.0;-1.95;0.0;0.0;8.0;2019.0;0.0;0.1955624338029769;0.0268844809446216
2019-08-13;2019-08-14;2;30;1;1433.2;684.8;748.4;11.2;0.1466935849056603;0.1802441509433962;0.234465671641791;0.3247537313432835;0.3534940298507462;0.3888943396226415;0.3685313432835821;0.2616686567164179;0.3666070598594235;0.3807047916545599;0.2477359233673091;0.2927359605706164;4.1;7.1041665;12.0;73.125;;16.861422;0.0;-1.95;0.0;0.0;8.0;2019.0;18.0;0.1955624338029769;0.0268844809446216
2019-08-13;2019-08-14;3;31;1;2314.9617;2294.8584;20.103207;20.6;0.1596702830188679;0.203977358490566;0.2437313725490196;0.3173901960784314;0.3432098039215686;0.374354716981132;0.3600823529411764;0.2562372549019608;0.2946012606193477;0.3040950285177488;0.2113351952822751;0.2370012388104619;4.1;7.1041665;12.0;73.125;;16.861422;0.0;-1.95;0.0;0.0;8.0;2019.0;36.0;0.1873120295623893;0.0194330659827197
2019-08-13;2019-08-14;3;32;1;2273.449;2208.6716;64.77729;23.6;0.1584195652173913;0.2038108695652174;0.2407217391304348;0.3091184782608696;0.3334;0.3619038043478261;0.3612;0.2552532608695652;0.2794570161828775;0.2829915732249973;0.2010901571114083;0.2225167842563293;4.1;7.1041665;12.0;73.125;;16.861422;0.0;-1.95;0.0;0.0;8.0;2019.0;36.0;0.1728094021587416;0.0009733102544811
2019-08-13;2019-08-14;3;33;1;2884.8682;2795.8564;89.011665;26.6;0.1547964912280701;0.1970041666666666;0.2335241379310344;0.3019706896551724;0.3269129310344827;0.3541671052631578;0.3463887931034483;0.247875;0.2851435599069127;0.2857054126649099;0.2052829078691224;0.2242683130618079;4.1;7.1041665;12.0;73.125;;16.861422;0.0;-1.95;0.0;0.0;8.0;2019.0;36.0;0.1765526104136796;0.0111030571262696
2019-08-13;2019-08-14;4;34;0;1119.2;149.2;970.0;3.2;0.1385947867298578;0.1604208530805687;0.2200735849056604;0.3477867924528302;0.3837415094339622;0.4198236966824644;0.3317716981132075;0.2296433962264151;0.4470577857350552;0.4829197596535866;0.3121596505005546;0.3602001653127516;4.1;7.1041665;12.0;73.125;;16.861422;0.0;-1.95;0.0;0.0;8.0;2019.0;0.0;0.2928251523941825;0.1171534567387744
2019-08-13;2019-08-14;4;34;1;2237.6934;299.2133;1938.4801;15.4;0.1385947867298578;0.1604208530805687;0.2200735849056604;0.3477867924528302;0.3837415094339622;0.4198236966824644;0.3317716981132075;0.2296433962264151;0.4470577857350552;0.4829197596535866;0.3121596505005546;0.3602001653127516;4.1;7.1041665;12.0;73.125;;16.861422;0.0;-1.95;0.0;0.0;8.0;2019.0;18.0;0.2928251523941825;0.1171534567387744
2019-08-13;2019-08-14;4;35;0;1195.2;80.8;1114.4;4.0;0.1383446153846154;0.1606076923076923;0.21954375;0.3435916666666666;0.3788875;0.4146533333333334;0.3327625;0.2301833333333333;0.4416180302542704;0.4737130287171713;0.3076481877019039;0.3543962372404269;4.1;7.1041665;12.0;73.125;;16.861422;0.0;-1.95;0.0;0.0;8.0;2019.0;18.0;0.2860724421171253;0.1095652910751378
2019-08-13;2019-08-14;4;35;1;2015.5518;70.47384;1945.0779;11.6;0.1383446153846154;0.1606076923076923;0.21954375;0.3435916666666666;0.3788875;0.4146533333333334;0.3327625;0.2301833333333333;0.4416180302542704;0.4737130287171713;0.3076481877019039;0.3543962372404269;4.1;7.1041665;12.0;73.125;;16.861422;0.0;-1.95;0.0;0.0;8.0;2019.0;0.0;0.2860724421171253;0.1095652910751378
2019-08-13;2019-08-14;4;36;0;728.4;190.0;538.4;2.4;0.1397117948717949;0.1663102564102564;0.2172969696969697;0.318430303030303;0.3488242424242424;0.3812630769230769;0.3272919191919192;0.2317696969696969;0.3925553116407309;0.4036563061438948;0.2739342663313267;0.3077867873395314;4.1;7.1041665;12.0;73.125;;16.861422;0.0;-1.95;0.0;0.0;8.0;2019.0;0.0;0.2438587075925699;0.0761707390775329
2019-08-13;2019-08-14;4;36;1;2496.5225;420.54245;2075.98;7.4;0.1397117948717949;0.1663102564102564;0.2172969696969697;0.318430303030303;0.3488242424242424;0.3812630769230769;0.3272919191919192;0.2317696969696969;0.3925553116407309;0.4036563061438948;0.2739342663313267;0.3077867873395314;4.1;7.1041665;12.0;73.125;;16.861422;0.0;-1.95;0.0;0.0;8.0;2019.0;18.0;0.2438587075925699;0.0761707390775329
