data;idpotreiro;idsubarea;dentrofora;media;mstotal;msanoni;msoutras;tmin;tmed;tmax;umidade;velocidadevento;radiacaosolar;chuva;somatermica;def;exc;geometria;data_imagem;s2_b02;s2_b04;s2_b05;s2_b06;s2_b07;s2_b08;s2_b11;s2_b12;ndvi;evi;ndre;savi;dias_campo_imagem;mes;ano;dias_desde_ult_medicao;est_inverno;est_outono;est_primavera;est_verao
2016-08-09;1;1;0;21.8;1812.3341;1549.0702;263.2639;8.0;12.2;18.2;75.0;2.1;14.1;0.2;6.1;0.07;0.0;"{""type"":""MultiPolygon"",""coordinates"":[[[[-53.988493254,-31.323486002],[-53.988105426,-31.322856995],[-53.987515757,-31.323225446],[-53.987295387,-31.32385273],[-53.987333743,-31.324027394],[-53.988493254,-31.323486002]]]]}";2016-08-14;0.1471675675675675;0.1712851351351351;0.2173894736842105;0.3059842105263158;0.3338578947368421;0.3469702702702703;0.3299473684210526;0.2267736842105263;0.3389933482656209;0.3455853581772789;0.2296067321848371;0.2588031463459627;5;8;2016;0;True;False;False;False
2016-08-09;1;1;1;27.6;2227.899;1761.0087;466.8901;8.0;12.2;18.2;75.0;2.1;14.1;0.2;6.1;0.07;0.0;"{""type"":""MultiPolygon"",""coordinates"":[[[[-53.988493254,-31.323486002],[-53.988105426,-31.322856995],[-53.987515757,-31.323225446],[-53.987295387,-31.32385273],[-53.987333743,-31.324027394],[-53.988493254,-31.323486002]]]]}";2016-08-14;0.1471675675675675;0.1712851351351351;0.2173894736842105;0.3059842105263158;0.3338578947368421;0.3469702702702703;0.3299473684210526;0.2267736842105263;0.3389933482656209;0.3455853581772789;0.2296067321848371;0.2588031463459627;5;8;2016;0;True;False;False;False
2016-08-09;1;2;0;23.4;2126.058;1804.7567;321.3014;8.0;12.2;18.2;75.0;2.1;14.1;0.2;6.1;0.07;0.0;"{""type"":""MultiPolygon"",""coordinates"":[[[[-53.987333275,-31.324028748],[-53.987294776,-31.323853426],[-53.987515267,-31.323226117],[-53.988104087,-31.322857009],[-53.987813401,-31.322398542],[-53.987299244,-31.322621542],[-53.98716273,-31.322634072],[-53.987072958,-31.322616027],[-53.987027616,-31.322653946],[-53.986944426,-31.322659018],[-53.986895597,-31.322680589],[-53.986836849,-31.322713935],[-53.986766274,-31.322803185],[-53.986756072,-31.322835948],[-53.986758352,-31.322877074],[-53.986779814,-31.322911823],[-53.986777803,-31.32293243],[-53.98674388,-31.32294072],[-53.986542079,-31.322875188],[-53.98649167,-31.322882413],[-53.986466546,-31.322902972],[-53.986368252,-31.322903934],[-53.986191646,-31.323248666],[-53.986175093,-31.323749049],[-53.985852733,-31.324073245],[-53.985820241,-31.324141811],[-53.985770623,-31.324611271],[-53.98564716,-31.324874819],[-53.987333275,-31.324028748]]]]}";2016-08-14;0.1456396226415094;0.1683532075471698;0.2151646153846154;0.3071492307692308;0.3357292307692308;0.3486641509433962;0.3208723076923077;0.2193107692307692;0.3487522042251054;0.355927564855192;0.2367731898963034;0.2659408050770733;5;8;2016;0;True;False;False;False
2016-08-09;1;2;1;30.2;2219.1897;2150.5342;68.655556;8.0;12.2;18.2;75.0;2.1;14.1;0.2;6.1;0.07;0.0;"{""type"":""MultiPolygon"",""coordinates"":[[[[-53.987333275,-31.324028748],[-53.987294776,-31.323853426],[-53.987515267,-31.323226117],[-53.988104087,-31.322857009],[-53.987813401,-31.322398542],[-53.987299244,-31.322621542],[-53.98716273,-31.322634072],[-53.987072958,-31.322616027],[-53.987027616,-31.322653946],[-53.986944426,-31.322659018],[-53.986895597,-31.322680589],[-53.986836849,-31.322713935],[-53.986766274,-31.322803185],[-53.986756072,-31.322835948],[-53.986758352,-31.322877074],[-53.986779814,-31.322911823],[-53.986777803,-31.32293243],[-53.98674388,-31.32294072],[-53.986542079,-31.322875188],[-53.98649167,-31.322882413],[-53.986466546,-31.322902972],[-53.986368252,-31.322903934],[-53.986191646,-31.323248666],[-53.986175093,-31.323749049],[-53.985852733,-31.324073245],[-53.985820241,-31.324141811],[-53.985770623,-31.324611271],[-53.98564716,-31.324874819],[-53.987333275,-31.324028748]]]]}";2016-08-14;0.1456396226415094;0.1683532075471698;0.2151646153846154;0.3071492307692308;0.3357292307692308;0.3486641509433962;0.3208723076923077;0.2193107692307692;0.3487522042251054;0.355927564855192;0.2367731898963034;0.2659408050770733;5;8;2016;0;True;False;False;False
2016-08-09;1;3;1;8.4;707.2;0.0;707.2;8.0;12.2;18.2;75.0;2.1;14.1;0.2;6.1;0.07;0.0;"{""type"":""MultiPolygon"",""coordinates"":[[[[-53.985552098,-31.32323165],[-53.985897809,-31.32316033],[-53.985936029,-31.323157744],[-53.98596634,-31.323149533],[-53.985992337,-31.323118989],[-53.986068882,-31.32307259],[-53.986165345,-31.323046995],[-53.986242027,-31.322987639],[-53.986283233,-31.322950942],[-53.986366591,-31.322903319],[-53.986407963,-31.322900262],[-53.986466201,-31.322900149],[-53.986490444,-31.322880315],[-53.986542811,-31.322874913],[-53.98658549,-31.322885614],[-53.986633492,-31.3229034],[-53.986704385,-31.322926984],[-53.986743051,-31.322939835],[-53.986777531,-31.322932435],[-53.986777935,-31.322912984],[-53.986757231,-31.322875468],[-53.986753701,-31.322838711],[-53.986764602,-31.32280142],[-53.986837468,-31.322713741],[-53.986897629,-31.322679646],[-53.986944201,-31.322659625],[-53.987027866,-31.322654135],[-53.98707366,-31.32261609],[-53.98706083,-31.322586877],[-53.986866798,-31.322515941],[-53.986813822,-31.322551812],[-53.986733806,-31.322570897],[-53.98669815,-31.322500452],[-53.986656651,-31.322470594],[-53.9866125,-31.322469188],[-53.986497742,-31.322456114],[-53.986315835,-31.322557886],[-53.985504645,-31.3230042],[-53.985468745,-31.323025531],[-53.985528805,-31.323153408],[-53.985523299,-31.323204152],[-53.985552098,-31.32323165]]]]}";2016-08-14;0.1370641509433962;0.1473811320754716;0.2045833333333333;0.3242416666666666;0.3563583333333333;0.3675245283018868;0.2887083333333333;0.198175;0.4275412238915354;0.449701678923269;0.2848085228244003;0.3253653095370887;5;8;2016;0;True;False;False;False
2016-08-09;1;4;1;21.6;2200.163;1505.1138;695.04926;8.0;12.2;18.2;75.0;2.1;14.1;0.2;6.1;0.07;0.0;"{""type"":""MultiPolygon"",""coordinates"":[[[[-53.987496023,-31.321884463],[-53.986497679,-31.322455273],[-53.986657739,-31.322469991],[-53.986698761,-31.322500887],[-53.986734638,-31.322570365],[-53.986813635,-31.322550657],[-53.986867306,-31.322515994],[-53.987062585,-31.322586526],[-53.987074627,-31.32261542],[-53.987164958,-31.322634849],[-53.987299036,-31.322621639],[-53.987810353,-31.322398947],[-53.987496023,-31.321884463]]]]}";2016-08-14;0.1485115384615384;0.169926923076923;0.2162428571428571;0.3116285714285714;0.3404214285714286;0.3537423076923077;0.3189142857142857;0.2198142857142857;0.3510142926392174;0.3648673202803993;0.2412333847131166;0.2693478211862306;5;8;2016;0;True;False;False;False
2016-08-09;1;4;0;28.8;4320.724;3861.8442;458.87982;8.0;12.2;18.2;75.0;2.1;14.1;0.2;6.1;0.07;0.0;"{""type"":""MultiPolygon"",""coordinates"":[[[[-53.987496023,-31.321884463],[-53.986497679,-31.322455273],[-53.986657739,-31.322469991],[-53.986698761,-31.322500887],[-53.986734638,-31.322570365],[-53.986813635,-31.322550657],[-53.986867306,-31.322515994],[-53.987062585,-31.322586526],[-53.987074627,-31.32261542],[-53.987164958,-31.322634849],[-53.987299036,-31.322621639],[-53.987810353,-31.322398947],[-53.987496023,-31.321884463]]]]}";2016-08-14;0.1485115384615384;0.169926923076923;0.2162428571428571;0.3116285714285714;0.3404214285714286;0.3537423076923077;0.3189142857142857;0.2198142857142857;0.3510142926392174;0.3648673202803993;0.2412333847131166;0.2693478211862306;5;8;2016;0;True;False;False;False
2016-08-09;1;5;1;25.2;3307.7532;3059.041;248.7123;8.0;12.2;18.2;75.0;2.1;14.1;0.2;6.1;0.07;0.0;"{""type"":""MultiPolygon"",""coordinates"":[[[[-53.984887185,-31.323376591],[-53.985144251,-31.32374099],[-53.985299153,-31.324000266],[-53.98538244,-31.324173243],[-53.985424372,-31.324329255],[-53.985442408,-31.324488854],[-53.985473992,-31.324539367],[-53.985519775,-31.324572283],[-53.985535439,-31.324576944],[-53.985558757,-31.324592274],[-53.985581062,-31.324598838],[-53.985597744,-31.324637971],[-53.985612852,-31.324670138],[-53.985616364,-31.324739731],[-53.985642703,-31.324812713],[-53.98564674,-31.324874939],[-53.985770977,-31.324611337],[-53.985819746,-31.324141281],[-53.985852073,-31.324073062],[-53.986174172,-31.323749394],[-53.986191657,-31.323249443],[-53.986367718,-31.322903965],[-53.98628245,-31.322953022],[-53.986165673,-31.323046782],[-53.986069899,-31.323072372],[-53.985993036,-31.323118044],[-53.985966602,-31.323150088],[-53.985936224,-31.323159294],[-53.985897101,-31.323161226],[-53.985515303,-31.323242348],[-53.985178233,-31.323187476],[-53.984887185,-31.323376591]]]]}";2016-08-14;0.144495867768595;0.1638231404958677;0.210415625;0.318715625;0.355165625;0.3731090909090909;0.3101875;0.210603125;0.3897809410055287;0.411226111029556;0.2788116106712392;0.302747774745594;5;8;2016;0;True;False;False;False
2016-08-09;1;5;0;24.0;3002.2131;2740.5872;261.62607;8.0;12.2;18.2;75.0;2.1;14.1;0.2;6.1;0.07;0.0;"{""type"":""MultiPolygon"",""coordinates"":[[[[-53.984887185,-31.323376591],[-53.985144251,-31.32374099],[-53.985299153,-31.324000266],[-53.98538244,-31.324173243],[-53.985424372,-31.324329255],[-53.985442408,-31.324488854],[-53.985473992,-31.324539367],[-53.985519775,-31.324572283],[-53.985535439,-31.324576944],[-53.985558757,-31.324592274],[-53.985581062,-31.324598838],[-53.985597744,-31.324637971],[-53.985612852,-31.324670138],[-53.985616364,-31.324739731],[-53.985642703,-31.324812713],[-53.98564674,-31.324874939],[-53.985770977,-31.324611337],[-53.985819746,-31.324141281],[-53.985852073,-31.324073062],[-53.986174172,-31.323749394],[-53.986191657,-31.323249443],[-53.986367718,-31.322903965],[-53.98628245,-31.322953022],[-53.986165673,-31.323046782],[-53.986069899,-31.323072372],[-53.985993036,-31.323118044],[-53.985966602,-31.323150088],[-53.985936224,-31.323159294],[-53.985897101,-31.323161226],[-53.985515303,-31.323242348],[-53.985178233,-31.323187476],[-53.984887185,-31.323376591]]]]}";2016-08-14;0.144495867768595;0.1638231404958677;0.210415625;0.318715625;0.355165625;0.3731090909090909;0.3101875;0.210603125;0.3897809410055287;0.411226111029556;0.2788116106712392;0.302747774745594;5;8;2016;0;True;False;False;False
2016-08-09;1;6;1;23.4;2460.2761;2081.8535;378.4225;8.0;12.2;18.2;75.0;2.1;14.1;0.2;6.1;0.07;0.0;"{""type"":""MultiPolygon"",""coordinates"":[[[[-53.987441605,-31.321783881],[-53.984856087,-31.322752724],[-53.984471753,-31.323331461],[-53.984443805,-31.323364664],[-53.984526779,-31.323440552],[-53.98462868,-31.323396358],[-53.984692987,-31.323366346],[-53.984737643,-31.323348779],[-53.984807886,-31.323318957],[-53.984883872,-31.323377753],[-53.985175715,-31.323183014],[-53.985051637,-31.323133616],[-53.984923775,-31.323094976],[-53.984868553,-31.32309142],[-53.984845099,-31.323062714],[-53.984849923,-31.323014697],[-53.984869266,-31.32296235],[-53.984886436,-31.322902634],[-53.985035893,-31.32279866],[-53.985144565,-31.322761897],[-53.985188787,-31.322741249],[-53.985270381,-31.322747288],[-53.985322432,-31.322761903],[-53.985352974,-31.32277723],[-53.985380478,-31.322824729],[-53.985410296,-31.322904548],[-53.985464869,-31.323027703],[-53.986497358,-31.322453872],[-53.987080833,-31.32211906],[-53.987494091,-31.321884375],[-53.987441605,-31.321783881]]]]}";2016-08-14;0.1429453608247422;0.1582876288659793;0.2150416666666666;0.3471833333333333;0.387675;0.3970701030927835;0.3080375;0.2081333333333333;0.4299615553827104;0.468309037582559;0.2973777754635416;0.3393860683385807;5;8;2016;0;True;False;False;False
2016-08-09;1;6;0;27.4;3925.3464;3600.1536;325.19266;8.0;12.2;18.2;75.0;2.1;14.1;0.2;6.1;0.07;0.0;"{""type"":""MultiPolygon"",""coordinates"":[[[[-53.987441605,-31.321783881],[-53.984856087,-31.322752724],[-53.984471753,-31.323331461],[-53.984443805,-31.323364664],[-53.984526779,-31.323440552],[-53.98462868,-31.323396358],[-53.984692987,-31.323366346],[-53.984737643,-31.323348779],[-53.984807886,-31.323318957],[-53.984883872,-31.323377753],[-53.985175715,-31.323183014],[-53.985051637,-31.323133616],[-53.984923775,-31.323094976],[-53.984868553,-31.32309142],[-53.984845099,-31.323062714],[-53.984849923,-31.323014697],[-53.984869266,-31.32296235],[-53.984886436,-31.322902634],[-53.985035893,-31.32279866],[-53.985144565,-31.322761897],[-53.985188787,-31.322741249],[-53.985270381,-31.322747288],[-53.985322432,-31.322761903],[-53.985352974,-31.32277723],[-53.985380478,-31.322824729],[-53.985410296,-31.322904548],[-53.985464869,-31.323027703],[-53.986497358,-31.322453872],[-53.987080833,-31.32211906],[-53.987494091,-31.321884375],[-53.987441605,-31.321783881]]]]}";2016-08-14;0.1429453608247422;0.1582876288659793;0.2150416666666666;0.3471833333333333;0.387675;0.3970701030927835;0.3080375;0.2081333333333333;0.4299615553827104;0.468309037582559;0.2973777754635416;0.3393860683385807;5;8;2016;0;True;False;False;False
2016-09-12;1;25;1;30.8;3589.2607;1605.4048;1983.8561;12.9;16.5;21.2;83.4;4.0;5.6;5.8;10.05;0.0;0.0;"{""type"":""MultiPolygon"",""coordinates"":[[[[-53.987343714,-31.324025191],[-53.988493661,-31.323491986],[-53.988101496,-31.32285306],[-53.987519026,-31.323219901],[-53.987295845,-31.323849071],[-53.987343714,-31.324025191]]]]}";2016-09-10;0.1315324675324675;0.1479051948051948;0.19602;0.3257;0.36034;0.380987012987013;0.32066;0.21745;0.4406981512448219;0.4545544341807468;0.3205628507519997;0.3398050103061292;2;9;2016;0;False;False;True;False
2016-09-12;1;25;0;24.2;3746.0676;3183.6016;562.46594;12.9;16.5;21.2;83.4;4.0;5.6;5.8;10.05;0.0;0.0;"{""type"":""MultiPolygon"",""coordinates"":[[[[-53.987343714,-31.324025191],[-53.988493661,-31.323491986],[-53.988101496,-31.32285306],[-53.987519026,-31.323219901],[-53.987295845,-31.323849071],[-53.987343714,-31.324025191]]]]}";2016-09-10;0.1315324675324675;0.1479051948051948;0.19602;0.3257;0.36034;0.380987012987013;0.32066;0.21745;0.4406981512448219;0.4545544341807468;0.3205628507519997;0.3398050103061292;2;9;2016;0;False;False;True;False
2016-11-23;1;25;0;38.6;7109.8677;6403.8994;705.968;8.9;17.8;26.0;59.3;2.0;33.7;0.2;7.45;2.65;0.0;"{""type"":""MultiPolygon"",""coordinates"":[[[[-53.987343714,-31.324025191],[-53.988493661,-31.323491986],[-53.988101496,-31.32285306],[-53.987519026,-31.323219901],[-53.987295845,-31.323849071],[-53.987343714,-31.324025191]]]]}";2016-11-29;0.1456594594594594;0.1693932432432432;0.2271449999999999;0.36769;0.4089;0.4232918918918919;0.36058;0.2424599999999999;0.4283870702962011;0.4711580127832188;0.3015617569313599;0.3485431994330851;6;11;2016;72;False;False;True;False
2016-11-23;1;25;1;45.8;5912.0537;3028.125;2883.9287;8.9;17.8;26.0;59.3;2.0;33.7;0.2;7.45;2.65;0.0;"{""type"":""MultiPolygon"",""coordinates"":[[[[-53.987343714,-31.324025191],[-53.988493661,-31.323491986],[-53.988101496,-31.32285306],[-53.987519026,-31.323219901],[-53.987295845,-31.323849071],[-53.987343714,-31.324025191]]]]}";2016-11-29;0.1456594594594594;0.1693932432432432;0.2271449999999999;0.36769;0.4089;0.4232918918918919;0.36058;0.2424599999999999;0.4283870702962011;0.4711580127832188;0.3015617569313599;0.3485431994330851;6;11;2016;0;False;False;True;False
2016-12-29;1;25;0;24.0;4687.8184;4679.133;8.68574;20.1;23.0;27.6;83.4;3.3;12.4;10.8;13.85;0.0;0.0;"{""type"":""MultiPolygon"",""coordinates"":[[[[-53.987343714,-31.324025191],[-53.988493661,-31.323491986],[-53.988101496,-31.32285306],[-53.987519026,-31.323219901],[-53.987295845,-31.323849071],[-53.987343714,-31.324025191]]]]}";2016-12-22;0.9123064935064936;0.7786909090909091;0.8328200000000001;0.77363;0.724255;0.8841714285714286;0.57298;0.415575;0.0634331039265731;-0.9220911328483312;0.0299077955293893;0.0731534210317736;7;12;2016;36;False;False;False;True
2017-01-30;1;25;1;52.8;8600.165;8600.165;0.0;21.1;25.6;31.5;74.8;3.7;24.2;0.0;16.3;2.64;0.0;"{""type"":""MultiPolygon"",""coordinates"":[[[[-53.987343714,-31.324025191],[-53.988493661,-31.323491986],[-53.988101496,-31.32285306],[-53.987519026,-31.323219901],[-53.987295845,-31.323849071],[-53.987343714,-31.324025191]]]]}";2017-02-07;0.1646864864864864;0.1815648648648648;0.24605;0.45929;0.53459;0.5537783783783784;0.381345;0.257945;0.5061765603119704;0.6608815913483963;0.384743010747238;0.4519555786005422;8;1;2017;32;False;False;False;True
2017-04-18;1;25;0;33.4;7621.0596;7477.2314;143.82837;12.2;16.6;23.0;83.7;4.0;13.2;0.0;7.6;0.21;0.0;"{""type"":""MultiPolygon"",""coordinates"":[[[[-53.987343714,-31.324025191],[-53.988493661,-31.323491986],[-53.988101496,-31.32285306],[-53.987519026,-31.323219901],[-53.987295845,-31.323849071],[-53.987343714,-31.324025191]]]]}";2017-04-11;0.1230688311688311;0.1467948051948052;0.190075;0.308505;0.347985;0.3661558441558442;0.270835;0.18494;0.4276455039850926;0.4142300027614025;0.3165607337418887;0.3248347376572493;7;4;2017;78;False;True;False;False
2017-04-18;1;25;1;41.2;12173.006;12130.694;42.311455;12.2;16.6;23.0;83.7;4.0;13.2;0.0;7.6;0.21;0.0;"{""type"":""MultiPolygon"",""coordinates"":[[[[-53.987343714,-31.324025191],[-53.988493661,-31.323491986],[-53.988101496,-31.32285306],[-53.987519026,-31.323219901],[-53.987295845,-31.323849071],[-53.987343714,-31.324025191]]]]}";2017-04-11;0.1230688311688311;0.1467948051948052;0.190075;0.308505;0.347985;0.3661558441558442;0.270835;0.18494;0.4276455039850926;0.4142300027614025;0.3165607337418887;0.3248347376572493;7;4;2017;0;False;True;False;False
2017-05-19;1;25;0;24.6;4788.579;4755.659;32.9199;16.1;18.1;21.2;83.6;4.7;8.5;0.4;11.65;0.08;0.0;"{""type"":""MultiPolygon"",""coordinates"":[[[[-53.987343714,-31.324025191],[-53.988493661,-31.323491986],[-53.988101496,-31.32285306],[-53.987519026,-31.323219901],[-53.987295845,-31.323849071],[-53.987343714,-31.324025191]]]]}";2017-05-21;0.1256506493506493;0.1539051948051948;0.19602;0.292725;0.325355;0.3369506493506493;0.27659;0.19242;0.3729108183691881;0.347202549313379;0.2644247849714684;0.2771020461125695;2;5;2017;31;False;True;False;False
2017-05-19;1;25;1;30.2;8045.506;8045.506;0.0;16.1;18.1;21.2;83.6;4.7;8.5;0.4;11.65;0.08;0.0;"{""type"":""MultiPolygon"",""coordinates"":[[[[-53.987343714,-31.324025191],[-53.988493661,-31.323491986],[-53.988101496,-31.32285306],[-53.987519026,-31.323219901],[-53.987295845,-31.323849071],[-53.987343714,-31.324025191]]]]}";2017-05-21;0.1256506493506493;0.1539051948051948;0.19602;0.292725;0.325355;0.3369506493506493;0.27659;0.19242;0.3729108183691881;0.347202549313379;0.2644247849714684;0.2771020461125695;2;5;2017;0;False;True;False;False
2017-06-26;1;25;1;26.6;4410.978;4358.7256;52.252453;13.8;17.8;23.7;76.1;5.0;11.1;0.0;11.75;0.29;0.0;"{""type"":""MultiPolygon"",""coordinates"":[[[[-53.987343714,-31.324025191],[-53.988493661,-31.323491986],[-53.988101496,-31.32285306],[-53.987519026,-31.323219901],[-53.987295845,-31.323849071],[-53.987343714,-31.324025191]]]]}";2017-07-02;0.1379363636363636;0.1703220779220779;0.208315;0.292165;0.323285;0.3550610389610389;0.31155;0.216465;0.3516271366597041;0.344027899710023;0.2604761807613678;0.270248687535226;6;6;2017;38;True;False;False;False
2017-06-26;1;25;0;18.2;3798.9534;3763.2375;35.715637;13.8;17.8;23.7;76.1;5.0;11.1;0.0;11.75;0.29;0.0;"{""type"":""MultiPolygon"",""coordinates"":[[[[-53.987343714,-31.324025191],[-53.988493661,-31.323491986],[-53.988101496,-31.32285306],[-53.987519026,-31.323219901],[-53.987295845,-31.323849071],[-53.987343714,-31.324025191]]]]}";2017-07-02;0.1379363636363636;0.1703220779220779;0.208315;0.292165;0.323285;0.3550610389610389;0.31155;0.216465;0.3516271366597041;0.344027899710023;0.2604761807613678;0.270248687535226;6;6;2017;0;True;False;False;False
2017-07-26;1;25;0;24.2;2909.9148;2903.8745;6.040301;16.5;18.5;22.3;84.0;3.4;9.4;0.4;12.4;0.22;0.0;"{""type"":""MultiPolygon"",""coordinates"":[[[[-53.987343714,-31.324025191],[-53.988493661,-31.323491986],[-53.988101496,-31.32285306],[-53.987519026,-31.323219901],[-53.987295845,-31.323849071],[-53.987343714,-31.324025191]]]]}";2017-07-27;0.1459363636363636;0.1925857142857142;0.236085;0.310235;0.338575;0.3583610389610389;0.361375;0.2452949999999999;0.3008917353599117;0.291991089773415;0.2056974577116379;0.2366085496194526;1;7;2017;30;True;False;False;False
2017-07-26;1;25;1;26.8;2763.2822;2760.8774;2.4049454;16.5;18.5;22.3;84.0;3.4;9.4;0.4;12.4;0.22;0.0;"{""type"":""MultiPolygon"",""coordinates"":[[[[-53.987343714,-31.324025191],[-53.988493661,-31.323491986],[-53.988101496,-31.32285306],[-53.987519026,-31.323219901],[-53.987295845,-31.323849071],[-53.987343714,-31.324025191]]]]}";2017-07-27;0.1459363636363636;0.1925857142857142;0.236085;0.310235;0.338575;0.3583610389610389;0.361375;0.2452949999999999;0.3008917353599117;0.291991089773415;0.2056974577116379;0.2366085496194526;1;7;2017;0;True;False;False;False
2017-10-02;1;25;0;24.0;3017.2244;2989.131;28.093336;10.4;14.5;18.8;78.8;4.5;17.6;1.2;4.6;0.01;0.0;"{""type"":""MultiPolygon"",""coordinates"":[[[[-53.987343714,-31.324025191],[-53.988493661,-31.323491986],[-53.988101496,-31.32285306],[-53.987519026,-31.323219901],[-53.987295845,-31.323849071],[-53.987343714,-31.324025191]]]]}";2017-10-03;0.1401857142857143;0.1558051948051948;0.197845;0.3075;0.339665;0.3562987012987013;0.320075;0.2218949999999999;0.3915094339622641;0.4043065270964987;0.285943340919235;0.2971436637068212;1;10;2017;68;False;False;True;False
2017-10-02;1;25;1;34.4;2812.7258;2779.228;33.497696;10.4;14.5;18.8;78.8;4.5;17.6;1.2;4.6;0.01;0.0;"{""type"":""MultiPolygon"",""coordinates"":[[[[-53.987343714,-31.324025191],[-53.988493661,-31.323491986],[-53.988101496,-31.32285306],[-53.987519026,-31.323219901],[-53.987295845,-31.323849071],[-53.987343714,-31.324025191]]]]}";2017-10-03;0.1401857142857143;0.1558051948051948;0.197845;0.3075;0.339665;0.3562987012987013;0.320075;0.2218949999999999;0.3915094339622641;0.4043065270964987;0.285943340919235;0.2971436637068212;1;10;2017;0;False;False;True;False
2017-11-13;1;25;0;26.0;6572.339;5305.99;1266.3485;11.3;24.61;29.5;37.43;1.46;32.31;0.0;10.4;4.96;0.0;"{""type"":""MultiPolygon"",""coordinates"":[[[[-53.987343714,-31.324025191],[-53.988493661,-31.323491986],[-53.988101496,-31.32285306],[-53.987519026,-31.323219901],[-53.987295845,-31.323849071],[-53.987343714,-31.324025191]]]]}";2017-11-12;0.1406441558441558;0.1619961038961039;0.20809;0.32013;0.354225;0.378374025974026;0.341515;0.2353199999999999;0.4004253938498143;0.4175504987218686;0.2903571547994109;0.3119725122802199;1;11;2017;42;False;False;True;False
2017-11-13;1;25;1;39.4;5591.1997;5591.1997;0.0;11.3;24.61;29.5;37.43;1.46;32.31;0.0;10.4;4.96;0.0;"{""type"":""MultiPolygon"",""coordinates"":[[[[-53.987343714,-31.324025191],[-53.988493661,-31.323491986],[-53.988101496,-31.32285306],[-53.987519026,-31.323219901],[-53.987295845,-31.323849071],[-53.987343714,-31.324025191]]]]}";2017-11-12;0.1406441558441558;0.1619961038961039;0.20809;0.32013;0.354225;0.378374025974026;0.341515;0.2353199999999999;0.4004253938498143;0.4175504987218686;0.2903571547994109;0.3119725122802199;1;11;2017;0;False;False;True;False
2017-12-11;1;25;1;25.8;4761.661;4761.661;0.0;13.9;21.58;26.5;47.93;5.81;34.17;0.0;10.2;6.98;0.0;"{""type"":""MultiPolygon"",""coordinates"":[[[[-53.987343714,-31.324025191],[-53.988493661,-31.323491986],[-53.988101496,-31.32285306],[-53.987519026,-31.323219901],[-53.987295845,-31.323849071],[-53.987343714,-31.324025191]]]]}";2017-12-12;0.1569243243243243;0.2011472972972973;0.245425;0.33348;0.365915;0.3958324324324324;0.39004;0.272965;0.3261168268196892;0.3413651097547105;0.2345507822995571;0.266210664416426;1;12;2017;28;False;False;False;True
2017-12-11;1;25;0;25.2;7052.7007;7052.7007;0.0;13.9;21.58;26.5;47.93;5.81;34.17;0.0;10.2;6.98;0.0;"{""type"":""MultiPolygon"",""coordinates"":[[[[-53.987343714,-31.324025191],[-53.988493661,-31.323491986],[-53.988101496,-31.32285306],[-53.987519026,-31.323219901],[-53.987295845,-31.323849071],[-53.987343714,-31.324025191]]]]}";2017-12-12;0.1569243243243243;0.2011472972972973;0.245425;0.33348;0.365915;0.3958324324324324;0.39004;0.272965;0.3261168268196892;0.3413651097547105;0.2345507822995571;0.266210664416426;1;12;2017;0;False;False;False;True
2018-01-15;1;25;0;16.8;2101.9578;2101.9578;0.0;20.6;23.07;25.2;80.27;4.47;14.04;1.8;12.9;1.68;0.0;"{""type"":""MultiPolygon"",""coordinates"":[[[[-53.987343714,-31.324025191],[-53.988493661,-31.323491986],[-53.988101496,-31.32285306],[-53.987519026,-31.323219901],[-53.987295845,-31.323849071],[-53.987343714,-31.324025191]]]]}";2018-01-11;0.1567298701298701;0.1997662337662337;0.2431;0.330385;0.367465;0.3769350649350649;0.40148;0.278465;0.3072107372877539;0.3163597066912791;0.2158508002270504;0.2468217016862471;4;1;2018;35;False;False;False;True
2018-01-15;1;25;1;27.6;6337.7007;6300.1025;37.598522;20.6;23.07;25.2;80.27;4.47;14.04;1.8;12.9;1.68;0.0;"{""type"":""MultiPolygon"",""coordinates"":[[[[-53.987343714,-31.324025191],[-53.988493661,-31.323491986],[-53.988101496,-31.32285306],[-53.987519026,-31.323219901],[-53.987295845,-31.323849071],[-53.987343714,-31.324025191]]]]}";2018-01-11;0.1567298701298701;0.1997662337662337;0.2431;0.330385;0.367465;0.3769350649350649;0.40148;0.278465;0.3072107372877539;0.3163597066912791;0.2158508002270504;0.2468217016862471;4;1;2018;0;False;False;False;True
2018-02-19;1;25;0;15.0;1852.0;1852.0;0.0;21.5;27.6;33.0;56.57;3.02;20.44;0.0;17.25;5.08;0.0;"{""type"":""MultiPolygon"",""coordinates"":[[[[-53.987343714,-31.324025191],[-53.988493661,-31.323491986],[-53.988101496,-31.32285306],[-53.987519026,-31.323219901],[-53.987295845,-31.323849071],[-53.987343714,-31.324025191]]]]}";2018-02-17;0.1624756756756756;0.1972959459459459;0.243475;0.342925;0.37786;0.4006729729729729;0.41048;0.28302;0.3401130403143976;0.3722451204647629;0.2440401578032578;0.2778453335827701;2;2;2018;35;False;False;False;True
2018-02-19;1;25;1;21.2;2638.0176;2638.0176;0.0;21.5;27.6;33.0;56.57;3.02;20.44;0.0;17.25;5.08;0.0;"{""type"":""MultiPolygon"",""coordinates"":[[[[-53.987343714,-31.324025191],[-53.988493661,-31.323491986],[-53.988101496,-31.32285306],[-53.987519026,-31.323219901],[-53.987295845,-31.323849071],[-53.987343714,-31.324025191]]]]}";2018-02-17;0.1624756756756756;0.1972959459459459;0.243475;0.342925;0.37786;0.4006729729729729;0.41048;0.28302;0.3401130403143976;0.3722451204647629;0.2440401578032578;0.2778453335827701;2;2;2018;0;False;False;False;True
2018-03-23;1;25;1;22.2;8024.718;4010.7644;4013.9534;15.6;25.99;30.6;54.92;3.51;22.92;0.0;13.1;4.79;0.0;"{""type"":""MultiPolygon"",""coordinates"":[[[[-53.987343714,-31.324025191],[-53.988493661,-31.323491986],[-53.988101496,-31.32285306],[-53.987519026,-31.323219901],[-53.987295845,-31.323849071],[-53.987343714,-31.324025191]]]]}";2018-03-22;0.1372445945945946;0.1620662162162162;0.203735;0.30212;0.334775;0.3590864864864865;0.3464;0.2393699999999999;0.3780471045214221;0.3782597483059454;0.2760226647640904;0.2894086306810136;1;3;2018;32;False;True;False;False
2018-03-23;1;25;0;19.0;8683.265;3424.316;5258.948;15.6;25.99;30.6;54.92;3.51;22.92;0.0;13.1;4.79;0.0;"{""type"":""MultiPolygon"",""coordinates"":[[[[-53.987343714,-31.324025191],[-53.988493661,-31.323491986],[-53.988101496,-31.32285306],[-53.987519026,-31.323219901],[-53.987295845,-31.323849071],[-53.987343714,-31.324025191]]]]}";2018-03-22;0.1372445945945946;0.1620662162162162;0.203735;0.30212;0.334775;0.3590864864864865;0.3464;0.2393699999999999;0.3780471045214221;0.3782597483059454;0.2760226647640904;0.2894086306810136;1;3;2018;0;False;True;False;False
2018-04-25;1;25;0;8.0;1405.707;1405.707;0.0;20.2;24.08;26.2;79.33;1.73;10.16;0.0;13.2;1.16;0.0;"{""type"":""MultiPolygon"",""coordinates"":[[[[-53.987343714,-31.324025191],[-53.988493661,-31.323491986],[-53.988101496,-31.32285306],[-53.987519026,-31.323219901],[-53.987295845,-31.323849071],[-53.987343714,-31.324025191]]]]}";2018-04-18;0.1338878378378378;0.1449216216216216;0.1847349999999999;0.31665;0.361535;0.3757351351351351;0.32964;0.2172849999999999;0.4433122407769813;0.4649351031147565;0.3407855711867378;0.3392132251888688;7;4;2018;33;False;True;False;False
2018-04-25;1;25;1;23.8;4575.654;4477.2246;98.42901;20.2;24.08;26.2;79.33;1.73;10.16;0.0;13.2;1.16;0.0;"{""type"":""MultiPolygon"",""coordinates"":[[[[-53.987343714,-31.324025191],[-53.988493661,-31.323491986],[-53.988101496,-31.32285306],[-53.987519026,-31.323219901],[-53.987295845,-31.323849071],[-53.987343714,-31.324025191]]]]}";2018-04-18;0.1338878378378378;0.1449216216216216;0.1847349999999999;0.31665;0.361535;0.3757351351351351;0.32964;0.2172849999999999;0.4433122407769813;0.4649351031147565;0.3407855711867378;0.3392132251888688;7;4;2018;0;False;True;False;False
2018-06-08;1;25;1;21.4;4783.0044;4756.9497;26.054497;3.8;11.42;14.9;66.27;3.96;13.96;0.0;;1.02;0.0;"{""type"":""MultiPolygon"",""coordinates"":[[[[-53.987343714,-31.324025191],[-53.988493661,-31.323491986],[-53.988101496,-31.32285306],[-53.987519026,-31.323219901],[-53.987295845,-31.323849071],[-53.987343714,-31.324025191]]]]}";2018-06-07;0.1296987012987013;0.1456116883116883;0.18042;0.283415;0.31659;0.3433415584415584;0.29243;0.202545;0.4043942267340249;0.3972804196687364;0.3110605500073891;0.2999078127995755;1;6;2018;44;True;False;False;False
2018-06-08;1;25;0;25.6;5174.5166;5149.2056;25.310995;3.8;11.42;14.9;66.27;3.96;13.96;0.0;;1.02;0.0;"{""type"":""MultiPolygon"",""coordinates"":[[[[-53.987343714,-31.324025191],[-53.988493661,-31.323491986],[-53.988101496,-31.32285306],[-53.987519026,-31.323219901],[-53.987295845,-31.323849071],[-53.987343714,-31.324025191]]]]}";2018-06-07;0.1296987012987013;0.1456116883116883;0.18042;0.283415;0.31659;0.3433415584415584;0.29243;0.202545;0.4043942267340249;0.3972804196687364;0.3110605500073891;0.2999078127995755;1;6;2018;0;True;False;False;False
2018-08-20;1;25;1;22.6;1795.0342;1638.6978;156.33646;3.5;8.27;10.4;68.64;;17.46;0.0;;0.0;0.0;"{""type"":""MultiPolygon"",""coordinates"":[[[[-53.987343714,-31.324025191],[-53.988493661,-31.323491986],[-53.988101496,-31.32285306],[-53.987519026,-31.323219901],[-53.987295845,-31.323849071],[-53.987343714,-31.324025191]]]]}";2018-08-26;0.1453689189189189;0.1761891891891892;0.2135099999999999;0.29062;0.31479;0.3495189189189189;0.34208;0.241875;0.3297071645965287;0.3291769600765403;0.2415664885918682;0.2534781508885094;6;8;2018;73;True;False;False;False
2018-08-20;1;25;0;26.4;3238.8647;3112.7473;126.11754;3.5;8.27;10.4;68.64;;17.46;0.0;;0.0;0.0;"{""type"":""MultiPolygon"",""coordinates"":[[[[-53.987343714,-31.324025191],[-53.988493661,-31.323491986],[-53.988101496,-31.32285306],[-53.987519026,-31.323219901],[-53.987295845,-31.323849071],[-53.987343714,-31.324025191]]]]}";2018-08-26;0.1453689189189189;0.1761891891891892;0.2135099999999999;0.29062;0.31479;0.3495189189189189;0.34208;0.241875;0.3297071645965287;0.3291769600765403;0.2415664885918682;0.2534781508885094;6;8;2018;0;True;False;False;False
2018-10-04;1;25;1;30.6;3713.62;3647.67;65.95013;;;;;;;;;;;"{""type"":""MultiPolygon"",""coordinates"":[[[[-53.987343714,-31.324025191],[-53.988493661,-31.323491986],[-53.988101496,-31.32285306],[-53.987519026,-31.323219901],[-53.987295845,-31.323849071],[-53.987343714,-31.324025191]]]]}";2018-10-03;0.1317337662337662;0.1468467532467532;0.194915;0.32355;0.35838;0.3802181818181818;0.310535;0.2100949999999999;0.4427754780208949;0.458203608083126;0.3221917769243961;0.3408325324970916;1;10;2018;45;False;False;True;False
2018-10-04;1;25;0;21.0;2239.6775;2148.1885;91.488914;;;;;;;;;;;"{""type"":""MultiPolygon"",""coordinates"":[[[[-53.987343714,-31.324025191],[-53.988493661,-31.323491986],[-53.988101496,-31.32285306],[-53.987519026,-31.323219901],[-53.987295845,-31.323849071],[-53.987343714,-31.324025191]]]]}";2018-10-03;0.1317337662337662;0.1468467532467532;0.194915;0.32355;0.35838;0.3802181818181818;0.310535;0.2100949999999999;0.4427754780208949;0.458203608083126;0.3221917769243961;0.3408325324970916;1;10;2018;0;False;False;True;False
2018-11-05;1;25;1;29.6;5135.642;974.7582;4160.8843;14.0;20.475;28.7;68.833336;2.275;31.2215;0.0;11.35;0.84;0.0;"{""type"":""MultiPolygon"",""coordinates"":[[[[-53.987343714,-31.324025191],[-53.988493661,-31.323491986],[-53.988101496,-31.32285306],[-53.987519026,-31.323219901],[-53.987295845,-31.323849071],[-53.987343714,-31.324025191]]]]}";2018-11-02;0.1348857142857142;0.1510493506493506;0.203475;0.336685;0.375605;0.3910181818181818;0.3297;0.221085;0.4426917621803964;0.4666216146598826;0.3154673384892403;0.3454221876588998;3;11;2018;32;False;False;True;False
2018-11-05;1;25;0;31.0;322.8283;1.0;321.8283;14.0;20.475;28.7;68.833336;2.275;31.2215;0.0;11.35;0.84;0.0;"{""type"":""MultiPolygon"",""coordinates"":[[[[-53.987343714,-31.324025191],[-53.988493661,-31.323491986],[-53.988101496,-31.32285306],[-53.987519026,-31.323219901],[-53.987295845,-31.323849071],[-53.987343714,-31.324025191]]]]}";2018-11-02;0.1348857142857142;0.1510493506493506;0.203475;0.336685;0.375605;0.3910181818181818;0.3297;0.221085;0.4426917621803964;0.4666216146598826;0.3154673384892403;0.3454221876588998;3;11;2018;0;False;False;True;False
2018-12-10;1;25;1;45.8;4883.5977;4883.5977;0.0;16.6;24.591667;32.4;54.208332;2.8458333;28.325657;0.0;14.5;4.32;0.0;"{""type"":""MultiPolygon"",""coordinates"":[[[[-53.987343714,-31.324025191],[-53.988493661,-31.323491986],[-53.988101496,-31.32285306],[-53.987519026,-31.323219901],[-53.987295845,-31.323849071],[-53.987343714,-31.324025191]]]]}";2018-12-07;0.1403243243243243;0.1612864864864864;0.20886;0.334685;0.37879;0.406727027027027;0.3372449999999999;0.231325;0.4321033473699237;0.4641415122305248;0.3214281951044752;0.3447154985891969;3;12;2018;35;False;False;False;True
2018-12-10;1;25;0;28.2;5896.3594;5062.0503;834.3089;16.6;24.591667;32.4;54.208332;2.8458333;28.325657;0.0;14.5;4.32;0.0;"{""type"":""MultiPolygon"",""coordinates"":[[[[-53.987343714,-31.324025191],[-53.988493661,-31.323491986],[-53.988101496,-31.32285306],[-53.987519026,-31.323219901],[-53.987295845,-31.323849071],[-53.987343714,-31.324025191]]]]}";2018-12-07;0.1403243243243243;0.1612864864864864;0.20886;0.334685;0.37879;0.406727027027027;0.3372449999999999;0.231325;0.4321033473699237;0.4641415122305248;0.3214281951044752;0.3447154985891969;3;12;2018;0;False;False;False;True
2019-01-14;1;25;1;35.8;4899.2856;4625.7656;273.52017;20.9;24.233334;28.4;84.791664;3.0;18.755081;0.2;14.65;0.1;0.0;"{""type"":""MultiPolygon"",""coordinates"":[[[[-53.987343714,-31.324025191],[-53.988493661,-31.323491986],[-53.988101496,-31.32285306],[-53.987519026,-31.323219901],[-53.987295845,-31.323849071],[-53.987343714,-31.324025191]]]]}";2019-01-06;0.1328297297297297;0.1430689189189189;0.185825;0.31589;0.364875;0.363227027027027;0.304855;0.205075;0.4348407485206547;0.4491491593047709;0.3231060414941232;0.3281710151895028;8;1;2019;35;False;False;False;True
2019-01-14;1;25;0;16.8;2101.9578;2101.9578;0.0;20.9;24.233334;28.4;84.791664;3.0;18.755081;0.2;14.65;0.1;0.0;"{""type"":""MultiPolygon"",""coordinates"":[[[[-53.987343714,-31.324025191],[-53.988493661,-31.323491986],[-53.988101496,-31.32285306],[-53.987519026,-31.323219901],[-53.987295845,-31.323849071],[-53.987343714,-31.324025191]]]]}";2019-01-06;0.1328297297297297;0.1430689189189189;0.185825;0.31589;0.364875;0.363227027027027;0.304855;0.205075;0.4348407485206547;0.4491491593047709;0.3231060414941232;0.3281710151895028;8;1;2019;0;False;False;False;True
2019-02-18;1;25;0;34.0;5925.741;5925.741;0.0;17.7;23.795834;31.2;74.125;3.2083333;25.51021;0.0;14.45;2.06;0.0;"{""type"":""MultiPolygon"",""coordinates"":[[[[-53.987343714,-31.324025191],[-53.988493661,-31.323491986],[-53.988101496,-31.32285306],[-53.987519026,-31.323219901],[-53.987295845,-31.323849071],[-53.987343714,-31.324025191]]]]}";2019-02-17;0.1345527027027027;0.1485121621621621;0.204225;0.35493;0.399365;0.4046243243243243;0.314165;0.20614;0.4630180225299947;0.4976715997136701;0.3291443651460387;0.3647848575875665;1;2;2019;35;False;False;False;True
2019-02-18;1;25;1;45.6;5114.908;5114.908;0.0;17.7;23.795834;31.2;74.125;3.2083333;25.51021;0.0;14.45;2.06;0.0;"{""type"":""MultiPolygon"",""coordinates"":[[[[-53.987343714,-31.324025191],[-53.988493661,-31.323491986],[-53.988101496,-31.32285306],[-53.987519026,-31.323219901],[-53.987295845,-31.323849071],[-53.987343714,-31.324025191]]]]}";2019-02-17;0.1345527027027027;0.1485121621621621;0.204225;0.35493;0.399365;0.4046243243243243;0.314165;0.20614;0.4630180225299947;0.4976715997136701;0.3291443651460387;0.3647848575875665;1;2;2019;0;False;False;False;True
2019-04-10;1;25;1;40.6;6589.1685;6589.1685;0.0;15.0;21.191668;29.2;68.833336;4.225;19.95285;0.0;12.1;1.88;0.0;"{""type"":""MultiPolygon"",""coordinates"":[[[[-53.987343714,-31.324025191],[-53.988493661,-31.323491986],[-53.988101496,-31.32285306],[-53.987519026,-31.323219901],[-53.987295845,-31.323849071],[-53.987343714,-31.324025191]]]]}";2019-04-11;0.4483480519480519;0.4456207792207792;0.505545;0.52704;0.5337149999999999;0.5451168831168831;0.58372;0.532885;0.1004262860678387;0.290505962402434;0.0376637658154015;0.1001142988566629;1;4;2019;51;False;True;False;False
2019-04-10;1;25;0;30.6;5221.4526;5221.4526;0.0;15.0;21.191668;29.2;68.833336;4.225;19.95285;0.0;12.1;1.88;0.0;"{""type"":""MultiPolygon"",""coordinates"":[[[[-53.987343714,-31.324025191],[-53.988493661,-31.323491986],[-53.988101496,-31.32285306],[-53.987519026,-31.323219901],[-53.987295845,-31.323849071],[-53.987343714,-31.324025191]]]]}";2019-04-11;0.4483480519480519;0.4456207792207792;0.505545;0.52704;0.5337149999999999;0.5451168831168831;0.58372;0.532885;0.1004262860678387;0.290505962402434;0.0376637658154015;0.1001142988566629;1;4;2019;0;False;True;False;False
2019-06-13;1;25;0;17.8;2412.7817;2274.2039;138.57787;19.3;22.333334;28.2;73.333336;5.7458334;9.606022;0.0;13.75;0.33;0.0;"{""type"":""MultiPolygon"",""coordinates"":[[[[-53.987343714,-31.324025191],[-53.988493661,-31.323491986],[-53.988101496,-31.32285306],[-53.987519026,-31.323219901],[-53.987295845,-31.323849071],[-53.987343714,-31.324025191]]]]}";2019-06-20;0.1247121621621621;0.1569972972972972;0.19375;0.28488;0.319505;0.3428756756756757;0.31298;0.21477;0.3718512270684985;0.3443421000587297;0.2778951556649031;0.278852989433793;7;6;2019;64;True;False;False;False
2019-06-13;1;25;1;26.0;8451.991;7485.5254;966.4653;19.3;22.333334;28.2;73.333336;5.7458334;9.606022;0.0;13.75;0.33;0.0;"{""type"":""MultiPolygon"",""coordinates"":[[[[-53.987343714,-31.324025191],[-53.988493661,-31.323491986],[-53.988101496,-31.32285306],[-53.987519026,-31.323219901],[-53.987295845,-31.323849071],[-53.987343714,-31.324025191]]]]}";2019-06-20;0.1247121621621621;0.1569972972972972;0.19375;0.28488;0.319505;0.3428756756756757;0.31298;0.21477;0.3718512270684985;0.3443421000587297;0.2778951556649031;0.278852989433793;7;6;2019;0;True;False;False;False
2019-07-08;1;25;1;20.8;3291.6782;3278.17;13.5082;2.5;10.214286;19.9;61.285713;2.5619047;13.88923;0.0;1.2;0.41;0.0;"{""type"":""MultiPolygon"",""coordinates"":[[[[-53.987343714,-31.324025191],[-53.988493661,-31.323491986],[-53.988101496,-31.32285306],[-53.987519026,-31.323219901],[-53.987295845,-31.323849071],[-53.987343714,-31.324025191]]]]}";2019-07-07;0.1298351351351351;0.1660243243243243;0.20531;0.297935;0.33175;0.3653837837837838;0.320015;0.219885;0.3751532135428056;0.3591373264637804;0.2804897973874378;0.2899329439417641;1;7;2019;25;True;False;False;False
2019-07-08;1;25;0;20.8;3355.7783;3347.535;8.243468;2.5;10.214286;19.9;61.285713;2.5619047;13.88923;0.0;1.2;0.41;0.0;"{""type"":""MultiPolygon"",""coordinates"":[[[[-53.987343714,-31.324025191],[-53.988493661,-31.323491986],[-53.988101496,-31.32285306],[-53.987519026,-31.323219901],[-53.987295845,-31.323849071],[-53.987343714,-31.324025191]]]]}";2019-07-07;0.1298351351351351;0.1660243243243243;0.20531;0.297935;0.33175;0.3653837837837838;0.320015;0.219885;0.3751532135428056;0.3591373264637804;0.2804897973874378;0.2899329439417641;1;7;2019;0;True;False;False;False
2019-08-13;1;25;0;18.6;1924.9015;1874.0188;50.882683;4.1;7.1041665;12.0;73.125;;16.861422;0.0;-1.95;0.0;0.0;"{""type"":""MultiPolygon"",""coordinates"":[[[[-53.987343714,-31.324025191],[-53.988493661,-31.323491986],[-53.988101496,-31.32285306],[-53.987519026,-31.323219901],[-53.987295845,-31.323849071],[-53.987343714,-31.324025191]]]]}";2019-08-14;0.1494337662337662;0.1884415584415584;0.221235;0.278365;0.300115;0.3283454545454545;0.347905;0.249655;0.2707186763368063;0.261357703363398;0.1948949487915162;0.2063911531868912;1;8;2019;36;True;False;False;False
2019-08-13;1;25;1;18.2;2678.6384;2636.1492;42.489372;4.1;7.1041665;12.0;73.125;;16.861422;0.0;-1.95;0.0;0.0;"{""type"":""MultiPolygon"",""coordinates"":[[[[-53.987343714,-31.324025191],[-53.988493661,-31.323491986],[-53.988101496,-31.32285306],[-53.987519026,-31.323219901],[-53.987295845,-31.323849071],[-53.987343714,-31.324025191]]]]}";2019-08-14;0.1494337662337662;0.1884415584415584;0.221235;0.278365;0.300115;0.3283454545454545;0.347905;0.249655;0.2707186763368063;0.261357703363398;0.1948949487915162;0.2063911531868912;1;8;2019;0;True;False;False;False
2016-09-12;1;26;1;33.6;4305.8247;2573.5488;1732.276;12.9;16.5;21.2;83.4;4.0;5.6;5.8;10.05;0.0;0.0;"{""type"":""MultiPolygon"",""coordinates"":[[[[-53.987442711,-31.321783155],[-53.98486299,-31.322744946],[-53.984438571,-31.323363952],[-53.984527493,-31.323442697],[-53.984806319,-31.323317517],[-53.98488499,-31.323380083],[-53.985177492,-31.323183549],[-53.985114893,-31.323156894],[-53.985053663,-31.323129788],[-53.984994451,-31.323120442],[-53.984927761,-31.323093175],[-53.984869408,-31.323091546],[-53.984856827,-31.323081764],[-53.984844304,-31.323061242],[-53.984849853,-31.32304474],[-53.98484695,-31.323017702],[-53.984854903,-31.322989549],[-53.984872479,-31.322951821],[-53.984879779,-31.322916937],[-53.984907139,-31.322891749],[-53.984932793,-31.322866851],[-53.984953061,-31.322848618],[-53.984976663,-31.322835947],[-53.985005054,-31.322822993],[-53.985028233,-31.322804236],[-53.985061358,-31.322787878],[-53.985095449,-31.322777386],[-53.985132097,-31.32276673],[-53.985175217,-31.322746576],[-53.985217931,-31.322744704],[-53.985225058,-31.322744391],[-53.98527046,-31.322745465],[-53.985314231,-31.32275882],[-53.985345759,-31.322769595],[-53.985371159,-31.322804532],[-53.98539209,-31.322853661],[-53.985410129,-31.322898914],[-53.985427497,-31.322934846],[-53.985447153,-31.322981002],[-53.985463931,-31.323018203],[-53.985482732,-31.323059888],[-53.985496623,-31.323093163],[-53.985525804,-31.323150506],[-53.985522019,-31.323199986],[-53.985545669,-31.323220994],[-53.985554211,-31.323230322],[-53.985596781,-31.32322412],[-53.985665407,-31.323209778],[-53.985693471,-31.323203989],[-53.985809142,-31.323178063],[-53.985915262,-31.323156608],[-53.985967263,-31.323153074],[-53.985990171,-31.323123237],[-53.986064303,-31.323074792],[-53.986154349,-31.323048176],[-53.986286381,-31.322954518],[-53.98636694,-31.322909316],[-53.986462543,-31.322901676],[-53.986489618,-31.322887316],[-53.986546925,-31.322878033],[-53.986736487,-31.322942069],[-53.986775267,-31.322934889],[-53.986779463,-31.322912097],[-53.986756101,-31.322867734],[-53.986760895,-31.322807444],[-53.986834199,-31.322721687],[-53.986940124,-31.322672704],[-53.987019099,-31.322665983],[-53.987072423,-31.32261287],[-53.987297594,-31.322634522],[-53.987816618,-31.322387672],[-53.987442711,-31.321783155]]]]}";2016-09-10;0.12688125;0.1364298076923077;0.1952745098039215;0.3694294117647059;0.4166333333333333;0.4387591346153845;0.301;0.2000647058823529;0.5256174183566772;0.5788517720820107;0.384024770537948;0.4217807424723651;2;9;2016;0;False;False;True;False
2016-11-23;1;26;0;38.8;7536.339;5673.68;1862.6584;8.9;17.8;26.0;59.3;2.0;33.7;0.2;7.45;2.65;0.0;"{""type"":""MultiPolygon"",""coordinates"":[[[[-53.987442711,-31.321783155],[-53.98486299,-31.322744946],[-53.984438571,-31.323363952],[-53.984527493,-31.323442697],[-53.984806319,-31.323317517],[-53.98488499,-31.323380083],[-53.985177492,-31.323183549],[-53.985114893,-31.323156894],[-53.985053663,-31.323129788],[-53.984994451,-31.323120442],[-53.984927761,-31.323093175],[-53.984869408,-31.323091546],[-53.984856827,-31.323081764],[-53.984844304,-31.323061242],[-53.984849853,-31.32304474],[-53.98484695,-31.323017702],[-53.984854903,-31.322989549],[-53.984872479,-31.322951821],[-53.984879779,-31.322916937],[-53.984907139,-31.322891749],[-53.984932793,-31.322866851],[-53.984953061,-31.322848618],[-53.984976663,-31.322835947],[-53.985005054,-31.322822993],[-53.985028233,-31.322804236],[-53.985061358,-31.322787878],[-53.985095449,-31.322777386],[-53.985132097,-31.32276673],[-53.985175217,-31.322746576],[-53.985217931,-31.322744704],[-53.985225058,-31.322744391],[-53.98527046,-31.322745465],[-53.985314231,-31.32275882],[-53.985345759,-31.322769595],[-53.985371159,-31.322804532],[-53.98539209,-31.322853661],[-53.985410129,-31.322898914],[-53.985427497,-31.322934846],[-53.985447153,-31.322981002],[-53.985463931,-31.323018203],[-53.985482732,-31.323059888],[-53.985496623,-31.323093163],[-53.985525804,-31.323150506],[-53.985522019,-31.323199986],[-53.985545669,-31.323220994],[-53.985554211,-31.323230322],[-53.985596781,-31.32322412],[-53.985665407,-31.323209778],[-53.985693471,-31.323203989],[-53.985809142,-31.323178063],[-53.985915262,-31.323156608],[-53.985967263,-31.323153074],[-53.985990171,-31.323123237],[-53.986064303,-31.323074792],[-53.986154349,-31.323048176],[-53.986286381,-31.322954518],[-53.98636694,-31.322909316],[-53.986462543,-31.322901676],[-53.986489618,-31.322887316],[-53.986546925,-31.322878033],[-53.986736487,-31.322942069],[-53.986775267,-31.322934889],[-53.986779463,-31.322912097],[-53.986756101,-31.322867734],[-53.986760895,-31.322807444],[-53.986834199,-31.322721687],[-53.986940124,-31.322672704],[-53.987019099,-31.322665983],[-53.987072423,-31.32261287],[-53.987297594,-31.322634522],[-53.987816618,-31.322387672],[-53.987442711,-31.321783155]]]]}";2016-11-29;0.1448687804878048;0.1667390243902439;0.2352;0.384378431372549;0.4277;0.4466975609756097;0.3719333333333333;0.2504039215686274;0.4563773065774982;0.5143967267333212;0.3101603130432294;0.3771546672683342;6;11;2016;72;False;False;True;False
2016-11-23;1;26;1;42.2;5816.6304;3777.245;2039.3851;8.9;17.8;26.0;59.3;2.0;33.7;0.2;7.45;2.65;0.0;"{""type"":""MultiPolygon"",""coordinates"":[[[[-53.987442711,-31.321783155],[-53.98486299,-31.322744946],[-53.984438571,-31.323363952],[-53.984527493,-31.323442697],[-53.984806319,-31.323317517],[-53.98488499,-31.323380083],[-53.985177492,-31.323183549],[-53.985114893,-31.323156894],[-53.985053663,-31.323129788],[-53.984994451,-31.323120442],[-53.984927761,-31.323093175],[-53.984869408,-31.323091546],[-53.984856827,-31.323081764],[-53.984844304,-31.323061242],[-53.984849853,-31.32304474],[-53.98484695,-31.323017702],[-53.984854903,-31.322989549],[-53.984872479,-31.322951821],[-53.984879779,-31.322916937],[-53.984907139,-31.322891749],[-53.984932793,-31.322866851],[-53.984953061,-31.322848618],[-53.984976663,-31.322835947],[-53.985005054,-31.322822993],[-53.985028233,-31.322804236],[-53.985061358,-31.322787878],[-53.985095449,-31.322777386],[-53.985132097,-31.32276673],[-53.985175217,-31.322746576],[-53.985217931,-31.322744704],[-53.985225058,-31.322744391],[-53.98527046,-31.322745465],[-53.985314231,-31.32275882],[-53.985345759,-31.322769595],[-53.985371159,-31.322804532],[-53.98539209,-31.322853661],[-53.985410129,-31.322898914],[-53.985427497,-31.322934846],[-53.985447153,-31.322981002],[-53.985463931,-31.323018203],[-53.985482732,-31.323059888],[-53.985496623,-31.323093163],[-53.985525804,-31.323150506],[-53.985522019,-31.323199986],[-53.985545669,-31.323220994],[-53.985554211,-31.323230322],[-53.985596781,-31.32322412],[-53.985665407,-31.323209778],[-53.985693471,-31.323203989],[-53.985809142,-31.323178063],[-53.985915262,-31.323156608],[-53.985967263,-31.323153074],[-53.985990171,-31.323123237],[-53.986064303,-31.323074792],[-53.986154349,-31.323048176],[-53.986286381,-31.322954518],[-53.98636694,-31.322909316],[-53.986462543,-31.322901676],[-53.986489618,-31.322887316],[-53.986546925,-31.322878033],[-53.986736487,-31.322942069],[-53.986775267,-31.322934889],[-53.986779463,-31.322912097],[-53.986756101,-31.322867734],[-53.986760895,-31.322807444],[-53.986834199,-31.322721687],[-53.986940124,-31.322672704],[-53.987019099,-31.322665983],[-53.987072423,-31.32261287],[-53.987297594,-31.322634522],[-53.987816618,-31.322387672],[-53.987442711,-31.321783155]]]]}";2016-11-29;0.1448687804878048;0.1667390243902439;0.2352;0.384378431372549;0.4277;0.4466975609756097;0.3719333333333333;0.2504039215686274;0.4563773065774982;0.5143967267333212;0.3101603130432294;0.3771546672683342;6;11;2016;0;False;False;True;False
2016-12-29;1;26;0;23.6;3221.726;3221.726;0.0;20.1;23.0;27.6;83.4;3.3;12.4;10.8;13.85;0.0;0.0;"{""type"":""MultiPolygon"",""coordinates"":[[[[-53.987442711,-31.321783155],[-53.98486299,-31.322744946],[-53.984438571,-31.323363952],[-53.984527493,-31.323442697],[-53.984806319,-31.323317517],[-53.98488499,-31.323380083],[-53.985177492,-31.323183549],[-53.985114893,-31.323156894],[-53.985053663,-31.323129788],[-53.984994451,-31.323120442],[-53.984927761,-31.323093175],[-53.984869408,-31.323091546],[-53.984856827,-31.323081764],[-53.984844304,-31.323061242],[-53.984849853,-31.32304474],[-53.98484695,-31.323017702],[-53.984854903,-31.322989549],[-53.984872479,-31.322951821],[-53.984879779,-31.322916937],[-53.984907139,-31.322891749],[-53.984932793,-31.322866851],[-53.984953061,-31.322848618],[-53.984976663,-31.322835947],[-53.985005054,-31.322822993],[-53.985028233,-31.322804236],[-53.985061358,-31.322787878],[-53.985095449,-31.322777386],[-53.985132097,-31.32276673],[-53.985175217,-31.322746576],[-53.985217931,-31.322744704],[-53.985225058,-31.322744391],[-53.98527046,-31.322745465],[-53.985314231,-31.32275882],[-53.985345759,-31.322769595],[-53.985371159,-31.322804532],[-53.98539209,-31.322853661],[-53.985410129,-31.322898914],[-53.985427497,-31.322934846],[-53.985447153,-31.322981002],[-53.985463931,-31.323018203],[-53.985482732,-31.323059888],[-53.985496623,-31.323093163],[-53.985525804,-31.323150506],[-53.985522019,-31.323199986],[-53.985545669,-31.323220994],[-53.985554211,-31.323230322],[-53.985596781,-31.32322412],[-53.985665407,-31.323209778],[-53.985693471,-31.323203989],[-53.985809142,-31.323178063],[-53.985915262,-31.323156608],[-53.985967263,-31.323153074],[-53.985990171,-31.323123237],[-53.986064303,-31.323074792],[-53.986154349,-31.323048176],[-53.986286381,-31.322954518],[-53.98636694,-31.322909316],[-53.986462543,-31.322901676],[-53.986489618,-31.322887316],[-53.986546925,-31.322878033],[-53.986736487,-31.322942069],[-53.986775267,-31.322934889],[-53.986779463,-31.322912097],[-53.986756101,-31.322867734],[-53.986760895,-31.322807444],[-53.986834199,-31.322721687],[-53.986940124,-31.322672704],[-53.987019099,-31.322665983],[-53.987072423,-31.32261287],[-53.987297594,-31.322634522],[-53.987816618,-31.322387672],[-53.987442711,-31.321783155]]]]}";2016-12-22;0.8246288461538461;0.7829923076923078;0.8467627450980392;0.8155411764705882;0.8001764705882353;0.7999673076923077;0.5335549019607844;0.4195960784313725;0.0107235837446652;0.1354944079967329;-0.0284171879455516;0.0122241928321295;7;12;2016;36;False;False;False;True
2017-01-30;1;26;1;52.2;7344.07;7026.544;317.52603;21.1;25.6;31.5;74.8;3.7;24.2;0.0;16.3;2.64;0.0;"{""type"":""MultiPolygon"",""coordinates"":[[[[-53.987442711,-31.321783155],[-53.98486299,-31.322744946],[-53.984438571,-31.323363952],[-53.984527493,-31.323442697],[-53.984806319,-31.323317517],[-53.98488499,-31.323380083],[-53.985177492,-31.323183549],[-53.985114893,-31.323156894],[-53.985053663,-31.323129788],[-53.984994451,-31.323120442],[-53.984927761,-31.323093175],[-53.984869408,-31.323091546],[-53.984856827,-31.323081764],[-53.984844304,-31.323061242],[-53.984849853,-31.32304474],[-53.98484695,-31.323017702],[-53.984854903,-31.322989549],[-53.984872479,-31.322951821],[-53.984879779,-31.322916937],[-53.984907139,-31.322891749],[-53.984932793,-31.322866851],[-53.984953061,-31.322848618],[-53.984976663,-31.322835947],[-53.985005054,-31.322822993],[-53.985028233,-31.322804236],[-53.985061358,-31.322787878],[-53.985095449,-31.322777386],[-53.985132097,-31.32276673],[-53.985175217,-31.322746576],[-53.985217931,-31.322744704],[-53.985225058,-31.322744391],[-53.98527046,-31.322745465],[-53.985314231,-31.32275882],[-53.985345759,-31.322769595],[-53.985371159,-31.322804532],[-53.98539209,-31.322853661],[-53.985410129,-31.322898914],[-53.985427497,-31.322934846],[-53.985447153,-31.322981002],[-53.985463931,-31.323018203],[-53.985482732,-31.323059888],[-53.985496623,-31.323093163],[-53.985525804,-31.323150506],[-53.985522019,-31.323199986],[-53.985545669,-31.323220994],[-53.985554211,-31.323230322],[-53.985596781,-31.32322412],[-53.985665407,-31.323209778],[-53.985693471,-31.323203989],[-53.985809142,-31.323178063],[-53.985915262,-31.323156608],[-53.985967263,-31.323153074],[-53.985990171,-31.323123237],[-53.986064303,-31.323074792],[-53.986154349,-31.323048176],[-53.986286381,-31.322954518],[-53.98636694,-31.322909316],[-53.986462543,-31.322901676],[-53.986489618,-31.322887316],[-53.986546925,-31.322878033],[-53.986736487,-31.322942069],[-53.986775267,-31.322934889],[-53.986779463,-31.322912097],[-53.986756101,-31.322867734],[-53.986760895,-31.322807444],[-53.986834199,-31.322721687],[-53.986940124,-31.322672704],[-53.987019099,-31.322665983],[-53.987072423,-31.32261287],[-53.987297594,-31.322634522],[-53.987816618,-31.322387672],[-53.987442711,-31.321783155]]]]}";2017-02-07;0.1719668292682926;0.1793985365853658;0.2487098039215686;0.4817980392156862;0.5592333333333332;0.5882848780487805;0.3780960784313725;0.2458725490196078;0.5326236488491508;0.7434703306185064;0.4057075647456043;0.483819150045541;8;1;2017;32;False;False;False;True
2017-01-30;1;26;0;36.8;7168.3965;6853.39;315.0065;21.1;25.6;31.5;74.8;3.7;24.2;0.0;16.3;2.64;0.0;"{""type"":""MultiPolygon"",""coordinates"":[[[[-53.987442711,-31.321783155],[-53.98486299,-31.322744946],[-53.984438571,-31.323363952],[-53.984527493,-31.323442697],[-53.984806319,-31.323317517],[-53.98488499,-31.323380083],[-53.985177492,-31.323183549],[-53.985114893,-31.323156894],[-53.985053663,-31.323129788],[-53.984994451,-31.323120442],[-53.984927761,-31.323093175],[-53.984869408,-31.323091546],[-53.984856827,-31.323081764],[-53.984844304,-31.323061242],[-53.984849853,-31.32304474],[-53.98484695,-31.323017702],[-53.984854903,-31.322989549],[-53.984872479,-31.322951821],[-53.984879779,-31.322916937],[-53.984907139,-31.322891749],[-53.984932793,-31.322866851],[-53.984953061,-31.322848618],[-53.984976663,-31.322835947],[-53.985005054,-31.322822993],[-53.985028233,-31.322804236],[-53.985061358,-31.322787878],[-53.985095449,-31.322777386],[-53.985132097,-31.32276673],[-53.985175217,-31.322746576],[-53.985217931,-31.322744704],[-53.985225058,-31.322744391],[-53.98527046,-31.322745465],[-53.985314231,-31.32275882],[-53.985345759,-31.322769595],[-53.985371159,-31.322804532],[-53.98539209,-31.322853661],[-53.985410129,-31.322898914],[-53.985427497,-31.322934846],[-53.985447153,-31.322981002],[-53.985463931,-31.323018203],[-53.985482732,-31.323059888],[-53.985496623,-31.323093163],[-53.985525804,-31.323150506],[-53.985522019,-31.323199986],[-53.985545669,-31.323220994],[-53.985554211,-31.323230322],[-53.985596781,-31.32322412],[-53.985665407,-31.323209778],[-53.985693471,-31.323203989],[-53.985809142,-31.323178063],[-53.985915262,-31.323156608],[-53.985967263,-31.323153074],[-53.985990171,-31.323123237],[-53.986064303,-31.323074792],[-53.986154349,-31.323048176],[-53.986286381,-31.322954518],[-53.98636694,-31.322909316],[-53.986462543,-31.322901676],[-53.986489618,-31.322887316],[-53.986546925,-31.322878033],[-53.986736487,-31.322942069],[-53.986775267,-31.322934889],[-53.986779463,-31.322912097],[-53.986756101,-31.322867734],[-53.986760895,-31.322807444],[-53.986834199,-31.322721687],[-53.986940124,-31.322672704],[-53.987019099,-31.322665983],[-53.987072423,-31.32261287],[-53.987297594,-31.322634522],[-53.987816618,-31.322387672],[-53.987442711,-31.321783155]]]]}";2017-02-07;0.1719668292682926;0.1793985365853658;0.2487098039215686;0.4817980392156862;0.5592333333333332;0.5882848780487805;0.3780960784313725;0.2458725490196078;0.5326236488491508;0.7434703306185064;0.4057075647456043;0.483819150045541;8;1;2017;0;False;False;False;True
2017-04-18;1;26;0;28.2;6472.451;6472.451;0.0;12.2;16.6;23.0;83.7;4.0;13.2;0.0;7.6;0.21;0.0;"{""type"":""MultiPolygon"",""coordinates"":[[[[-53.987442711,-31.321783155],[-53.98486299,-31.322744946],[-53.984438571,-31.323363952],[-53.984527493,-31.323442697],[-53.984806319,-31.323317517],[-53.98488499,-31.323380083],[-53.985177492,-31.323183549],[-53.985114893,-31.323156894],[-53.985053663,-31.323129788],[-53.984994451,-31.323120442],[-53.984927761,-31.323093175],[-53.984869408,-31.323091546],[-53.984856827,-31.323081764],[-53.984844304,-31.323061242],[-53.984849853,-31.32304474],[-53.98484695,-31.323017702],[-53.984854903,-31.322989549],[-53.984872479,-31.322951821],[-53.984879779,-31.322916937],[-53.984907139,-31.322891749],[-53.984932793,-31.322866851],[-53.984953061,-31.322848618],[-53.984976663,-31.322835947],[-53.985005054,-31.322822993],[-53.985028233,-31.322804236],[-53.985061358,-31.322787878],[-53.985095449,-31.322777386],[-53.985132097,-31.32276673],[-53.985175217,-31.322746576],[-53.985217931,-31.322744704],[-53.985225058,-31.322744391],[-53.98527046,-31.322745465],[-53.985314231,-31.32275882],[-53.985345759,-31.322769595],[-53.985371159,-31.322804532],[-53.98539209,-31.322853661],[-53.985410129,-31.322898914],[-53.985427497,-31.322934846],[-53.985447153,-31.322981002],[-53.985463931,-31.323018203],[-53.985482732,-31.323059888],[-53.985496623,-31.323093163],[-53.985525804,-31.323150506],[-53.985522019,-31.323199986],[-53.985545669,-31.323220994],[-53.985554211,-31.323230322],[-53.985596781,-31.32322412],[-53.985665407,-31.323209778],[-53.985693471,-31.323203989],[-53.985809142,-31.323178063],[-53.985915262,-31.323156608],[-53.985967263,-31.323153074],[-53.985990171,-31.323123237],[-53.986064303,-31.323074792],[-53.986154349,-31.323048176],[-53.986286381,-31.322954518],[-53.98636694,-31.322909316],[-53.986462543,-31.322901676],[-53.986489618,-31.322887316],[-53.986546925,-31.322878033],[-53.986736487,-31.322942069],[-53.986775267,-31.322934889],[-53.986779463,-31.322912097],[-53.986756101,-31.322867734],[-53.986760895,-31.322807444],[-53.986834199,-31.322721687],[-53.986940124,-31.322672704],[-53.987019099,-31.322665983],[-53.987072423,-31.32261287],[-53.987297594,-31.322634522],[-53.987816618,-31.322387672],[-53.987442711,-31.321783155]]]]}";2017-04-11;0.1240860576923077;0.1461274038461538;0.1986764705882353;0.3227196078431372;0.3632941176470588;0.3848192307692307;0.2776549019607843;0.1893333333333333;0.4495589789282386;0.4483525665003161;0.319013078841791;0.34729027513455;7;4;2017;78;False;True;False;False
2017-04-18;1;26;1;37.8;9773.946;9495.334;278.61176;12.2;16.6;23.0;83.7;4.0;13.2;0.0;7.6;0.21;0.0;"{""type"":""MultiPolygon"",""coordinates"":[[[[-53.987442711,-31.321783155],[-53.98486299,-31.322744946],[-53.984438571,-31.323363952],[-53.984527493,-31.323442697],[-53.984806319,-31.323317517],[-53.98488499,-31.323380083],[-53.985177492,-31.323183549],[-53.985114893,-31.323156894],[-53.985053663,-31.323129788],[-53.984994451,-31.323120442],[-53.984927761,-31.323093175],[-53.984869408,-31.323091546],[-53.984856827,-31.323081764],[-53.984844304,-31.323061242],[-53.984849853,-31.32304474],[-53.98484695,-31.323017702],[-53.984854903,-31.322989549],[-53.984872479,-31.322951821],[-53.984879779,-31.322916937],[-53.984907139,-31.322891749],[-53.984932793,-31.322866851],[-53.984953061,-31.322848618],[-53.984976663,-31.322835947],[-53.985005054,-31.322822993],[-53.985028233,-31.322804236],[-53.985061358,-31.322787878],[-53.985095449,-31.322777386],[-53.985132097,-31.32276673],[-53.985175217,-31.322746576],[-53.985217931,-31.322744704],[-53.985225058,-31.322744391],[-53.98527046,-31.322745465],[-53.985314231,-31.32275882],[-53.985345759,-31.322769595],[-53.985371159,-31.322804532],[-53.98539209,-31.322853661],[-53.985410129,-31.322898914],[-53.985427497,-31.322934846],[-53.985447153,-31.322981002],[-53.985463931,-31.323018203],[-53.985482732,-31.323059888],[-53.985496623,-31.323093163],[-53.985525804,-31.323150506],[-53.985522019,-31.323199986],[-53.985545669,-31.323220994],[-53.985554211,-31.323230322],[-53.985596781,-31.32322412],[-53.985665407,-31.323209778],[-53.985693471,-31.323203989],[-53.985809142,-31.323178063],[-53.985915262,-31.323156608],[-53.985967263,-31.323153074],[-53.985990171,-31.323123237],[-53.986064303,-31.323074792],[-53.986154349,-31.323048176],[-53.986286381,-31.322954518],[-53.98636694,-31.322909316],[-53.986462543,-31.322901676],[-53.986489618,-31.322887316],[-53.986546925,-31.322878033],[-53.986736487,-31.322942069],[-53.986775267,-31.322934889],[-53.986779463,-31.322912097],[-53.986756101,-31.322867734],[-53.986760895,-31.322807444],[-53.986834199,-31.322721687],[-53.986940124,-31.322672704],[-53.987019099,-31.322665983],[-53.987072423,-31.32261287],[-53.987297594,-31.322634522],[-53.987816618,-31.322387672],[-53.987442711,-31.321783155]]]]}";2017-04-11;0.1240860576923077;0.1461274038461538;0.1986764705882353;0.3227196078431372;0.3632941176470588;0.3848192307692307;0.2776549019607843;0.1893333333333333;0.4495589789282386;0.4483525665003161;0.319013078841791;0.34729027513455;7;4;2017;0;False;True;False;False
2017-05-19;1;26;1;30.0;5425.669;5425.669;0.0;16.1;18.1;21.2;83.6;4.7;8.5;0.4;11.65;0.08;0.0;"{""type"":""MultiPolygon"",""coordinates"":[[[[-53.987442711,-31.321783155],[-53.98486299,-31.322744946],[-53.984438571,-31.323363952],[-53.984527493,-31.323442697],[-53.984806319,-31.323317517],[-53.98488499,-31.323380083],[-53.985177492,-31.323183549],[-53.985114893,-31.323156894],[-53.985053663,-31.323129788],[-53.984994451,-31.323120442],[-53.984927761,-31.323093175],[-53.984869408,-31.323091546],[-53.984856827,-31.323081764],[-53.984844304,-31.323061242],[-53.984849853,-31.32304474],[-53.98484695,-31.323017702],[-53.984854903,-31.322989549],[-53.984872479,-31.322951821],[-53.984879779,-31.322916937],[-53.984907139,-31.322891749],[-53.984932793,-31.322866851],[-53.984953061,-31.322848618],[-53.984976663,-31.322835947],[-53.985005054,-31.322822993],[-53.985028233,-31.322804236],[-53.985061358,-31.322787878],[-53.985095449,-31.322777386],[-53.985132097,-31.32276673],[-53.985175217,-31.322746576],[-53.985217931,-31.322744704],[-53.985225058,-31.322744391],[-53.98527046,-31.322745465],[-53.985314231,-31.32275882],[-53.985345759,-31.322769595],[-53.985371159,-31.322804532],[-53.98539209,-31.322853661],[-53.985410129,-31.322898914],[-53.985427497,-31.322934846],[-53.985447153,-31.322981002],[-53.985463931,-31.323018203],[-53.985482732,-31.323059888],[-53.985496623,-31.323093163],[-53.985525804,-31.323150506],[-53.985522019,-31.323199986],[-53.985545669,-31.323220994],[-53.985554211,-31.323230322],[-53.985596781,-31.32322412],[-53.985665407,-31.323209778],[-53.985693471,-31.323203989],[-53.985809142,-31.323178063],[-53.985915262,-31.323156608],[-53.985967263,-31.323153074],[-53.985990171,-31.323123237],[-53.986064303,-31.323074792],[-53.986154349,-31.323048176],[-53.986286381,-31.322954518],[-53.98636694,-31.322909316],[-53.986462543,-31.322901676],[-53.986489618,-31.322887316],[-53.986546925,-31.322878033],[-53.986736487,-31.322942069],[-53.986775267,-31.322934889],[-53.986779463,-31.322912097],[-53.986756101,-31.322867734],[-53.986760895,-31.322807444],[-53.986834199,-31.322721687],[-53.986940124,-31.322672704],[-53.987019099,-31.322665983],[-53.987072423,-31.32261287],[-53.987297594,-31.322634522],[-53.987816618,-31.322387672],[-53.987442711,-31.321783155]]]]}";2017-05-21;0.1268990384615384;0.1531173076923077;0.2038156862745098;0.3164215686274509;0.3501254901960784;0.3644432692307692;0.2777313725490196;0.1925176470588235;0.4083115503016184;0.3968102650433084;0.2826661707661679;0.3115184977647334;2;5;2017;31;False;True;False;False
2017-05-19;1;26;0;22.8;4955.5947;4920.8076;34.7872;16.1;18.1;21.2;83.6;4.7;8.5;0.4;11.65;0.08;0.0;"{""type"":""MultiPolygon"",""coordinates"":[[[[-53.987442711,-31.321783155],[-53.98486299,-31.322744946],[-53.984438571,-31.323363952],[-53.984527493,-31.323442697],[-53.984806319,-31.323317517],[-53.98488499,-31.323380083],[-53.985177492,-31.323183549],[-53.985114893,-31.323156894],[-53.985053663,-31.323129788],[-53.984994451,-31.323120442],[-53.984927761,-31.323093175],[-53.984869408,-31.323091546],[-53.984856827,-31.323081764],[-53.984844304,-31.323061242],[-53.984849853,-31.32304474],[-53.98484695,-31.323017702],[-53.984854903,-31.322989549],[-53.984872479,-31.322951821],[-53.984879779,-31.322916937],[-53.984907139,-31.322891749],[-53.984932793,-31.322866851],[-53.984953061,-31.322848618],[-53.984976663,-31.322835947],[-53.985005054,-31.322822993],[-53.985028233,-31.322804236],[-53.985061358,-31.322787878],[-53.985095449,-31.322777386],[-53.985132097,-31.32276673],[-53.985175217,-31.322746576],[-53.985217931,-31.322744704],[-53.985225058,-31.322744391],[-53.98527046,-31.322745465],[-53.985314231,-31.32275882],[-53.985345759,-31.322769595],[-53.985371159,-31.322804532],[-53.98539209,-31.322853661],[-53.985410129,-31.322898914],[-53.985427497,-31.322934846],[-53.985447153,-31.322981002],[-53.985463931,-31.323018203],[-53.985482732,-31.323059888],[-53.985496623,-31.323093163],[-53.985525804,-31.323150506],[-53.985522019,-31.323199986],[-53.985545669,-31.323220994],[-53.985554211,-31.323230322],[-53.985596781,-31.32322412],[-53.985665407,-31.323209778],[-53.985693471,-31.323203989],[-53.985809142,-31.323178063],[-53.985915262,-31.323156608],[-53.985967263,-31.323153074],[-53.985990171,-31.323123237],[-53.986064303,-31.323074792],[-53.986154349,-31.323048176],[-53.986286381,-31.322954518],[-53.98636694,-31.322909316],[-53.986462543,-31.322901676],[-53.986489618,-31.322887316],[-53.986546925,-31.322878033],[-53.986736487,-31.322942069],[-53.986775267,-31.322934889],[-53.986779463,-31.322912097],[-53.986756101,-31.322867734],[-53.986760895,-31.322807444],[-53.986834199,-31.322721687],[-53.986940124,-31.322672704],[-53.987019099,-31.322665983],[-53.987072423,-31.32261287],[-53.987297594,-31.322634522],[-53.987816618,-31.322387672],[-53.987442711,-31.321783155]]]]}";2017-05-21;0.1268990384615384;0.1531173076923077;0.2038156862745098;0.3164215686274509;0.3501254901960784;0.3644432692307692;0.2777313725490196;0.1925176470588235;0.4083115503016184;0.3968102650433084;0.2826661707661679;0.3115184977647334;2;5;2017;0;False;True;False;False
2017-06-26;1;26;1;26.2;5102.631;5051.336;51.295;13.8;17.8;23.7;76.1;5.0;11.1;0.0;11.75;0.29;0.0;"{""type"":""MultiPolygon"",""coordinates"":[[[[-53.987442711,-31.321783155],[-53.98486299,-31.322744946],[-53.984438571,-31.323363952],[-53.984527493,-31.323442697],[-53.984806319,-31.323317517],[-53.98488499,-31.323380083],[-53.985177492,-31.323183549],[-53.985114893,-31.323156894],[-53.985053663,-31.323129788],[-53.984994451,-31.323120442],[-53.984927761,-31.323093175],[-53.984869408,-31.323091546],[-53.984856827,-31.323081764],[-53.984844304,-31.323061242],[-53.984849853,-31.32304474],[-53.98484695,-31.323017702],[-53.984854903,-31.322989549],[-53.984872479,-31.322951821],[-53.984879779,-31.322916937],[-53.984907139,-31.322891749],[-53.984932793,-31.322866851],[-53.984953061,-31.322848618],[-53.984976663,-31.322835947],[-53.985005054,-31.322822993],[-53.985028233,-31.322804236],[-53.985061358,-31.322787878],[-53.985095449,-31.322777386],[-53.985132097,-31.32276673],[-53.985175217,-31.322746576],[-53.985217931,-31.322744704],[-53.985225058,-31.322744391],[-53.98527046,-31.322745465],[-53.985314231,-31.32275882],[-53.985345759,-31.322769595],[-53.985371159,-31.322804532],[-53.98539209,-31.322853661],[-53.985410129,-31.322898914],[-53.985427497,-31.322934846],[-53.985447153,-31.322981002],[-53.985463931,-31.323018203],[-53.985482732,-31.323059888],[-53.985496623,-31.323093163],[-53.985525804,-31.323150506],[-53.985522019,-31.323199986],[-53.985545669,-31.323220994],[-53.985554211,-31.323230322],[-53.985596781,-31.32322412],[-53.985665407,-31.323209778],[-53.985693471,-31.323203989],[-53.985809142,-31.323178063],[-53.985915262,-31.323156608],[-53.985967263,-31.323153074],[-53.985990171,-31.323123237],[-53.986064303,-31.323074792],[-53.986154349,-31.323048176],[-53.986286381,-31.322954518],[-53.98636694,-31.322909316],[-53.986462543,-31.322901676],[-53.986489618,-31.322887316],[-53.986546925,-31.322878033],[-53.986736487,-31.322942069],[-53.986775267,-31.322934889],[-53.986779463,-31.322912097],[-53.986756101,-31.322867734],[-53.986760895,-31.322807444],[-53.986834199,-31.322721687],[-53.986940124,-31.322672704],[-53.987019099,-31.322665983],[-53.987072423,-31.32261287],[-53.987297594,-31.322634522],[-53.987816618,-31.322387672],[-53.987442711,-31.321783155]]]]}";2017-07-02;0.1372341346153846;0.1631798076923077;0.2063686274509803;0.3112960784313725;0.3449117647058823;0.3805408653846154;0.2963843137254902;0.2053470588235294;0.399766035126563;0.40846171873546;0.2967616643788447;0.3123839499866187;6;6;2017;38;True;False;False;False
2017-06-26;1;26;0;19.0;1821.304;1756.3417;64.962204;13.8;17.8;23.7;76.1;5.0;11.1;0.0;11.75;0.29;0.0;"{""type"":""MultiPolygon"",""coordinates"":[[[[-53.987442711,-31.321783155],[-53.98486299,-31.322744946],[-53.984438571,-31.323363952],[-53.984527493,-31.323442697],[-53.984806319,-31.323317517],[-53.98488499,-31.323380083],[-53.985177492,-31.323183549],[-53.985114893,-31.323156894],[-53.985053663,-31.323129788],[-53.984994451,-31.323120442],[-53.984927761,-31.323093175],[-53.984869408,-31.323091546],[-53.984856827,-31.323081764],[-53.984844304,-31.323061242],[-53.984849853,-31.32304474],[-53.98484695,-31.323017702],[-53.984854903,-31.322989549],[-53.984872479,-31.322951821],[-53.984879779,-31.322916937],[-53.984907139,-31.322891749],[-53.984932793,-31.322866851],[-53.984953061,-31.322848618],[-53.984976663,-31.322835947],[-53.985005054,-31.322822993],[-53.985028233,-31.322804236],[-53.985061358,-31.322787878],[-53.985095449,-31.322777386],[-53.985132097,-31.32276673],[-53.985175217,-31.322746576],[-53.985217931,-31.322744704],[-53.985225058,-31.322744391],[-53.98527046,-31.322745465],[-53.985314231,-31.32275882],[-53.985345759,-31.322769595],[-53.985371159,-31.322804532],[-53.98539209,-31.322853661],[-53.985410129,-31.322898914],[-53.985427497,-31.322934846],[-53.985447153,-31.322981002],[-53.985463931,-31.323018203],[-53.985482732,-31.323059888],[-53.985496623,-31.323093163],[-53.985525804,-31.323150506],[-53.985522019,-31.323199986],[-53.985545669,-31.323220994],[-53.985554211,-31.323230322],[-53.985596781,-31.32322412],[-53.985665407,-31.323209778],[-53.985693471,-31.323203989],[-53.985809142,-31.323178063],[-53.985915262,-31.323156608],[-53.985967263,-31.323153074],[-53.985990171,-31.323123237],[-53.986064303,-31.323074792],[-53.986154349,-31.323048176],[-53.986286381,-31.322954518],[-53.98636694,-31.322909316],[-53.986462543,-31.322901676],[-53.986489618,-31.322887316],[-53.986546925,-31.322878033],[-53.986736487,-31.322942069],[-53.986775267,-31.322934889],[-53.986779463,-31.322912097],[-53.986756101,-31.322867734],[-53.986760895,-31.322807444],[-53.986834199,-31.322721687],[-53.986940124,-31.322672704],[-53.987019099,-31.322665983],[-53.987072423,-31.32261287],[-53.987297594,-31.322634522],[-53.987816618,-31.322387672],[-53.987442711,-31.321783155]]]]}";2017-07-02;0.1372341346153846;0.1631798076923077;0.2063686274509803;0.3112960784313725;0.3449117647058823;0.3805408653846154;0.2963843137254902;0.2053470588235294;0.399766035126563;0.40846171873546;0.2967616643788447;0.3123839499866187;6;6;2017;0;True;False;False;False
2017-07-26;1;26;1;22.0;1844.7291;1666.5837;178.14534;16.5;18.5;22.3;84.0;3.4;9.4;0.4;12.4;0.22;0.0;"{""type"":""MultiPolygon"",""coordinates"":[[[[-53.987442711,-31.321783155],[-53.98486299,-31.322744946],[-53.984438571,-31.323363952],[-53.984527493,-31.323442697],[-53.984806319,-31.323317517],[-53.98488499,-31.323380083],[-53.985177492,-31.323183549],[-53.985114893,-31.323156894],[-53.985053663,-31.323129788],[-53.984994451,-31.323120442],[-53.984927761,-31.323093175],[-53.984869408,-31.323091546],[-53.984856827,-31.323081764],[-53.984844304,-31.323061242],[-53.984849853,-31.32304474],[-53.98484695,-31.323017702],[-53.984854903,-31.322989549],[-53.984872479,-31.322951821],[-53.984879779,-31.322916937],[-53.984907139,-31.322891749],[-53.984932793,-31.322866851],[-53.984953061,-31.322848618],[-53.984976663,-31.322835947],[-53.985005054,-31.322822993],[-53.985028233,-31.322804236],[-53.985061358,-31.322787878],[-53.985095449,-31.322777386],[-53.985132097,-31.32276673],[-53.985175217,-31.322746576],[-53.985217931,-31.322744704],[-53.985225058,-31.322744391],[-53.98527046,-31.322745465],[-53.985314231,-31.32275882],[-53.985345759,-31.322769595],[-53.985371159,-31.322804532],[-53.98539209,-31.322853661],[-53.985410129,-31.322898914],[-53.985427497,-31.322934846],[-53.985447153,-31.322981002],[-53.985463931,-31.323018203],[-53.985482732,-31.323059888],[-53.985496623,-31.323093163],[-53.985525804,-31.323150506],[-53.985522019,-31.323199986],[-53.985545669,-31.323220994],[-53.985554211,-31.323230322],[-53.985596781,-31.32322412],[-53.985665407,-31.323209778],[-53.985693471,-31.323203989],[-53.985809142,-31.323178063],[-53.985915262,-31.323156608],[-53.985967263,-31.323153074],[-53.985990171,-31.323123237],[-53.986064303,-31.323074792],[-53.986154349,-31.323048176],[-53.986286381,-31.322954518],[-53.98636694,-31.322909316],[-53.986462543,-31.322901676],[-53.986489618,-31.322887316],[-53.986546925,-31.322878033],[-53.986736487,-31.322942069],[-53.986775267,-31.322934889],[-53.986779463,-31.322912097],[-53.986756101,-31.322867734],[-53.986760895,-31.322807444],[-53.986834199,-31.322721687],[-53.986940124,-31.322672704],[-53.987019099,-31.322665983],[-53.987072423,-31.32261287],[-53.987297594,-31.322634522],[-53.987816618,-31.322387672],[-53.987442711,-31.321783155]]]]}";2017-07-27;0.1417697115384615;0.1800100961538461;0.2273411764705882;0.3187882352941176;0.3510411764705882;0.3686067307692308;0.3408470588235294;0.2329294117647059;0.3437674992091125;0.3403302065625922;0.2370434606489775;0.2697791458803562;1;7;2017;30;True;False;False;False
2017-07-26;1;26;0;19.6;1469.3182;1244.5433;224.77493;16.5;18.5;22.3;84.0;3.4;9.4;0.4;12.4;0.22;0.0;"{""type"":""MultiPolygon"",""coordinates"":[[[[-53.987442711,-31.321783155],[-53.98486299,-31.322744946],[-53.984438571,-31.323363952],[-53.984527493,-31.323442697],[-53.984806319,-31.323317517],[-53.98488499,-31.323380083],[-53.985177492,-31.323183549],[-53.985114893,-31.323156894],[-53.985053663,-31.323129788],[-53.984994451,-31.323120442],[-53.984927761,-31.323093175],[-53.984869408,-31.323091546],[-53.984856827,-31.323081764],[-53.984844304,-31.323061242],[-53.984849853,-31.32304474],[-53.98484695,-31.323017702],[-53.984854903,-31.322989549],[-53.984872479,-31.322951821],[-53.984879779,-31.322916937],[-53.984907139,-31.322891749],[-53.984932793,-31.322866851],[-53.984953061,-31.322848618],[-53.984976663,-31.322835947],[-53.985005054,-31.322822993],[-53.985028233,-31.322804236],[-53.985061358,-31.322787878],[-53.985095449,-31.322777386],[-53.985132097,-31.32276673],[-53.985175217,-31.322746576],[-53.985217931,-31.322744704],[-53.985225058,-31.322744391],[-53.98527046,-31.322745465],[-53.985314231,-31.32275882],[-53.985345759,-31.322769595],[-53.985371159,-31.322804532],[-53.98539209,-31.322853661],[-53.985410129,-31.322898914],[-53.985427497,-31.322934846],[-53.985447153,-31.322981002],[-53.985463931,-31.323018203],[-53.985482732,-31.323059888],[-53.985496623,-31.323093163],[-53.985525804,-31.323150506],[-53.985522019,-31.323199986],[-53.985545669,-31.323220994],[-53.985554211,-31.323230322],[-53.985596781,-31.32322412],[-53.985665407,-31.323209778],[-53.985693471,-31.323203989],[-53.985809142,-31.323178063],[-53.985915262,-31.323156608],[-53.985967263,-31.323153074],[-53.985990171,-31.323123237],[-53.986064303,-31.323074792],[-53.986154349,-31.323048176],[-53.986286381,-31.322954518],[-53.98636694,-31.322909316],[-53.986462543,-31.322901676],[-53.986489618,-31.322887316],[-53.986546925,-31.322878033],[-53.986736487,-31.322942069],[-53.986775267,-31.322934889],[-53.986779463,-31.322912097],[-53.986756101,-31.322867734],[-53.986760895,-31.322807444],[-53.986834199,-31.322721687],[-53.986940124,-31.322672704],[-53.987019099,-31.322665983],[-53.987072423,-31.32261287],[-53.987297594,-31.322634522],[-53.987816618,-31.322387672],[-53.987442711,-31.321783155]]]]}";2017-07-27;0.1417697115384615;0.1800100961538461;0.2273411764705882;0.3187882352941176;0.3510411764705882;0.3686067307692308;0.3408470588235294;0.2329294117647059;0.3437674992091125;0.3403302065625922;0.2370434606489775;0.2697791458803562;1;7;2017;0;True;False;False;False
2017-10-02;1;26;1;27.6;2130.0806;1879.0562;251.02449;10.4;14.5;18.8;78.8;4.5;17.6;1.2;4.6;0.01;0.0;"{""type"":""MultiPolygon"",""coordinates"":[[[[-53.987442711,-31.321783155],[-53.98486299,-31.322744946],[-53.984438571,-31.323363952],[-53.984527493,-31.323442697],[-53.984806319,-31.323317517],[-53.98488499,-31.323380083],[-53.985177492,-31.323183549],[-53.985114893,-31.323156894],[-53.985053663,-31.323129788],[-53.984994451,-31.323120442],[-53.984927761,-31.323093175],[-53.984869408,-31.323091546],[-53.984856827,-31.323081764],[-53.984844304,-31.323061242],[-53.984849853,-31.32304474],[-53.98484695,-31.323017702],[-53.984854903,-31.322989549],[-53.984872479,-31.322951821],[-53.984879779,-31.322916937],[-53.984907139,-31.322891749],[-53.984932793,-31.322866851],[-53.984953061,-31.322848618],[-53.984976663,-31.322835947],[-53.985005054,-31.322822993],[-53.985028233,-31.322804236],[-53.985061358,-31.322787878],[-53.985095449,-31.322777386],[-53.985132097,-31.32276673],[-53.985175217,-31.322746576],[-53.985217931,-31.322744704],[-53.985225058,-31.322744391],[-53.98527046,-31.322745465],[-53.985314231,-31.32275882],[-53.985345759,-31.322769595],[-53.985371159,-31.322804532],[-53.98539209,-31.322853661],[-53.985410129,-31.322898914],[-53.985427497,-31.322934846],[-53.985447153,-31.322981002],[-53.985463931,-31.323018203],[-53.985482732,-31.323059888],[-53.985496623,-31.323093163],[-53.985525804,-31.323150506],[-53.985522019,-31.323199986],[-53.985545669,-31.323220994],[-53.985554211,-31.323230322],[-53.985596781,-31.32322412],[-53.985665407,-31.323209778],[-53.985693471,-31.323203989],[-53.985809142,-31.323178063],[-53.985915262,-31.323156608],[-53.985967263,-31.323153074],[-53.985990171,-31.323123237],[-53.986064303,-31.323074792],[-53.986154349,-31.323048176],[-53.986286381,-31.322954518],[-53.98636694,-31.322909316],[-53.986462543,-31.322901676],[-53.986489618,-31.322887316],[-53.986546925,-31.322878033],[-53.986736487,-31.322942069],[-53.986775267,-31.322934889],[-53.986779463,-31.322912097],[-53.986756101,-31.322867734],[-53.986760895,-31.322807444],[-53.986834199,-31.322721687],[-53.986940124,-31.322672704],[-53.987019099,-31.322665983],[-53.987072423,-31.32261287],[-53.987297594,-31.322634522],[-53.987816618,-31.322387672],[-53.987442711,-31.321783155]]]]}";2017-10-03;0.1372307692307692;0.1473576923076923;0.1961156862745098;0.3156411764705882;0.3501196078431372;0.3677807692307692;0.3020156862745098;0.209213725490196;0.4278909329829172;0.4506906238105576;0.304426603998493;0.3257039585354025;1;10;2017;68;False;False;True;False
2017-10-02;1;26;0;21.6;2002.7076;1995.8569;6.850767;10.4;14.5;18.8;78.8;4.5;17.6;1.2;4.6;0.01;0.0;"{""type"":""MultiPolygon"",""coordinates"":[[[[-53.987442711,-31.321783155],[-53.98486299,-31.322744946],[-53.984438571,-31.323363952],[-53.984527493,-31.323442697],[-53.984806319,-31.323317517],[-53.98488499,-31.323380083],[-53.985177492,-31.323183549],[-53.985114893,-31.323156894],[-53.985053663,-31.323129788],[-53.984994451,-31.323120442],[-53.984927761,-31.323093175],[-53.984869408,-31.323091546],[-53.984856827,-31.323081764],[-53.984844304,-31.323061242],[-53.984849853,-31.32304474],[-53.98484695,-31.323017702],[-53.984854903,-31.322989549],[-53.984872479,-31.322951821],[-53.984879779,-31.322916937],[-53.984907139,-31.322891749],[-53.984932793,-31.322866851],[-53.984953061,-31.322848618],[-53.984976663,-31.322835947],[-53.985005054,-31.322822993],[-53.985028233,-31.322804236],[-53.985061358,-31.322787878],[-53.985095449,-31.322777386],[-53.985132097,-31.32276673],[-53.985175217,-31.322746576],[-53.985217931,-31.322744704],[-53.985225058,-31.322744391],[-53.98527046,-31.322745465],[-53.985314231,-31.32275882],[-53.985345759,-31.322769595],[-53.985371159,-31.322804532],[-53.98539209,-31.322853661],[-53.985410129,-31.322898914],[-53.985427497,-31.322934846],[-53.985447153,-31.322981002],[-53.985463931,-31.323018203],[-53.985482732,-31.323059888],[-53.985496623,-31.323093163],[-53.985525804,-31.323150506],[-53.985522019,-31.323199986],[-53.985545669,-31.323220994],[-53.985554211,-31.323230322],[-53.985596781,-31.32322412],[-53.985665407,-31.323209778],[-53.985693471,-31.323203989],[-53.985809142,-31.323178063],[-53.985915262,-31.323156608],[-53.985967263,-31.323153074],[-53.985990171,-31.323123237],[-53.986064303,-31.323074792],[-53.986154349,-31.323048176],[-53.986286381,-31.322954518],[-53.98636694,-31.322909316],[-53.986462543,-31.322901676],[-53.986489618,-31.322887316],[-53.986546925,-31.322878033],[-53.986736487,-31.322942069],[-53.986775267,-31.322934889],[-53.986779463,-31.322912097],[-53.986756101,-31.322867734],[-53.986760895,-31.322807444],[-53.986834199,-31.322721687],[-53.986940124,-31.322672704],[-53.987019099,-31.322665983],[-53.987072423,-31.32261287],[-53.987297594,-31.322634522],[-53.987816618,-31.322387672],[-53.987442711,-31.321783155]]]]}";2017-10-03;0.1372307692307692;0.1473576923076923;0.1961156862745098;0.3156411764705882;0.3501196078431372;0.3677807692307692;0.3020156862745098;0.209213725490196;0.4278909329829172;0.4506906238105576;0.304426603998493;0.3257039585354025;1;10;2017;0;False;False;True;False
2017-11-13;1;26;1;34.8;5242.2876;3714.5847;1527.703;11.3;24.61;29.5;37.43;1.46;32.31;0.0;10.4;4.96;0.0;"{""type"":""MultiPolygon"",""coordinates"":[[[[-53.987442711,-31.321783155],[-53.98486299,-31.322744946],[-53.984438571,-31.323363952],[-53.984527493,-31.323442697],[-53.984806319,-31.323317517],[-53.98488499,-31.323380083],[-53.985177492,-31.323183549],[-53.985114893,-31.323156894],[-53.985053663,-31.323129788],[-53.984994451,-31.323120442],[-53.984927761,-31.323093175],[-53.984869408,-31.323091546],[-53.984856827,-31.323081764],[-53.984844304,-31.323061242],[-53.984849853,-31.32304474],[-53.98484695,-31.323017702],[-53.984854903,-31.322989549],[-53.984872479,-31.322951821],[-53.984879779,-31.322916937],[-53.984907139,-31.322891749],[-53.984932793,-31.322866851],[-53.984953061,-31.322848618],[-53.984976663,-31.322835947],[-53.985005054,-31.322822993],[-53.985028233,-31.322804236],[-53.985061358,-31.322787878],[-53.985095449,-31.322777386],[-53.985132097,-31.32276673],[-53.985175217,-31.322746576],[-53.985217931,-31.322744704],[-53.985225058,-31.322744391],[-53.98527046,-31.322745465],[-53.985314231,-31.32275882],[-53.985345759,-31.322769595],[-53.985371159,-31.322804532],[-53.98539209,-31.322853661],[-53.985410129,-31.322898914],[-53.985427497,-31.322934846],[-53.985447153,-31.322981002],[-53.985463931,-31.323018203],[-53.985482732,-31.323059888],[-53.985496623,-31.323093163],[-53.985525804,-31.323150506],[-53.985522019,-31.323199986],[-53.985545669,-31.323220994],[-53.985554211,-31.323230322],[-53.985596781,-31.32322412],[-53.985665407,-31.323209778],[-53.985693471,-31.323203989],[-53.985809142,-31.323178063],[-53.985915262,-31.323156608],[-53.985967263,-31.323153074],[-53.985990171,-31.323123237],[-53.986064303,-31.323074792],[-53.986154349,-31.323048176],[-53.986286381,-31.322954518],[-53.98636694,-31.322909316],[-53.986462543,-31.322901676],[-53.986489618,-31.322887316],[-53.986546925,-31.322878033],[-53.986736487,-31.322942069],[-53.986775267,-31.322934889],[-53.986779463,-31.322912097],[-53.986756101,-31.322867734],[-53.986760895,-31.322807444],[-53.986834199,-31.322721687],[-53.986940124,-31.322672704],[-53.987019099,-31.322665983],[-53.987072423,-31.32261287],[-53.987297594,-31.322634522],[-53.987816618,-31.322387672],[-53.987442711,-31.321783155]]]]}";2017-11-12;0.1388365384615384;0.1552875;0.2070078431372549;0.3263333333333333;0.3617274509803921;0.3886365384615384;0.3403627450980392;0.2352862745098039;0.4290103432853498;0.4560849794512465;0.3049280761060258;0.3352960031537809;1;11;2017;42;False;False;True;False
2017-11-13;1;26;0;31.6;6862.813;5439.4653;1423.3477;11.3;24.61;29.5;37.43;1.46;32.31;0.0;10.4;4.96;0.0;"{""type"":""MultiPolygon"",""coordinates"":[[[[-53.987442711,-31.321783155],[-53.98486299,-31.322744946],[-53.984438571,-31.323363952],[-53.984527493,-31.323442697],[-53.984806319,-31.323317517],[-53.98488499,-31.323380083],[-53.985177492,-31.323183549],[-53.985114893,-31.323156894],[-53.985053663,-31.323129788],[-53.984994451,-31.323120442],[-53.984927761,-31.323093175],[-53.984869408,-31.323091546],[-53.984856827,-31.323081764],[-53.984844304,-31.323061242],[-53.984849853,-31.32304474],[-53.98484695,-31.323017702],[-53.984854903,-31.322989549],[-53.984872479,-31.322951821],[-53.984879779,-31.322916937],[-53.984907139,-31.322891749],[-53.984932793,-31.322866851],[-53.984953061,-31.322848618],[-53.984976663,-31.322835947],[-53.985005054,-31.322822993],[-53.985028233,-31.322804236],[-53.985061358,-31.322787878],[-53.985095449,-31.322777386],[-53.985132097,-31.32276673],[-53.985175217,-31.322746576],[-53.985217931,-31.322744704],[-53.985225058,-31.322744391],[-53.98527046,-31.322745465],[-53.985314231,-31.32275882],[-53.985345759,-31.322769595],[-53.985371159,-31.322804532],[-53.98539209,-31.322853661],[-53.985410129,-31.322898914],[-53.985427497,-31.322934846],[-53.985447153,-31.322981002],[-53.985463931,-31.323018203],[-53.985482732,-31.323059888],[-53.985496623,-31.323093163],[-53.985525804,-31.323150506],[-53.985522019,-31.323199986],[-53.985545669,-31.323220994],[-53.985554211,-31.323230322],[-53.985596781,-31.32322412],[-53.985665407,-31.323209778],[-53.985693471,-31.323203989],[-53.985809142,-31.323178063],[-53.985915262,-31.323156608],[-53.985967263,-31.323153074],[-53.985990171,-31.323123237],[-53.986064303,-31.323074792],[-53.986154349,-31.323048176],[-53.986286381,-31.322954518],[-53.98636694,-31.322909316],[-53.986462543,-31.322901676],[-53.986489618,-31.322887316],[-53.986546925,-31.322878033],[-53.986736487,-31.322942069],[-53.986775267,-31.322934889],[-53.986779463,-31.322912097],[-53.986756101,-31.322867734],[-53.986760895,-31.322807444],[-53.986834199,-31.322721687],[-53.986940124,-31.322672704],[-53.987019099,-31.322665983],[-53.987072423,-31.32261287],[-53.987297594,-31.322634522],[-53.987816618,-31.322387672],[-53.987442711,-31.321783155]]]]}";2017-11-12;0.1388365384615384;0.1552875;0.2070078431372549;0.3263333333333333;0.3617274509803921;0.3886365384615384;0.3403627450980392;0.2352862745098039;0.4290103432853498;0.4560849794512465;0.3049280761060258;0.3352960031537809;1;11;2017;0;False;False;True;False
2017-12-11;1;26;0;21.4;5623.252;5623.252;0.0;13.9;21.58;26.5;47.93;5.81;34.17;0.0;10.2;6.98;0.0;"{""type"":""MultiPolygon"",""coordinates"":[[[[-53.987442711,-31.321783155],[-53.98486299,-31.322744946],[-53.984438571,-31.323363952],[-53.984527493,-31.323442697],[-53.984806319,-31.323317517],[-53.98488499,-31.323380083],[-53.985177492,-31.323183549],[-53.985114893,-31.323156894],[-53.985053663,-31.323129788],[-53.984994451,-31.323120442],[-53.984927761,-31.323093175],[-53.984869408,-31.323091546],[-53.984856827,-31.323081764],[-53.984844304,-31.323061242],[-53.984849853,-31.32304474],[-53.98484695,-31.323017702],[-53.984854903,-31.322989549],[-53.984872479,-31.322951821],[-53.984879779,-31.322916937],[-53.984907139,-31.322891749],[-53.984932793,-31.322866851],[-53.984953061,-31.322848618],[-53.984976663,-31.322835947],[-53.985005054,-31.322822993],[-53.985028233,-31.322804236],[-53.985061358,-31.322787878],[-53.985095449,-31.322777386],[-53.985132097,-31.32276673],[-53.985175217,-31.322746576],[-53.985217931,-31.322744704],[-53.985225058,-31.322744391],[-53.98527046,-31.322745465],[-53.985314231,-31.32275882],[-53.985345759,-31.322769595],[-53.985371159,-31.322804532],[-53.98539209,-31.322853661],[-53.985410129,-31.322898914],[-53.985427497,-31.322934846],[-53.985447153,-31.322981002],[-53.985463931,-31.323018203],[-53.985482732,-31.323059888],[-53.985496623,-31.323093163],[-53.985525804,-31.323150506],[-53.985522019,-31.323199986],[-53.985545669,-31.323220994],[-53.985554211,-31.323230322],[-53.985596781,-31.32322412],[-53.985665407,-31.323209778],[-53.985693471,-31.323203989],[-53.985809142,-31.323178063],[-53.985915262,-31.323156608],[-53.985967263,-31.323153074],[-53.985990171,-31.323123237],[-53.986064303,-31.323074792],[-53.986154349,-31.323048176],[-53.986286381,-31.322954518],[-53.98636694,-31.322909316],[-53.986462543,-31.322901676],[-53.986489618,-31.322887316],[-53.986546925,-31.322878033],[-53.986736487,-31.322942069],[-53.986775267,-31.322934889],[-53.986779463,-31.322912097],[-53.986756101,-31.322867734],[-53.986760895,-31.322807444],[-53.986834199,-31.322721687],[-53.986940124,-31.322672704],[-53.987019099,-31.322665983],[-53.987072423,-31.32261287],[-53.987297594,-31.322634522],[-53.987816618,-31.322387672],[-53.987442711,-31.321783155]]]]}";2017-12-12;0.1541980487804878;0.1936960975609756;0.2424960784313725;0.3363294117647059;0.3725274509803922;0.4041160975609756;0.4157960784313725;0.2974078431372549;0.3519834518549344;0.3731360971314191;0.2499489263120767;0.2875081925692563;1;12;2017;28;False;False;False;True
2017-12-11;1;26;1;36.4;4234.5503;4154.154;80.39616;13.9;21.58;26.5;47.93;5.81;34.17;0.0;10.2;6.98;0.0;"{""type"":""MultiPolygon"",""coordinates"":[[[[-53.987442711,-31.321783155],[-53.98486299,-31.322744946],[-53.984438571,-31.323363952],[-53.984527493,-31.323442697],[-53.984806319,-31.323317517],[-53.98488499,-31.323380083],[-53.985177492,-31.323183549],[-53.985114893,-31.323156894],[-53.985053663,-31.323129788],[-53.984994451,-31.323120442],[-53.984927761,-31.323093175],[-53.984869408,-31.323091546],[-53.984856827,-31.323081764],[-53.984844304,-31.323061242],[-53.984849853,-31.32304474],[-53.98484695,-31.323017702],[-53.984854903,-31.322989549],[-53.984872479,-31.322951821],[-53.984879779,-31.322916937],[-53.984907139,-31.322891749],[-53.984932793,-31.322866851],[-53.984953061,-31.322848618],[-53.984976663,-31.322835947],[-53.985005054,-31.322822993],[-53.985028233,-31.322804236],[-53.985061358,-31.322787878],[-53.985095449,-31.322777386],[-53.985132097,-31.32276673],[-53.985175217,-31.322746576],[-53.985217931,-31.322744704],[-53.985225058,-31.322744391],[-53.98527046,-31.322745465],[-53.985314231,-31.32275882],[-53.985345759,-31.322769595],[-53.985371159,-31.322804532],[-53.98539209,-31.322853661],[-53.985410129,-31.322898914],[-53.985427497,-31.322934846],[-53.985447153,-31.322981002],[-53.985463931,-31.323018203],[-53.985482732,-31.323059888],[-53.985496623,-31.323093163],[-53.985525804,-31.323150506],[-53.985522019,-31.323199986],[-53.985545669,-31.323220994],[-53.985554211,-31.323230322],[-53.985596781,-31.32322412],[-53.985665407,-31.323209778],[-53.985693471,-31.323203989],[-53.985809142,-31.323178063],[-53.985915262,-31.323156608],[-53.985967263,-31.323153074],[-53.985990171,-31.323123237],[-53.986064303,-31.323074792],[-53.986154349,-31.323048176],[-53.986286381,-31.322954518],[-53.98636694,-31.322909316],[-53.986462543,-31.322901676],[-53.986489618,-31.322887316],[-53.986546925,-31.322878033],[-53.986736487,-31.322942069],[-53.986775267,-31.322934889],[-53.986779463,-31.322912097],[-53.986756101,-31.322867734],[-53.986760895,-31.322807444],[-53.986834199,-31.322721687],[-53.986940124,-31.322672704],[-53.987019099,-31.322665983],[-53.987072423,-31.32261287],[-53.987297594,-31.322634522],[-53.987816618,-31.322387672],[-53.987442711,-31.321783155]]]]}";2017-12-12;0.1541980487804878;0.1936960975609756;0.2424960784313725;0.3363294117647059;0.3725274509803922;0.4041160975609756;0.4157960784313725;0.2974078431372549;0.3519834518549344;0.3731360971314191;0.2499489263120767;0.2875081925692563;1;12;2017;0;False;False;False;True
2018-01-15;1;26;0;16.0;2475.386;2475.386;0.0;20.6;23.07;25.2;80.27;4.47;14.04;1.8;12.9;1.68;0.0;"{""type"":""MultiPolygon"",""coordinates"":[[[[-53.987442711,-31.321783155],[-53.98486299,-31.322744946],[-53.984438571,-31.323363952],[-53.984527493,-31.323442697],[-53.984806319,-31.323317517],[-53.98488499,-31.323380083],[-53.985177492,-31.323183549],[-53.985114893,-31.323156894],[-53.985053663,-31.323129788],[-53.984994451,-31.323120442],[-53.984927761,-31.323093175],[-53.984869408,-31.323091546],[-53.984856827,-31.323081764],[-53.984844304,-31.323061242],[-53.984849853,-31.32304474],[-53.98484695,-31.323017702],[-53.984854903,-31.322989549],[-53.984872479,-31.322951821],[-53.984879779,-31.322916937],[-53.984907139,-31.322891749],[-53.984932793,-31.322866851],[-53.984953061,-31.322848618],[-53.984976663,-31.322835947],[-53.985005054,-31.322822993],[-53.985028233,-31.322804236],[-53.985061358,-31.322787878],[-53.985095449,-31.322777386],[-53.985132097,-31.32276673],[-53.985175217,-31.322746576],[-53.985217931,-31.322744704],[-53.985225058,-31.322744391],[-53.98527046,-31.322745465],[-53.985314231,-31.32275882],[-53.985345759,-31.322769595],[-53.985371159,-31.322804532],[-53.98539209,-31.322853661],[-53.985410129,-31.322898914],[-53.985427497,-31.322934846],[-53.985447153,-31.322981002],[-53.985463931,-31.323018203],[-53.985482732,-31.323059888],[-53.985496623,-31.323093163],[-53.985525804,-31.323150506],[-53.985522019,-31.323199986],[-53.985545669,-31.323220994],[-53.985554211,-31.323230322],[-53.985596781,-31.32322412],[-53.985665407,-31.323209778],[-53.985693471,-31.323203989],[-53.985809142,-31.323178063],[-53.985915262,-31.323156608],[-53.985967263,-31.323153074],[-53.985990171,-31.323123237],[-53.986064303,-31.323074792],[-53.986154349,-31.323048176],[-53.986286381,-31.322954518],[-53.98636694,-31.322909316],[-53.986462543,-31.322901676],[-53.986489618,-31.322887316],[-53.986546925,-31.322878033],[-53.986736487,-31.322942069],[-53.986775267,-31.322934889],[-53.986779463,-31.322912097],[-53.986756101,-31.322867734],[-53.986760895,-31.322807444],[-53.986834199,-31.322721687],[-53.986940124,-31.322672704],[-53.987019099,-31.322665983],[-53.987072423,-31.32261287],[-53.987297594,-31.322634522],[-53.987816618,-31.322387672],[-53.987442711,-31.321783155]]]]}";2018-01-11;0.15431875;0.192776923076923;0.2405647058823529;0.339778431372549;0.381235294117647;0.3943423076923077;0.4289980392156863;0.3040764705882353;0.3433125233375478;0.3615877446406866;0.2422049190229517;0.2781185985544011;4;1;2018;35;False;False;False;True
2018-01-15;1;26;1;28.4;4114.119;4101.1816;12.937481;20.6;23.07;25.2;80.27;4.47;14.04;1.8;12.9;1.68;0.0;"{""type"":""MultiPolygon"",""coordinates"":[[[[-53.987442711,-31.321783155],[-53.98486299,-31.322744946],[-53.984438571,-31.323363952],[-53.984527493,-31.323442697],[-53.984806319,-31.323317517],[-53.98488499,-31.323380083],[-53.985177492,-31.323183549],[-53.985114893,-31.323156894],[-53.985053663,-31.323129788],[-53.984994451,-31.323120442],[-53.984927761,-31.323093175],[-53.984869408,-31.323091546],[-53.984856827,-31.323081764],[-53.984844304,-31.323061242],[-53.984849853,-31.32304474],[-53.98484695,-31.323017702],[-53.984854903,-31.322989549],[-53.984872479,-31.322951821],[-53.984879779,-31.322916937],[-53.984907139,-31.322891749],[-53.984932793,-31.322866851],[-53.984953061,-31.322848618],[-53.984976663,-31.322835947],[-53.985005054,-31.322822993],[-53.985028233,-31.322804236],[-53.985061358,-31.322787878],[-53.985095449,-31.322777386],[-53.985132097,-31.32276673],[-53.985175217,-31.322746576],[-53.985217931,-31.322744704],[-53.985225058,-31.322744391],[-53.98527046,-31.322745465],[-53.985314231,-31.32275882],[-53.985345759,-31.322769595],[-53.985371159,-31.322804532],[-53.98539209,-31.322853661],[-53.985410129,-31.322898914],[-53.985427497,-31.322934846],[-53.985447153,-31.322981002],[-53.985463931,-31.323018203],[-53.985482732,-31.323059888],[-53.985496623,-31.323093163],[-53.985525804,-31.323150506],[-53.985522019,-31.323199986],[-53.985545669,-31.323220994],[-53.985554211,-31.323230322],[-53.985596781,-31.32322412],[-53.985665407,-31.323209778],[-53.985693471,-31.323203989],[-53.985809142,-31.323178063],[-53.985915262,-31.323156608],[-53.985967263,-31.323153074],[-53.985990171,-31.323123237],[-53.986064303,-31.323074792],[-53.986154349,-31.323048176],[-53.986286381,-31.322954518],[-53.98636694,-31.322909316],[-53.986462543,-31.322901676],[-53.986489618,-31.322887316],[-53.986546925,-31.322878033],[-53.986736487,-31.322942069],[-53.986775267,-31.322934889],[-53.986779463,-31.322912097],[-53.986756101,-31.322867734],[-53.986760895,-31.322807444],[-53.986834199,-31.322721687],[-53.986940124,-31.322672704],[-53.987019099,-31.322665983],[-53.987072423,-31.32261287],[-53.987297594,-31.322634522],[-53.987816618,-31.322387672],[-53.987442711,-31.321783155]]]]}";2018-01-11;0.15431875;0.192776923076923;0.2405647058823529;0.339778431372549;0.381235294117647;0.3943423076923077;0.4289980392156863;0.3040764705882353;0.3433125233375478;0.3615877446406866;0.2422049190229517;0.2781185985544011;4;1;2018;0;False;False;False;True
2018-02-19;1;26;0;17.4;1900.8;1900.8;0.0;21.5;27.6;33.0;56.57;3.02;20.44;0.0;17.25;5.08;0.0;"{""type"":""MultiPolygon"",""coordinates"":[[[[-53.987442711,-31.321783155],[-53.98486299,-31.322744946],[-53.984438571,-31.323363952],[-53.984527493,-31.323442697],[-53.984806319,-31.323317517],[-53.98488499,-31.323380083],[-53.985177492,-31.323183549],[-53.985114893,-31.323156894],[-53.985053663,-31.323129788],[-53.984994451,-31.323120442],[-53.984927761,-31.323093175],[-53.984869408,-31.323091546],[-53.984856827,-31.323081764],[-53.984844304,-31.323061242],[-53.984849853,-31.32304474],[-53.98484695,-31.323017702],[-53.984854903,-31.322989549],[-53.984872479,-31.322951821],[-53.984879779,-31.322916937],[-53.984907139,-31.322891749],[-53.984932793,-31.322866851],[-53.984953061,-31.322848618],[-53.984976663,-31.322835947],[-53.985005054,-31.322822993],[-53.985028233,-31.322804236],[-53.985061358,-31.322787878],[-53.985095449,-31.322777386],[-53.985132097,-31.32276673],[-53.985175217,-31.322746576],[-53.985217931,-31.322744704],[-53.985225058,-31.322744391],[-53.98527046,-31.322745465],[-53.985314231,-31.32275882],[-53.985345759,-31.322769595],[-53.985371159,-31.322804532],[-53.98539209,-31.322853661],[-53.985410129,-31.322898914],[-53.985427497,-31.322934846],[-53.985447153,-31.322981002],[-53.985463931,-31.323018203],[-53.985482732,-31.323059888],[-53.985496623,-31.323093163],[-53.985525804,-31.323150506],[-53.985522019,-31.323199986],[-53.985545669,-31.323220994],[-53.985554211,-31.323230322],[-53.985596781,-31.32322412],[-53.985665407,-31.323209778],[-53.985693471,-31.323203989],[-53.985809142,-31.323178063],[-53.985915262,-31.323156608],[-53.985967263,-31.323153074],[-53.985990171,-31.323123237],[-53.986064303,-31.323074792],[-53.986154349,-31.323048176],[-53.986286381,-31.322954518],[-53.98636694,-31.322909316],[-53.986462543,-31.322901676],[-53.986489618,-31.322887316],[-53.986546925,-31.322878033],[-53.986736487,-31.322942069],[-53.986775267,-31.322934889],[-53.986779463,-31.322912097],[-53.986756101,-31.322867734],[-53.986760895,-31.322807444],[-53.986834199,-31.322721687],[-53.986940124,-31.322672704],[-53.987019099,-31.322665983],[-53.987072423,-31.32261287],[-53.987297594,-31.322634522],[-53.987816618,-31.322387672],[-53.987442711,-31.321783155]]]]}";2018-02-17;0.1636497560975609;0.1989795121951219;0.2465529411764705;0.3485941176470588;0.3876647058823529;0.4134995121951219;0.4517843137254902;0.3238039215686275;0.3502487292745516;0.388622226809619;0.2529292485254421;0.2892459030194924;2;2;2018;35;False;False;False;True
2018-02-19;1;26;1;16.0;2520.56;2520.4;0.16;21.5;27.6;33.0;56.57;3.02;20.44;0.0;17.25;5.08;0.0;"{""type"":""MultiPolygon"",""coordinates"":[[[[-53.987442711,-31.321783155],[-53.98486299,-31.322744946],[-53.984438571,-31.323363952],[-53.984527493,-31.323442697],[-53.984806319,-31.323317517],[-53.98488499,-31.323380083],[-53.985177492,-31.323183549],[-53.985114893,-31.323156894],[-53.985053663,-31.323129788],[-53.984994451,-31.323120442],[-53.984927761,-31.323093175],[-53.984869408,-31.323091546],[-53.984856827,-31.323081764],[-53.984844304,-31.323061242],[-53.984849853,-31.32304474],[-53.98484695,-31.323017702],[-53.984854903,-31.322989549],[-53.984872479,-31.322951821],[-53.984879779,-31.322916937],[-53.984907139,-31.322891749],[-53.984932793,-31.322866851],[-53.984953061,-31.322848618],[-53.984976663,-31.322835947],[-53.985005054,-31.322822993],[-53.985028233,-31.322804236],[-53.985061358,-31.322787878],[-53.985095449,-31.322777386],[-53.985132097,-31.32276673],[-53.985175217,-31.322746576],[-53.985217931,-31.322744704],[-53.985225058,-31.322744391],[-53.98527046,-31.322745465],[-53.985314231,-31.32275882],[-53.985345759,-31.322769595],[-53.985371159,-31.322804532],[-53.98539209,-31.322853661],[-53.985410129,-31.322898914],[-53.985427497,-31.322934846],[-53.985447153,-31.322981002],[-53.985463931,-31.323018203],[-53.985482732,-31.323059888],[-53.985496623,-31.323093163],[-53.985525804,-31.323150506],[-53.985522019,-31.323199986],[-53.985545669,-31.323220994],[-53.985554211,-31.323230322],[-53.985596781,-31.32322412],[-53.985665407,-31.323209778],[-53.985693471,-31.323203989],[-53.985809142,-31.323178063],[-53.985915262,-31.323156608],[-53.985967263,-31.323153074],[-53.985990171,-31.323123237],[-53.986064303,-31.323074792],[-53.986154349,-31.323048176],[-53.986286381,-31.322954518],[-53.98636694,-31.322909316],[-53.986462543,-31.322901676],[-53.986489618,-31.322887316],[-53.986546925,-31.322878033],[-53.986736487,-31.322942069],[-53.986775267,-31.322934889],[-53.986779463,-31.322912097],[-53.986756101,-31.322867734],[-53.986760895,-31.322807444],[-53.986834199,-31.322721687],[-53.986940124,-31.322672704],[-53.987019099,-31.322665983],[-53.987072423,-31.32261287],[-53.987297594,-31.322634522],[-53.987816618,-31.322387672],[-53.987442711,-31.321783155]]]]}";2018-02-17;0.1636497560975609;0.1989795121951219;0.2465529411764705;0.3485941176470588;0.3876647058823529;0.4134995121951219;0.4517843137254902;0.3238039215686275;0.3502487292745516;0.388622226809619;0.2529292485254421;0.2892459030194924;2;2;2018;0;False;False;False;True
2018-03-23;1;26;0;18.6;9023.776;3974.9995;5048.7773;15.6;25.99;30.6;54.92;3.51;22.92;0.0;13.1;4.79;0.0;"{""type"":""MultiPolygon"",""coordinates"":[[[[-53.987442711,-31.321783155],[-53.98486299,-31.322744946],[-53.984438571,-31.323363952],[-53.984527493,-31.323442697],[-53.984806319,-31.323317517],[-53.98488499,-31.323380083],[-53.985177492,-31.323183549],[-53.985114893,-31.323156894],[-53.985053663,-31.323129788],[-53.984994451,-31.323120442],[-53.984927761,-31.323093175],[-53.984869408,-31.323091546],[-53.984856827,-31.323081764],[-53.984844304,-31.323061242],[-53.984849853,-31.32304474],[-53.98484695,-31.323017702],[-53.984854903,-31.322989549],[-53.984872479,-31.322951821],[-53.984879779,-31.322916937],[-53.984907139,-31.322891749],[-53.984932793,-31.322866851],[-53.984953061,-31.322848618],[-53.984976663,-31.322835947],[-53.985005054,-31.322822993],[-53.985028233,-31.322804236],[-53.985061358,-31.322787878],[-53.985095449,-31.322777386],[-53.985132097,-31.32276673],[-53.985175217,-31.322746576],[-53.985217931,-31.322744704],[-53.985225058,-31.322744391],[-53.98527046,-31.322745465],[-53.985314231,-31.32275882],[-53.985345759,-31.322769595],[-53.985371159,-31.322804532],[-53.98539209,-31.322853661],[-53.985410129,-31.322898914],[-53.985427497,-31.322934846],[-53.985447153,-31.322981002],[-53.985463931,-31.323018203],[-53.985482732,-31.323059888],[-53.985496623,-31.323093163],[-53.985525804,-31.323150506],[-53.985522019,-31.323199986],[-53.985545669,-31.323220994],[-53.985554211,-31.323230322],[-53.985596781,-31.32322412],[-53.985665407,-31.323209778],[-53.985693471,-31.323203989],[-53.985809142,-31.323178063],[-53.985915262,-31.323156608],[-53.985967263,-31.323153074],[-53.985990171,-31.323123237],[-53.986064303,-31.323074792],[-53.986154349,-31.323048176],[-53.986286381,-31.322954518],[-53.98636694,-31.322909316],[-53.986462543,-31.322901676],[-53.986489618,-31.322887316],[-53.986546925,-31.322878033],[-53.986736487,-31.322942069],[-53.986775267,-31.322934889],[-53.986779463,-31.322912097],[-53.986756101,-31.322867734],[-53.986760895,-31.322807444],[-53.986834199,-31.322721687],[-53.986940124,-31.322672704],[-53.987019099,-31.322665983],[-53.987072423,-31.32261287],[-53.987297594,-31.322634522],[-53.987816618,-31.322387672],[-53.987442711,-31.321783155]]]]}";2018-03-22;0.139730731707317;0.166340487804878;0.2080745098039215;0.3036490196078431;0.3371098039215686;0.3603385365853658;0.3708313725490196;0.2697039215686274;0.3683420827421153;0.3701119969981259;0.2678756720111658;0.2834352959958036;1;3;2018;32;False;True;False;False
2018-03-23;1;26;1;25.6;7283.934;2762.9775;4520.9565;15.6;25.99;30.6;54.92;3.51;22.92;0.0;13.1;4.79;0.0;"{""type"":""MultiPolygon"",""coordinates"":[[[[-53.987442711,-31.321783155],[-53.98486299,-31.322744946],[-53.984438571,-31.323363952],[-53.984527493,-31.323442697],[-53.984806319,-31.323317517],[-53.98488499,-31.323380083],[-53.985177492,-31.323183549],[-53.985114893,-31.323156894],[-53.985053663,-31.323129788],[-53.984994451,-31.323120442],[-53.984927761,-31.323093175],[-53.984869408,-31.323091546],[-53.984856827,-31.323081764],[-53.984844304,-31.323061242],[-53.984849853,-31.32304474],[-53.98484695,-31.323017702],[-53.984854903,-31.322989549],[-53.984872479,-31.322951821],[-53.984879779,-31.322916937],[-53.984907139,-31.322891749],[-53.984932793,-31.322866851],[-53.984953061,-31.322848618],[-53.984976663,-31.322835947],[-53.985005054,-31.322822993],[-53.985028233,-31.322804236],[-53.985061358,-31.322787878],[-53.985095449,-31.322777386],[-53.985132097,-31.32276673],[-53.985175217,-31.322746576],[-53.985217931,-31.322744704],[-53.985225058,-31.322744391],[-53.98527046,-31.322745465],[-53.985314231,-31.32275882],[-53.985345759,-31.322769595],[-53.985371159,-31.322804532],[-53.98539209,-31.322853661],[-53.985410129,-31.322898914],[-53.985427497,-31.322934846],[-53.985447153,-31.322981002],[-53.985463931,-31.323018203],[-53.985482732,-31.323059888],[-53.985496623,-31.323093163],[-53.985525804,-31.323150506],[-53.985522019,-31.323199986],[-53.985545669,-31.323220994],[-53.985554211,-31.323230322],[-53.985596781,-31.32322412],[-53.985665407,-31.323209778],[-53.985693471,-31.323203989],[-53.985809142,-31.323178063],[-53.985915262,-31.323156608],[-53.985967263,-31.323153074],[-53.985990171,-31.323123237],[-53.986064303,-31.323074792],[-53.986154349,-31.323048176],[-53.986286381,-31.322954518],[-53.98636694,-31.322909316],[-53.986462543,-31.322901676],[-53.986489618,-31.322887316],[-53.986546925,-31.322878033],[-53.986736487,-31.322942069],[-53.986775267,-31.322934889],[-53.986779463,-31.322912097],[-53.986756101,-31.322867734],[-53.986760895,-31.322807444],[-53.986834199,-31.322721687],[-53.986940124,-31.322672704],[-53.987019099,-31.322665983],[-53.987072423,-31.32261287],[-53.987297594,-31.322634522],[-53.987816618,-31.322387672],[-53.987442711,-31.321783155]]]]}";2018-03-22;0.139730731707317;0.166340487804878;0.2080745098039215;0.3036490196078431;0.3371098039215686;0.3603385365853658;0.3708313725490196;0.2697039215686274;0.3683420827421153;0.3701119969981259;0.2678756720111658;0.2834352959958036;1;3;2018;0;False;True;False;False
2018-04-25;1;26;0;4.6;703.42975;338.70935;364.7204;20.2;24.08;26.2;79.33;1.73;10.16;0.0;13.2;1.16;0.0;"{""type"":""MultiPolygon"",""coordinates"":[[[[-53.987442711,-31.321783155],[-53.98486299,-31.322744946],[-53.984438571,-31.323363952],[-53.984527493,-31.323442697],[-53.984806319,-31.323317517],[-53.98488499,-31.323380083],[-53.985177492,-31.323183549],[-53.985114893,-31.323156894],[-53.985053663,-31.323129788],[-53.984994451,-31.323120442],[-53.984927761,-31.323093175],[-53.984869408,-31.323091546],[-53.984856827,-31.323081764],[-53.984844304,-31.323061242],[-53.984849853,-31.32304474],[-53.98484695,-31.323017702],[-53.984854903,-31.322989549],[-53.984872479,-31.322951821],[-53.984879779,-31.322916937],[-53.984907139,-31.322891749],[-53.984932793,-31.322866851],[-53.984953061,-31.322848618],[-53.984976663,-31.322835947],[-53.985005054,-31.322822993],[-53.985028233,-31.322804236],[-53.985061358,-31.322787878],[-53.985095449,-31.322777386],[-53.985132097,-31.32276673],[-53.985175217,-31.322746576],[-53.985217931,-31.322744704],[-53.985225058,-31.322744391],[-53.98527046,-31.322745465],[-53.985314231,-31.32275882],[-53.985345759,-31.322769595],[-53.985371159,-31.322804532],[-53.98539209,-31.322853661],[-53.985410129,-31.322898914],[-53.985427497,-31.322934846],[-53.985447153,-31.322981002],[-53.985463931,-31.323018203],[-53.985482732,-31.323059888],[-53.985496623,-31.323093163],[-53.985525804,-31.323150506],[-53.985522019,-31.323199986],[-53.985545669,-31.323220994],[-53.985554211,-31.323230322],[-53.985596781,-31.32322412],[-53.985665407,-31.323209778],[-53.985693471,-31.323203989],[-53.985809142,-31.323178063],[-53.985915262,-31.323156608],[-53.985967263,-31.323153074],[-53.985990171,-31.323123237],[-53.986064303,-31.323074792],[-53.986154349,-31.323048176],[-53.986286381,-31.322954518],[-53.98636694,-31.322909316],[-53.986462543,-31.322901676],[-53.986489618,-31.322887316],[-53.986546925,-31.322878033],[-53.986736487,-31.322942069],[-53.986775267,-31.322934889],[-53.986779463,-31.322912097],[-53.986756101,-31.322867734],[-53.986760895,-31.322807444],[-53.986834199,-31.322721687],[-53.986940124,-31.322672704],[-53.987019099,-31.322665983],[-53.987072423,-31.32261287],[-53.987297594,-31.322634522],[-53.987816618,-31.322387672],[-53.987442711,-31.321783155]]]]}";2018-04-18;0.1392458536585366;0.15338;0.1989549019607843;0.3350019607843137;0.3827764705882353;0.3951239024390243;0.3615098039215686;0.2504666666666666;0.4407332406644059;0.4754769689059218;0.3302070348670787;0.3458412055644442;7;4;2018;33;False;True;False;False
2018-04-25;1;26;1;23.6;4011.9858;3944.9778;67.007996;20.2;24.08;26.2;79.33;1.73;10.16;0.0;13.2;1.16;0.0;"{""type"":""MultiPolygon"",""coordinates"":[[[[-53.987442711,-31.321783155],[-53.98486299,-31.322744946],[-53.984438571,-31.323363952],[-53.984527493,-31.323442697],[-53.984806319,-31.323317517],[-53.98488499,-31.323380083],[-53.985177492,-31.323183549],[-53.985114893,-31.323156894],[-53.985053663,-31.323129788],[-53.984994451,-31.323120442],[-53.984927761,-31.323093175],[-53.984869408,-31.323091546],[-53.984856827,-31.323081764],[-53.984844304,-31.323061242],[-53.984849853,-31.32304474],[-53.98484695,-31.323017702],[-53.984854903,-31.322989549],[-53.984872479,-31.322951821],[-53.984879779,-31.322916937],[-53.984907139,-31.322891749],[-53.984932793,-31.322866851],[-53.984953061,-31.322848618],[-53.984976663,-31.322835947],[-53.985005054,-31.322822993],[-53.985028233,-31.322804236],[-53.985061358,-31.322787878],[-53.985095449,-31.322777386],[-53.985132097,-31.32276673],[-53.985175217,-31.322746576],[-53.985217931,-31.322744704],[-53.985225058,-31.322744391],[-53.98527046,-31.322745465],[-53.985314231,-31.32275882],[-53.985345759,-31.322769595],[-53.985371159,-31.322804532],[-53.98539209,-31.322853661],[-53.985410129,-31.322898914],[-53.985427497,-31.322934846],[-53.985447153,-31.322981002],[-53.985463931,-31.323018203],[-53.985482732,-31.323059888],[-53.985496623,-31.323093163],[-53.985525804,-31.323150506],[-53.985522019,-31.323199986],[-53.985545669,-31.323220994],[-53.985554211,-31.323230322],[-53.985596781,-31.32322412],[-53.985665407,-31.323209778],[-53.985693471,-31.323203989],[-53.985809142,-31.323178063],[-53.985915262,-31.323156608],[-53.985967263,-31.323153074],[-53.985990171,-31.323123237],[-53.986064303,-31.323074792],[-53.986154349,-31.323048176],[-53.986286381,-31.322954518],[-53.98636694,-31.322909316],[-53.986462543,-31.322901676],[-53.986489618,-31.322887316],[-53.986546925,-31.322878033],[-53.986736487,-31.322942069],[-53.986775267,-31.322934889],[-53.986779463,-31.322912097],[-53.986756101,-31.322867734],[-53.986760895,-31.322807444],[-53.986834199,-31.322721687],[-53.986940124,-31.322672704],[-53.987019099,-31.322665983],[-53.987072423,-31.32261287],[-53.987297594,-31.322634522],[-53.987816618,-31.322387672],[-53.987442711,-31.321783155]]]]}";2018-04-18;0.1392458536585366;0.15338;0.1989549019607843;0.3350019607843137;0.3827764705882353;0.3951239024390243;0.3615098039215686;0.2504666666666666;0.4407332406644059;0.4754769689059218;0.3302070348670787;0.3458412055644442;7;4;2018;0;False;True;False;False
2018-06-08;1;26;1;28.2;6070.8755;6015.3154;55.56018;3.8;11.42;14.9;66.27;3.96;13.96;0.0;;1.02;0.0;"{""type"":""MultiPolygon"",""coordinates"":[[[[-53.987442711,-31.321783155],[-53.98486299,-31.322744946],[-53.984438571,-31.323363952],[-53.984527493,-31.323442697],[-53.984806319,-31.323317517],[-53.98488499,-31.323380083],[-53.985177492,-31.323183549],[-53.985114893,-31.323156894],[-53.985053663,-31.323129788],[-53.984994451,-31.323120442],[-53.984927761,-31.323093175],[-53.984869408,-31.323091546],[-53.984856827,-31.323081764],[-53.984844304,-31.323061242],[-53.984849853,-31.32304474],[-53.98484695,-31.323017702],[-53.984854903,-31.322989549],[-53.984872479,-31.322951821],[-53.984879779,-31.322916937],[-53.984907139,-31.322891749],[-53.984932793,-31.322866851],[-53.984953061,-31.322848618],[-53.984976663,-31.322835947],[-53.985005054,-31.322822993],[-53.985028233,-31.322804236],[-53.985061358,-31.322787878],[-53.985095449,-31.322777386],[-53.985132097,-31.32276673],[-53.985175217,-31.322746576],[-53.985217931,-31.322744704],[-53.985225058,-31.322744391],[-53.98527046,-31.322745465],[-53.985314231,-31.32275882],[-53.985345759,-31.322769595],[-53.985371159,-31.322804532],[-53.98539209,-31.322853661],[-53.985410129,-31.322898914],[-53.985427497,-31.322934846],[-53.985447153,-31.322981002],[-53.985463931,-31.323018203],[-53.985482732,-31.323059888],[-53.985496623,-31.323093163],[-53.985525804,-31.323150506],[-53.985522019,-31.323199986],[-53.985545669,-31.323220994],[-53.985554211,-31.323230322],[-53.985596781,-31.32322412],[-53.985665407,-31.323209778],[-53.985693471,-31.323203989],[-53.985809142,-31.323178063],[-53.985915262,-31.323156608],[-53.985967263,-31.323153074],[-53.985990171,-31.323123237],[-53.986064303,-31.323074792],[-53.986154349,-31.323048176],[-53.986286381,-31.322954518],[-53.98636694,-31.322909316],[-53.986462543,-31.322901676],[-53.986489618,-31.322887316],[-53.986546925,-31.322878033],[-53.986736487,-31.322942069],[-53.986775267,-31.322934889],[-53.986779463,-31.322912097],[-53.986756101,-31.322867734],[-53.986760895,-31.322807444],[-53.986834199,-31.322721687],[-53.986940124,-31.322672704],[-53.987019099,-31.322665983],[-53.987072423,-31.32261287],[-53.987297594,-31.322634522],[-53.987816618,-31.322387672],[-53.987442711,-31.321783155]]]]}";2018-06-07;0.1305605769230769;0.1441552884615384;0.1865725490196078;0.2998470588235294;0.3346019607843137;0.3638538461538461;0.2965686274509804;0.206135294117647;0.4324696993069666;0.4395443627461353;0.3220799341906055;0.3269294148452371;1;6;2018;44;True;False;False;False
2018-06-08;1;26;0;21.8;3649.308;3630.1392;19.169052;3.8;11.42;14.9;66.27;3.96;13.96;0.0;;1.02;0.0;"{""type"":""MultiPolygon"",""coordinates"":[[[[-53.987442711,-31.321783155],[-53.98486299,-31.322744946],[-53.984438571,-31.323363952],[-53.984527493,-31.323442697],[-53.984806319,-31.323317517],[-53.98488499,-31.323380083],[-53.985177492,-31.323183549],[-53.985114893,-31.323156894],[-53.985053663,-31.323129788],[-53.984994451,-31.323120442],[-53.984927761,-31.323093175],[-53.984869408,-31.323091546],[-53.984856827,-31.323081764],[-53.984844304,-31.323061242],[-53.984849853,-31.32304474],[-53.98484695,-31.323017702],[-53.984854903,-31.322989549],[-53.984872479,-31.322951821],[-53.984879779,-31.322916937],[-53.984907139,-31.322891749],[-53.984932793,-31.322866851],[-53.984953061,-31.322848618],[-53.984976663,-31.322835947],[-53.985005054,-31.322822993],[-53.985028233,-31.322804236],[-53.985061358,-31.322787878],[-53.985095449,-31.322777386],[-53.985132097,-31.32276673],[-53.985175217,-31.322746576],[-53.985217931,-31.322744704],[-53.985225058,-31.322744391],[-53.98527046,-31.322745465],[-53.985314231,-31.32275882],[-53.985345759,-31.322769595],[-53.985371159,-31.322804532],[-53.98539209,-31.322853661],[-53.985410129,-31.322898914],[-53.985427497,-31.322934846],[-53.985447153,-31.322981002],[-53.985463931,-31.323018203],[-53.985482732,-31.323059888],[-53.985496623,-31.323093163],[-53.985525804,-31.323150506],[-53.985522019,-31.323199986],[-53.985545669,-31.323220994],[-53.985554211,-31.323230322],[-53.985596781,-31.32322412],[-53.985665407,-31.323209778],[-53.985693471,-31.323203989],[-53.985809142,-31.323178063],[-53.985915262,-31.323156608],[-53.985967263,-31.323153074],[-53.985990171,-31.323123237],[-53.986064303,-31.323074792],[-53.986154349,-31.323048176],[-53.986286381,-31.322954518],[-53.98636694,-31.322909316],[-53.986462543,-31.322901676],[-53.986489618,-31.322887316],[-53.986546925,-31.322878033],[-53.986736487,-31.322942069],[-53.986775267,-31.322934889],[-53.986779463,-31.322912097],[-53.986756101,-31.322867734],[-53.986760895,-31.322807444],[-53.986834199,-31.322721687],[-53.986940124,-31.322672704],[-53.987019099,-31.322665983],[-53.987072423,-31.32261287],[-53.987297594,-31.322634522],[-53.987816618,-31.322387672],[-53.987442711,-31.321783155]]]]}";2018-06-07;0.1305605769230769;0.1441552884615384;0.1865725490196078;0.2998470588235294;0.3346019607843137;0.3638538461538461;0.2965686274509804;0.206135294117647;0.4324696993069666;0.4395443627461353;0.3220799341906055;0.3269294148452371;1;6;2018;0;True;False;False;False
2018-08-20;1;26;1;21.4;3246.2083;3240.1428;6.0654116;3.5;8.27;10.4;68.64;;17.46;0.0;;0.0;0.0;"{""type"":""MultiPolygon"",""coordinates"":[[[[-53.987442711,-31.321783155],[-53.98486299,-31.322744946],[-53.984438571,-31.323363952],[-53.984527493,-31.323442697],[-53.984806319,-31.323317517],[-53.98488499,-31.323380083],[-53.985177492,-31.323183549],[-53.985114893,-31.323156894],[-53.985053663,-31.323129788],[-53.984994451,-31.323120442],[-53.984927761,-31.323093175],[-53.984869408,-31.323091546],[-53.984856827,-31.323081764],[-53.984844304,-31.323061242],[-53.984849853,-31.32304474],[-53.98484695,-31.323017702],[-53.984854903,-31.322989549],[-53.984872479,-31.322951821],[-53.984879779,-31.322916937],[-53.984907139,-31.322891749],[-53.984932793,-31.322866851],[-53.984953061,-31.322848618],[-53.984976663,-31.322835947],[-53.985005054,-31.322822993],[-53.985028233,-31.322804236],[-53.985061358,-31.322787878],[-53.985095449,-31.322777386],[-53.985132097,-31.32276673],[-53.985175217,-31.322746576],[-53.985217931,-31.322744704],[-53.985225058,-31.322744391],[-53.98527046,-31.322745465],[-53.985314231,-31.32275882],[-53.985345759,-31.322769595],[-53.985371159,-31.322804532],[-53.98539209,-31.322853661],[-53.985410129,-31.322898914],[-53.985427497,-31.322934846],[-53.985447153,-31.322981002],[-53.985463931,-31.323018203],[-53.985482732,-31.323059888],[-53.985496623,-31.323093163],[-53.985525804,-31.323150506],[-53.985522019,-31.323199986],[-53.985545669,-31.323220994],[-53.985554211,-31.323230322],[-53.985596781,-31.32322412],[-53.985665407,-31.323209778],[-53.985693471,-31.323203989],[-53.985809142,-31.323178063],[-53.985915262,-31.323156608],[-53.985967263,-31.323153074],[-53.985990171,-31.323123237],[-53.986064303,-31.323074792],[-53.986154349,-31.323048176],[-53.986286381,-31.322954518],[-53.98636694,-31.322909316],[-53.986462543,-31.322901676],[-53.986489618,-31.322887316],[-53.986546925,-31.322878033],[-53.986736487,-31.322942069],[-53.986775267,-31.322934889],[-53.986779463,-31.322912097],[-53.986756101,-31.322867734],[-53.986760895,-31.322807444],[-53.986834199,-31.322721687],[-53.986940124,-31.322672704],[-53.987019099,-31.322665983],[-53.987072423,-31.32261287],[-53.987297594,-31.322634522],[-53.987816618,-31.322387672],[-53.987442711,-31.321783155]]]]}";2018-08-26;0.1386439024390243;0.1602570731707317;0.2075490196078431;0.3045823529411764;0.3322450980392157;0.3652595121951219;0.3158823529411765;0.2224509803921568;0.3900969916709133;0.3982260885253879;0.2753284628824769;0.2998524479512764;6;8;2018;73;True;False;False;False
2018-08-20;1;26;0;13.8;1391.7482;1341.3322;50.416042;3.5;8.27;10.4;68.64;;17.46;0.0;;0.0;0.0;"{""type"":""MultiPolygon"",""coordinates"":[[[[-53.987442711,-31.321783155],[-53.98486299,-31.322744946],[-53.984438571,-31.323363952],[-53.984527493,-31.323442697],[-53.984806319,-31.323317517],[-53.98488499,-31.323380083],[-53.985177492,-31.323183549],[-53.985114893,-31.323156894],[-53.985053663,-31.323129788],[-53.984994451,-31.323120442],[-53.984927761,-31.323093175],[-53.984869408,-31.323091546],[-53.984856827,-31.323081764],[-53.984844304,-31.323061242],[-53.984849853,-31.32304474],[-53.98484695,-31.323017702],[-53.984854903,-31.322989549],[-53.984872479,-31.322951821],[-53.984879779,-31.322916937],[-53.984907139,-31.322891749],[-53.984932793,-31.322866851],[-53.984953061,-31.322848618],[-53.984976663,-31.322835947],[-53.985005054,-31.322822993],[-53.985028233,-31.322804236],[-53.985061358,-31.322787878],[-53.985095449,-31.322777386],[-53.985132097,-31.32276673],[-53.985175217,-31.322746576],[-53.985217931,-31.322744704],[-53.985225058,-31.322744391],[-53.98527046,-31.322745465],[-53.985314231,-31.32275882],[-53.985345759,-31.322769595],[-53.985371159,-31.322804532],[-53.98539209,-31.322853661],[-53.985410129,-31.322898914],[-53.985427497,-31.322934846],[-53.985447153,-31.322981002],[-53.985463931,-31.323018203],[-53.985482732,-31.323059888],[-53.985496623,-31.323093163],[-53.985525804,-31.323150506],[-53.985522019,-31.323199986],[-53.985545669,-31.323220994],[-53.985554211,-31.323230322],[-53.985596781,-31.32322412],[-53.985665407,-31.323209778],[-53.985693471,-31.323203989],[-53.985809142,-31.323178063],[-53.985915262,-31.323156608],[-53.985967263,-31.323153074],[-53.985990171,-31.323123237],[-53.986064303,-31.323074792],[-53.986154349,-31.323048176],[-53.986286381,-31.322954518],[-53.98636694,-31.322909316],[-53.986462543,-31.322901676],[-53.986489618,-31.322887316],[-53.986546925,-31.322878033],[-53.986736487,-31.322942069],[-53.986775267,-31.322934889],[-53.986779463,-31.322912097],[-53.986756101,-31.322867734],[-53.986760895,-31.322807444],[-53.986834199,-31.322721687],[-53.986940124,-31.322672704],[-53.987019099,-31.322665983],[-53.987072423,-31.32261287],[-53.987297594,-31.322634522],[-53.987816618,-31.322387672],[-53.987442711,-31.321783155]]]]}";2018-08-26;0.1386439024390243;0.1602570731707317;0.2075490196078431;0.3045823529411764;0.3322450980392157;0.3652595121951219;0.3158823529411765;0.2224509803921568;0.3900969916709133;0.3982260885253879;0.2753284628824769;0.2998524479512764;6;8;2018;0;True;False;False;False
2018-10-04;1;26;1;25.0;3063.4905;3013.0698;50.420673;;;;;;;;;;;"{""type"":""MultiPolygon"",""coordinates"":[[[[-53.987442711,-31.321783155],[-53.98486299,-31.322744946],[-53.984438571,-31.323363952],[-53.984527493,-31.323442697],[-53.984806319,-31.323317517],[-53.98488499,-31.323380083],[-53.985177492,-31.323183549],[-53.985114893,-31.323156894],[-53.985053663,-31.323129788],[-53.984994451,-31.323120442],[-53.984927761,-31.323093175],[-53.984869408,-31.323091546],[-53.984856827,-31.323081764],[-53.984844304,-31.323061242],[-53.984849853,-31.32304474],[-53.98484695,-31.323017702],[-53.984854903,-31.322989549],[-53.984872479,-31.322951821],[-53.984879779,-31.322916937],[-53.984907139,-31.322891749],[-53.984932793,-31.322866851],[-53.984953061,-31.322848618],[-53.984976663,-31.322835947],[-53.985005054,-31.322822993],[-53.985028233,-31.322804236],[-53.985061358,-31.322787878],[-53.985095449,-31.322777386],[-53.985132097,-31.32276673],[-53.985175217,-31.322746576],[-53.985217931,-31.322744704],[-53.985225058,-31.322744391],[-53.98527046,-31.322745465],[-53.985314231,-31.32275882],[-53.985345759,-31.322769595],[-53.985371159,-31.322804532],[-53.98539209,-31.322853661],[-53.985410129,-31.322898914],[-53.985427497,-31.322934846],[-53.985447153,-31.322981002],[-53.985463931,-31.323018203],[-53.985482732,-31.323059888],[-53.985496623,-31.323093163],[-53.985525804,-31.323150506],[-53.985522019,-31.323199986],[-53.985545669,-31.323220994],[-53.985554211,-31.323230322],[-53.985596781,-31.32322412],[-53.985665407,-31.323209778],[-53.985693471,-31.323203989],[-53.985809142,-31.323178063],[-53.985915262,-31.323156608],[-53.985967263,-31.323153074],[-53.985990171,-31.323123237],[-53.986064303,-31.323074792],[-53.986154349,-31.323048176],[-53.986286381,-31.322954518],[-53.98636694,-31.322909316],[-53.986462543,-31.322901676],[-53.986489618,-31.322887316],[-53.986546925,-31.322878033],[-53.986736487,-31.322942069],[-53.986775267,-31.322934889],[-53.986779463,-31.322912097],[-53.986756101,-31.322867734],[-53.986760895,-31.322807444],[-53.986834199,-31.322721687],[-53.986940124,-31.322672704],[-53.987019099,-31.322665983],[-53.987072423,-31.32261287],[-53.987297594,-31.322634522],[-53.987816618,-31.322387672],[-53.987442711,-31.321783155]]]]}";2018-10-03;0.127539423076923;0.1372903846153846;0.1947333333333333;0.3511196078431372;0.3918901960784314;0.4112475961538462;0.2919372549019608;0.1953176470588235;0.4994316184893586;0.5357238214717106;0.3572955059885157;0.3919131446304126;1;10;2018;45;False;False;True;False
2018-10-04;1;26;0;17.8;1934.3593;1853.457;80.90224;;;;;;;;;;;"{""type"":""MultiPolygon"",""coordinates"":[[[[-53.987442711,-31.321783155],[-53.98486299,-31.322744946],[-53.984438571,-31.323363952],[-53.984527493,-31.323442697],[-53.984806319,-31.323317517],[-53.98488499,-31.323380083],[-53.985177492,-31.323183549],[-53.985114893,-31.323156894],[-53.985053663,-31.323129788],[-53.984994451,-31.323120442],[-53.984927761,-31.323093175],[-53.984869408,-31.323091546],[-53.984856827,-31.323081764],[-53.984844304,-31.323061242],[-53.984849853,-31.32304474],[-53.98484695,-31.323017702],[-53.984854903,-31.322989549],[-53.984872479,-31.322951821],[-53.984879779,-31.322916937],[-53.984907139,-31.322891749],[-53.984932793,-31.322866851],[-53.984953061,-31.322848618],[-53.984976663,-31.322835947],[-53.985005054,-31.322822993],[-53.985028233,-31.322804236],[-53.985061358,-31.322787878],[-53.985095449,-31.322777386],[-53.985132097,-31.32276673],[-53.985175217,-31.322746576],[-53.985217931,-31.322744704],[-53.985225058,-31.322744391],[-53.98527046,-31.322745465],[-53.985314231,-31.32275882],[-53.985345759,-31.322769595],[-53.985371159,-31.322804532],[-53.98539209,-31.322853661],[-53.985410129,-31.322898914],[-53.985427497,-31.322934846],[-53.985447153,-31.322981002],[-53.985463931,-31.323018203],[-53.985482732,-31.323059888],[-53.985496623,-31.323093163],[-53.985525804,-31.323150506],[-53.985522019,-31.323199986],[-53.985545669,-31.323220994],[-53.985554211,-31.323230322],[-53.985596781,-31.32322412],[-53.985665407,-31.323209778],[-53.985693471,-31.323203989],[-53.985809142,-31.323178063],[-53.985915262,-31.323156608],[-53.985967263,-31.323153074],[-53.985990171,-31.323123237],[-53.986064303,-31.323074792],[-53.986154349,-31.323048176],[-53.986286381,-31.322954518],[-53.98636694,-31.322909316],[-53.986462543,-31.322901676],[-53.986489618,-31.322887316],[-53.986546925,-31.322878033],[-53.986736487,-31.322942069],[-53.986775267,-31.322934889],[-53.986779463,-31.322912097],[-53.986756101,-31.322867734],[-53.986760895,-31.322807444],[-53.986834199,-31.322721687],[-53.986940124,-31.322672704],[-53.987019099,-31.322665983],[-53.987072423,-31.32261287],[-53.987297594,-31.322634522],[-53.987816618,-31.322387672],[-53.987442711,-31.321783155]]]]}";2018-10-03;0.127539423076923;0.1372903846153846;0.1947333333333333;0.3511196078431372;0.3918901960784314;0.4112475961538462;0.2919372549019608;0.1953176470588235;0.4994316184893586;0.5357238214717106;0.3572955059885157;0.3919131446304126;1;10;2018;0;False;False;True;False
2018-11-05;1;26;0;26.6;3437.5542;3336.8118;100.74239;14.0;20.475;28.7;68.833336;2.275;31.2215;0.0;11.35;0.84;0.0;"{""type"":""MultiPolygon"",""coordinates"":[[[[-53.987442711,-31.321783155],[-53.98486299,-31.322744946],[-53.984438571,-31.323363952],[-53.984527493,-31.323442697],[-53.984806319,-31.323317517],[-53.98488499,-31.323380083],[-53.985177492,-31.323183549],[-53.985114893,-31.323156894],[-53.985053663,-31.323129788],[-53.984994451,-31.323120442],[-53.984927761,-31.323093175],[-53.984869408,-31.323091546],[-53.984856827,-31.323081764],[-53.984844304,-31.323061242],[-53.984849853,-31.32304474],[-53.98484695,-31.323017702],[-53.984854903,-31.322989549],[-53.984872479,-31.322951821],[-53.984879779,-31.322916937],[-53.984907139,-31.322891749],[-53.984932793,-31.322866851],[-53.984953061,-31.322848618],[-53.984976663,-31.322835947],[-53.985005054,-31.322822993],[-53.985028233,-31.322804236],[-53.985061358,-31.322787878],[-53.985095449,-31.322777386],[-53.985132097,-31.32276673],[-53.985175217,-31.322746576],[-53.985217931,-31.322744704],[-53.985225058,-31.322744391],[-53.98527046,-31.322745465],[-53.985314231,-31.32275882],[-53.985345759,-31.322769595],[-53.985371159,-31.322804532],[-53.98539209,-31.322853661],[-53.985410129,-31.322898914],[-53.985427497,-31.322934846],[-53.985447153,-31.322981002],[-53.985463931,-31.323018203],[-53.985482732,-31.323059888],[-53.985496623,-31.323093163],[-53.985525804,-31.323150506],[-53.985522019,-31.323199986],[-53.985545669,-31.323220994],[-53.985554211,-31.323230322],[-53.985596781,-31.32322412],[-53.985665407,-31.323209778],[-53.985693471,-31.323203989],[-53.985809142,-31.323178063],[-53.985915262,-31.323156608],[-53.985967263,-31.323153074],[-53.985990171,-31.323123237],[-53.986064303,-31.323074792],[-53.986154349,-31.323048176],[-53.986286381,-31.322954518],[-53.98636694,-31.322909316],[-53.986462543,-31.322901676],[-53.986489618,-31.322887316],[-53.986546925,-31.322878033],[-53.986736487,-31.322942069],[-53.986775267,-31.322934889],[-53.986779463,-31.322912097],[-53.986756101,-31.322867734],[-53.986760895,-31.322807444],[-53.986834199,-31.322721687],[-53.986940124,-31.322672704],[-53.987019099,-31.322665983],[-53.987072423,-31.32261287],[-53.987297594,-31.322634522],[-53.987816618,-31.322387672],[-53.987442711,-31.321783155]]]]}";2018-11-02;0.1339841346153846;0.1474913461538461;0.2096254901960784;0.3562705882352941;0.398913725490196;0.4159509615384615;0.3245960784313725;0.2196078431372549;0.47646336052425;0.5178547084403318;0.3298165568257933;0.3786659794933;3;11;2018;32;False;False;True;False
2018-11-05;1;26;1;30.4;3454.4534;2974.4817;479.97165;14.0;20.475;28.7;68.833336;2.275;31.2215;0.0;11.35;0.84;0.0;"{""type"":""MultiPolygon"",""coordinates"":[[[[-53.987442711,-31.321783155],[-53.98486299,-31.322744946],[-53.984438571,-31.323363952],[-53.984527493,-31.323442697],[-53.984806319,-31.323317517],[-53.98488499,-31.323380083],[-53.985177492,-31.323183549],[-53.985114893,-31.323156894],[-53.985053663,-31.323129788],[-53.984994451,-31.323120442],[-53.984927761,-31.323093175],[-53.984869408,-31.323091546],[-53.984856827,-31.323081764],[-53.984844304,-31.323061242],[-53.984849853,-31.32304474],[-53.98484695,-31.323017702],[-53.984854903,-31.322989549],[-53.984872479,-31.322951821],[-53.984879779,-31.322916937],[-53.984907139,-31.322891749],[-53.984932793,-31.322866851],[-53.984953061,-31.322848618],[-53.984976663,-31.322835947],[-53.985005054,-31.322822993],[-53.985028233,-31.322804236],[-53.985061358,-31.322787878],[-53.985095449,-31.322777386],[-53.985132097,-31.32276673],[-53.985175217,-31.322746576],[-53.985217931,-31.322744704],[-53.985225058,-31.322744391],[-53.98527046,-31.322745465],[-53.985314231,-31.32275882],[-53.985345759,-31.322769595],[-53.985371159,-31.322804532],[-53.98539209,-31.322853661],[-53.985410129,-31.322898914],[-53.985427497,-31.322934846],[-53.985447153,-31.322981002],[-53.985463931,-31.323018203],[-53.985482732,-31.323059888],[-53.985496623,-31.323093163],[-53.985525804,-31.323150506],[-53.985522019,-31.323199986],[-53.985545669,-31.323220994],[-53.985554211,-31.323230322],[-53.985596781,-31.32322412],[-53.985665407,-31.323209778],[-53.985693471,-31.323203989],[-53.985809142,-31.323178063],[-53.985915262,-31.323156608],[-53.985967263,-31.323153074],[-53.985990171,-31.323123237],[-53.986064303,-31.323074792],[-53.986154349,-31.323048176],[-53.986286381,-31.322954518],[-53.98636694,-31.322909316],[-53.986462543,-31.322901676],[-53.986489618,-31.322887316],[-53.986546925,-31.322878033],[-53.986736487,-31.322942069],[-53.986775267,-31.322934889],[-53.986779463,-31.322912097],[-53.986756101,-31.322867734],[-53.986760895,-31.322807444],[-53.986834199,-31.322721687],[-53.986940124,-31.322672704],[-53.987019099,-31.322665983],[-53.987072423,-31.32261287],[-53.987297594,-31.322634522],[-53.987816618,-31.322387672],[-53.987442711,-31.321783155]]]]}";2018-11-02;0.1339841346153846;0.1474913461538461;0.2096254901960784;0.3562705882352941;0.398913725490196;0.4159509615384615;0.3245960784313725;0.2196078431372549;0.47646336052425;0.5178547084403318;0.3298165568257933;0.3786659794933;3;11;2018;0;False;False;True;False
2018-12-10;1;26;1;43.0;4768.4155;3992.6782;775.73724;16.6;24.591667;32.4;54.208332;2.8458333;28.325657;0.0;14.5;4.32;0.0;"{""type"":""MultiPolygon"",""coordinates"":[[[[-53.987442711,-31.321783155],[-53.98486299,-31.322744946],[-53.984438571,-31.323363952],[-53.984527493,-31.323442697],[-53.984806319,-31.323317517],[-53.98488499,-31.323380083],[-53.985177492,-31.323183549],[-53.985114893,-31.323156894],[-53.985053663,-31.323129788],[-53.984994451,-31.323120442],[-53.984927761,-31.323093175],[-53.984869408,-31.323091546],[-53.984856827,-31.323081764],[-53.984844304,-31.323061242],[-53.984849853,-31.32304474],[-53.98484695,-31.323017702],[-53.984854903,-31.322989549],[-53.984872479,-31.322951821],[-53.984879779,-31.322916937],[-53.984907139,-31.322891749],[-53.984932793,-31.322866851],[-53.984953061,-31.322848618],[-53.984976663,-31.322835947],[-53.985005054,-31.322822993],[-53.985028233,-31.322804236],[-53.985061358,-31.322787878],[-53.985095449,-31.322777386],[-53.985132097,-31.32276673],[-53.985175217,-31.322746576],[-53.985217931,-31.322744704],[-53.985225058,-31.322744391],[-53.98527046,-31.322745465],[-53.985314231,-31.32275882],[-53.985345759,-31.322769595],[-53.985371159,-31.322804532],[-53.98539209,-31.322853661],[-53.985410129,-31.322898914],[-53.985427497,-31.322934846],[-53.985447153,-31.322981002],[-53.985463931,-31.323018203],[-53.985482732,-31.323059888],[-53.985496623,-31.323093163],[-53.985525804,-31.323150506],[-53.985522019,-31.323199986],[-53.985545669,-31.323220994],[-53.985554211,-31.323230322],[-53.985596781,-31.32322412],[-53.985665407,-31.323209778],[-53.985693471,-31.323203989],[-53.985809142,-31.323178063],[-53.985915262,-31.323156608],[-53.985967263,-31.323153074],[-53.985990171,-31.323123237],[-53.986064303,-31.323074792],[-53.986154349,-31.323048176],[-53.986286381,-31.322954518],[-53.98636694,-31.322909316],[-53.986462543,-31.322901676],[-53.986489618,-31.322887316],[-53.986546925,-31.322878033],[-53.986736487,-31.322942069],[-53.986775267,-31.322934889],[-53.986779463,-31.322912097],[-53.986756101,-31.322867734],[-53.986760895,-31.322807444],[-53.986834199,-31.322721687],[-53.986940124,-31.322672704],[-53.987019099,-31.322665983],[-53.987072423,-31.32261287],[-53.987297594,-31.322634522],[-53.987816618,-31.322387672],[-53.987442711,-31.321783155]]]]}";2018-12-07;0.1407492682926829;0.1612736585365853;0.214835294117647;0.3488215686274509;0.3926352941176471;0.4268039024390244;0.3528705882352941;0.2434647058823529;0.4515224887375898;0.4958265229757114;0.3303548309687087;0.366054204349672;3;12;2018;35;False;False;False;True
2018-12-10;1;26;0;34.0;6672.085;5699.426;972.6592;16.6;24.591667;32.4;54.208332;2.8458333;28.325657;0.0;14.5;4.32;0.0;"{""type"":""MultiPolygon"",""coordinates"":[[[[-53.987442711,-31.321783155],[-53.98486299,-31.322744946],[-53.984438571,-31.323363952],[-53.984527493,-31.323442697],[-53.984806319,-31.323317517],[-53.98488499,-31.323380083],[-53.985177492,-31.323183549],[-53.985114893,-31.323156894],[-53.985053663,-31.323129788],[-53.984994451,-31.323120442],[-53.984927761,-31.323093175],[-53.984869408,-31.323091546],[-53.984856827,-31.323081764],[-53.984844304,-31.323061242],[-53.984849853,-31.32304474],[-53.98484695,-31.323017702],[-53.984854903,-31.322989549],[-53.984872479,-31.322951821],[-53.984879779,-31.322916937],[-53.984907139,-31.322891749],[-53.984932793,-31.322866851],[-53.984953061,-31.322848618],[-53.984976663,-31.322835947],[-53.985005054,-31.322822993],[-53.985028233,-31.322804236],[-53.985061358,-31.322787878],[-53.985095449,-31.322777386],[-53.985132097,-31.32276673],[-53.985175217,-31.322746576],[-53.985217931,-31.322744704],[-53.985225058,-31.322744391],[-53.98527046,-31.322745465],[-53.985314231,-31.32275882],[-53.985345759,-31.322769595],[-53.985371159,-31.322804532],[-53.98539209,-31.322853661],[-53.985410129,-31.322898914],[-53.985427497,-31.322934846],[-53.985447153,-31.322981002],[-53.985463931,-31.323018203],[-53.985482732,-31.323059888],[-53.985496623,-31.323093163],[-53.985525804,-31.323150506],[-53.985522019,-31.323199986],[-53.985545669,-31.323220994],[-53.985554211,-31.323230322],[-53.985596781,-31.32322412],[-53.985665407,-31.323209778],[-53.985693471,-31.323203989],[-53.985809142,-31.323178063],[-53.985915262,-31.323156608],[-53.985967263,-31.323153074],[-53.985990171,-31.323123237],[-53.986064303,-31.323074792],[-53.986154349,-31.323048176],[-53.986286381,-31.322954518],[-53.98636694,-31.322909316],[-53.986462543,-31.322901676],[-53.986489618,-31.322887316],[-53.986546925,-31.322878033],[-53.986736487,-31.322942069],[-53.986775267,-31.322934889],[-53.986779463,-31.322912097],[-53.986756101,-31.322867734],[-53.986760895,-31.322807444],[-53.986834199,-31.322721687],[-53.986940124,-31.322672704],[-53.987019099,-31.322665983],[-53.987072423,-31.32261287],[-53.987297594,-31.322634522],[-53.987816618,-31.322387672],[-53.987442711,-31.321783155]]]]}";2018-12-07;0.1407492682926829;0.1612736585365853;0.214835294117647;0.3488215686274509;0.3926352941176471;0.4268039024390244;0.3528705882352941;0.2434647058823529;0.4515224887375898;0.4958265229757114;0.3303548309687087;0.366054204349672;3;12;2018;0;False;False;False;True
2019-01-14;1;26;0;16.0;2475.386;2475.386;0.0;20.9;24.233334;28.4;84.791664;3.0;18.755081;0.2;14.65;0.1;0.0;"{""type"":""MultiPolygon"",""coordinates"":[[[[-53.987442711,-31.321783155],[-53.98486299,-31.322744946],[-53.984438571,-31.323363952],[-53.984527493,-31.323442697],[-53.984806319,-31.323317517],[-53.98488499,-31.323380083],[-53.985177492,-31.323183549],[-53.985114893,-31.323156894],[-53.985053663,-31.323129788],[-53.984994451,-31.323120442],[-53.984927761,-31.323093175],[-53.984869408,-31.323091546],[-53.984856827,-31.323081764],[-53.984844304,-31.323061242],[-53.984849853,-31.32304474],[-53.98484695,-31.323017702],[-53.984854903,-31.322989549],[-53.984872479,-31.322951821],[-53.984879779,-31.322916937],[-53.984907139,-31.322891749],[-53.984932793,-31.322866851],[-53.984953061,-31.322848618],[-53.984976663,-31.322835947],[-53.985005054,-31.322822993],[-53.985028233,-31.322804236],[-53.985061358,-31.322787878],[-53.985095449,-31.322777386],[-53.985132097,-31.32276673],[-53.985175217,-31.322746576],[-53.985217931,-31.322744704],[-53.985225058,-31.322744391],[-53.98527046,-31.322745465],[-53.985314231,-31.32275882],[-53.985345759,-31.322769595],[-53.985371159,-31.322804532],[-53.98539209,-31.322853661],[-53.985410129,-31.322898914],[-53.985427497,-31.322934846],[-53.985447153,-31.322981002],[-53.985463931,-31.323018203],[-53.985482732,-31.323059888],[-53.985496623,-31.323093163],[-53.985525804,-31.323150506],[-53.985522019,-31.323199986],[-53.985545669,-31.323220994],[-53.985554211,-31.323230322],[-53.985596781,-31.32322412],[-53.985665407,-31.323209778],[-53.985693471,-31.323203989],[-53.985809142,-31.323178063],[-53.985915262,-31.323156608],[-53.985967263,-31.323153074],[-53.985990171,-31.323123237],[-53.986064303,-31.323074792],[-53.986154349,-31.323048176],[-53.986286381,-31.322954518],[-53.98636694,-31.322909316],[-53.986462543,-31.322901676],[-53.986489618,-31.322887316],[-53.986546925,-31.322878033],[-53.986736487,-31.322942069],[-53.986775267,-31.322934889],[-53.986779463,-31.322912097],[-53.986756101,-31.322867734],[-53.986760895,-31.322807444],[-53.986834199,-31.322721687],[-53.986940124,-31.322672704],[-53.987019099,-31.322665983],[-53.987072423,-31.32261287],[-53.987297594,-31.322634522],[-53.987816618,-31.322387672],[-53.987442711,-31.321783155]]]]}";2019-01-06;0.1329053658536585;0.1413336585365853;0.1938647058823529;0.3450058823529411;0.3991333333333333;0.397630243902439;0.3196921568627451;0.212378431372549;0.4755357162251691;0.5130684974098932;0.3444924391902647;0.3700271752909559;8;1;2019;35;False;False;False;True
2019-01-14;1;26;1;39.6;9536.579;8543.878;992.7008;20.9;24.233334;28.4;84.791664;3.0;18.755081;0.2;14.65;0.1;0.0;"{""type"":""MultiPolygon"",""coordinates"":[[[[-53.987442711,-31.321783155],[-53.98486299,-31.322744946],[-53.984438571,-31.323363952],[-53.984527493,-31.323442697],[-53.984806319,-31.323317517],[-53.98488499,-31.323380083],[-53.985177492,-31.323183549],[-53.985114893,-31.323156894],[-53.985053663,-31.323129788],[-53.984994451,-31.323120442],[-53.984927761,-31.323093175],[-53.984869408,-31.323091546],[-53.984856827,-31.323081764],[-53.984844304,-31.323061242],[-53.984849853,-31.32304474],[-53.98484695,-31.323017702],[-53.984854903,-31.322989549],[-53.984872479,-31.322951821],[-53.984879779,-31.322916937],[-53.984907139,-31.322891749],[-53.984932793,-31.322866851],[-53.984953061,-31.322848618],[-53.984976663,-31.322835947],[-53.985005054,-31.322822993],[-53.985028233,-31.322804236],[-53.985061358,-31.322787878],[-53.985095449,-31.322777386],[-53.985132097,-31.32276673],[-53.985175217,-31.322746576],[-53.985217931,-31.322744704],[-53.985225058,-31.322744391],[-53.98527046,-31.322745465],[-53.985314231,-31.32275882],[-53.985345759,-31.322769595],[-53.985371159,-31.322804532],[-53.98539209,-31.322853661],[-53.985410129,-31.322898914],[-53.985427497,-31.322934846],[-53.985447153,-31.322981002],[-53.985463931,-31.323018203],[-53.985482732,-31.323059888],[-53.985496623,-31.323093163],[-53.985525804,-31.323150506],[-53.985522019,-31.323199986],[-53.985545669,-31.323220994],[-53.985554211,-31.323230322],[-53.985596781,-31.32322412],[-53.985665407,-31.323209778],[-53.985693471,-31.323203989],[-53.985809142,-31.323178063],[-53.985915262,-31.323156608],[-53.985967263,-31.323153074],[-53.985990171,-31.323123237],[-53.986064303,-31.323074792],[-53.986154349,-31.323048176],[-53.986286381,-31.322954518],[-53.98636694,-31.322909316],[-53.986462543,-31.322901676],[-53.986489618,-31.322887316],[-53.986546925,-31.322878033],[-53.986736487,-31.322942069],[-53.986775267,-31.322934889],[-53.986779463,-31.322912097],[-53.986756101,-31.322867734],[-53.986760895,-31.322807444],[-53.986834199,-31.322721687],[-53.986940124,-31.322672704],[-53.987019099,-31.322665983],[-53.987072423,-31.32261287],[-53.987297594,-31.322634522],[-53.987816618,-31.322387672],[-53.987442711,-31.321783155]]]]}";2019-01-06;0.1329053658536585;0.1413336585365853;0.1938647058823529;0.3450058823529411;0.3991333333333333;0.397630243902439;0.3196921568627451;0.212378431372549;0.4755357162251691;0.5130684974098932;0.3444924391902647;0.3700271752909559;8;1;2019;0;False;False;False;True
2019-02-18;1;26;0;42.8;6920.9287;6920.9287;0.0;17.7;23.795834;31.2;74.125;3.2083333;25.51021;0.0;14.45;2.06;0.0;"{""type"":""MultiPolygon"",""coordinates"":[[[[-53.987442711,-31.321783155],[-53.98486299,-31.322744946],[-53.984438571,-31.323363952],[-53.984527493,-31.323442697],[-53.984806319,-31.323317517],[-53.98488499,-31.323380083],[-53.985177492,-31.323183549],[-53.985114893,-31.323156894],[-53.985053663,-31.323129788],[-53.984994451,-31.323120442],[-53.984927761,-31.323093175],[-53.984869408,-31.323091546],[-53.984856827,-31.323081764],[-53.984844304,-31.323061242],[-53.984849853,-31.32304474],[-53.98484695,-31.323017702],[-53.984854903,-31.322989549],[-53.984872479,-31.322951821],[-53.984879779,-31.322916937],[-53.984907139,-31.322891749],[-53.984932793,-31.322866851],[-53.984953061,-31.322848618],[-53.984976663,-31.322835947],[-53.985005054,-31.322822993],[-53.985028233,-31.322804236],[-53.985061358,-31.322787878],[-53.985095449,-31.322777386],[-53.985132097,-31.32276673],[-53.985175217,-31.322746576],[-53.985217931,-31.322744704],[-53.985225058,-31.322744391],[-53.98527046,-31.322745465],[-53.985314231,-31.32275882],[-53.985345759,-31.322769595],[-53.985371159,-31.322804532],[-53.98539209,-31.322853661],[-53.985410129,-31.322898914],[-53.985427497,-31.322934846],[-53.985447153,-31.322981002],[-53.985463931,-31.323018203],[-53.985482732,-31.323059888],[-53.985496623,-31.323093163],[-53.985525804,-31.323150506],[-53.985522019,-31.323199986],[-53.985545669,-31.323220994],[-53.985554211,-31.323230322],[-53.985596781,-31.32322412],[-53.985665407,-31.323209778],[-53.985693471,-31.323203989],[-53.985809142,-31.323178063],[-53.985915262,-31.323156608],[-53.985967263,-31.323153074],[-53.985990171,-31.323123237],[-53.986064303,-31.323074792],[-53.986154349,-31.323048176],[-53.986286381,-31.322954518],[-53.98636694,-31.322909316],[-53.986462543,-31.322901676],[-53.986489618,-31.322887316],[-53.986546925,-31.322878033],[-53.986736487,-31.322942069],[-53.986775267,-31.322934889],[-53.986779463,-31.322912097],[-53.986756101,-31.322867734],[-53.986760895,-31.322807444],[-53.986834199,-31.322721687],[-53.986940124,-31.322672704],[-53.987019099,-31.322665983],[-53.987072423,-31.32261287],[-53.987297594,-31.322634522],[-53.987816618,-31.322387672],[-53.987442711,-31.321783155]]]]}";2019-02-17;0.1368243902439024;0.1486009756097561;0.2114588235294117;0.3743196078431372;0.4219686274509804;0.4339551219512195;0.321943137254902;0.2123921568627451;0.489831189710611;0.549020638391726;0.3447342592762195;0.3953894125916981;1;2;2019;35;False;False;False;True
2019-02-18;1;26;1;34.2;8317.304;7185.8843;1131.4198;17.7;23.795834;31.2;74.125;3.2083333;25.51021;0.0;14.45;2.06;0.0;"{""type"":""MultiPolygon"",""coordinates"":[[[[-53.987442711,-31.321783155],[-53.98486299,-31.322744946],[-53.984438571,-31.323363952],[-53.984527493,-31.323442697],[-53.984806319,-31.323317517],[-53.98488499,-31.323380083],[-53.985177492,-31.323183549],[-53.985114893,-31.323156894],[-53.985053663,-31.323129788],[-53.984994451,-31.323120442],[-53.984927761,-31.323093175],[-53.984869408,-31.323091546],[-53.984856827,-31.323081764],[-53.984844304,-31.323061242],[-53.984849853,-31.32304474],[-53.98484695,-31.323017702],[-53.984854903,-31.322989549],[-53.984872479,-31.322951821],[-53.984879779,-31.322916937],[-53.984907139,-31.322891749],[-53.984932793,-31.322866851],[-53.984953061,-31.322848618],[-53.984976663,-31.322835947],[-53.985005054,-31.322822993],[-53.985028233,-31.322804236],[-53.985061358,-31.322787878],[-53.985095449,-31.322777386],[-53.985132097,-31.32276673],[-53.985175217,-31.322746576],[-53.985217931,-31.322744704],[-53.985225058,-31.322744391],[-53.98527046,-31.322745465],[-53.985314231,-31.32275882],[-53.985345759,-31.322769595],[-53.985371159,-31.322804532],[-53.98539209,-31.322853661],[-53.985410129,-31.322898914],[-53.985427497,-31.322934846],[-53.985447153,-31.322981002],[-53.985463931,-31.323018203],[-53.985482732,-31.323059888],[-53.985496623,-31.323093163],[-53.985525804,-31.323150506],[-53.985522019,-31.323199986],[-53.985545669,-31.323220994],[-53.985554211,-31.323230322],[-53.985596781,-31.32322412],[-53.985665407,-31.323209778],[-53.985693471,-31.323203989],[-53.985809142,-31.323178063],[-53.985915262,-31.323156608],[-53.985967263,-31.323153074],[-53.985990171,-31.323123237],[-53.986064303,-31.323074792],[-53.986154349,-31.323048176],[-53.986286381,-31.322954518],[-53.98636694,-31.322909316],[-53.986462543,-31.322901676],[-53.986489618,-31.322887316],[-53.986546925,-31.322878033],[-53.986736487,-31.322942069],[-53.986775267,-31.322934889],[-53.986779463,-31.322912097],[-53.986756101,-31.322867734],[-53.986760895,-31.322807444],[-53.986834199,-31.322721687],[-53.986940124,-31.322672704],[-53.987019099,-31.322665983],[-53.987072423,-31.32261287],[-53.987297594,-31.322634522],[-53.987816618,-31.322387672],[-53.987442711,-31.321783155]]]]}";2019-02-17;0.1368243902439024;0.1486009756097561;0.2114588235294117;0.3743196078431372;0.4219686274509804;0.4339551219512195;0.321943137254902;0.2123921568627451;0.489831189710611;0.549020638391726;0.3447342592762195;0.3953894125916981;1;2;2019;0;False;False;False;True
2019-04-10;1;26;1;49.2;10779.715;10779.715;0.0;15.0;21.191668;29.2;68.833336;4.225;19.95285;0.0;12.1;1.88;0.0;"{""type"":""MultiPolygon"",""coordinates"":[[[[-53.987442711,-31.321783155],[-53.98486299,-31.322744946],[-53.984438571,-31.323363952],[-53.984527493,-31.323442697],[-53.984806319,-31.323317517],[-53.98488499,-31.323380083],[-53.985177492,-31.323183549],[-53.985114893,-31.323156894],[-53.985053663,-31.323129788],[-53.984994451,-31.323120442],[-53.984927761,-31.323093175],[-53.984869408,-31.323091546],[-53.984856827,-31.323081764],[-53.984844304,-31.323061242],[-53.984849853,-31.32304474],[-53.98484695,-31.323017702],[-53.984854903,-31.322989549],[-53.984872479,-31.322951821],[-53.984879779,-31.322916937],[-53.984907139,-31.322891749],[-53.984932793,-31.322866851],[-53.984953061,-31.322848618],[-53.984976663,-31.322835947],[-53.985005054,-31.322822993],[-53.985028233,-31.322804236],[-53.985061358,-31.322787878],[-53.985095449,-31.322777386],[-53.985132097,-31.32276673],[-53.985175217,-31.322746576],[-53.985217931,-31.322744704],[-53.985225058,-31.322744391],[-53.98527046,-31.322745465],[-53.985314231,-31.32275882],[-53.985345759,-31.322769595],[-53.985371159,-31.322804532],[-53.98539209,-31.322853661],[-53.985410129,-31.322898914],[-53.985427497,-31.322934846],[-53.985447153,-31.322981002],[-53.985463931,-31.323018203],[-53.985482732,-31.323059888],[-53.985496623,-31.323093163],[-53.985525804,-31.323150506],[-53.985522019,-31.323199986],[-53.985545669,-31.323220994],[-53.985554211,-31.323230322],[-53.985596781,-31.32322412],[-53.985665407,-31.323209778],[-53.985693471,-31.323203989],[-53.985809142,-31.323178063],[-53.985915262,-31.323156608],[-53.985967263,-31.323153074],[-53.985990171,-31.323123237],[-53.986064303,-31.323074792],[-53.986154349,-31.323048176],[-53.986286381,-31.322954518],[-53.98636694,-31.322909316],[-53.986462543,-31.322901676],[-53.986489618,-31.322887316],[-53.986546925,-31.322878033],[-53.986736487,-31.322942069],[-53.986775267,-31.322934889],[-53.986779463,-31.322912097],[-53.986756101,-31.322867734],[-53.986760895,-31.322807444],[-53.986834199,-31.322721687],[-53.986940124,-31.322672704],[-53.987019099,-31.322665983],[-53.987072423,-31.32261287],[-53.987297594,-31.322634522],[-53.987816618,-31.322387672],[-53.987442711,-31.321783155]]]]}";2019-04-11;0.3914278846153846;0.3803942307692307;0.422678431372549;0.4460627450980392;0.4537647058823529;0.4873932692307692;0.4934254901960784;0.4358078431372549;0.1233009676465016;0.3207214799434873;0.0711096035788372;0.1173417345108854;1;4;2019;51;False;True;False;False
2019-04-10;1;26;0;33.0;5228.114;5149.2495;78.86439;15.0;21.191668;29.2;68.833336;4.225;19.95285;0.0;12.1;1.88;0.0;"{""type"":""MultiPolygon"",""coordinates"":[[[[-53.987442711,-31.321783155],[-53.98486299,-31.322744946],[-53.984438571,-31.323363952],[-53.984527493,-31.323442697],[-53.984806319,-31.323317517],[-53.98488499,-31.323380083],[-53.985177492,-31.323183549],[-53.985114893,-31.323156894],[-53.985053663,-31.323129788],[-53.984994451,-31.323120442],[-53.984927761,-31.323093175],[-53.984869408,-31.323091546],[-53.984856827,-31.323081764],[-53.984844304,-31.323061242],[-53.984849853,-31.32304474],[-53.98484695,-31.323017702],[-53.984854903,-31.322989549],[-53.984872479,-31.322951821],[-53.984879779,-31.322916937],[-53.984907139,-31.322891749],[-53.984932793,-31.322866851],[-53.984953061,-31.322848618],[-53.984976663,-31.322835947],[-53.985005054,-31.322822993],[-53.985028233,-31.322804236],[-53.985061358,-31.322787878],[-53.985095449,-31.322777386],[-53.985132097,-31.32276673],[-53.985175217,-31.322746576],[-53.985217931,-31.322744704],[-53.985225058,-31.322744391],[-53.98527046,-31.322745465],[-53.985314231,-31.32275882],[-53.985345759,-31.322769595],[-53.985371159,-31.322804532],[-53.98539209,-31.322853661],[-53.985410129,-31.322898914],[-53.985427497,-31.322934846],[-53.985447153,-31.322981002],[-53.985463931,-31.323018203],[-53.985482732,-31.323059888],[-53.985496623,-31.323093163],[-53.985525804,-31.323150506],[-53.985522019,-31.323199986],[-53.985545669,-31.323220994],[-53.985554211,-31.323230322],[-53.985596781,-31.32322412],[-53.985665407,-31.323209778],[-53.985693471,-31.323203989],[-53.985809142,-31.323178063],[-53.985915262,-31.323156608],[-53.985967263,-31.323153074],[-53.985990171,-31.323123237],[-53.986064303,-31.323074792],[-53.986154349,-31.323048176],[-53.986286381,-31.322954518],[-53.98636694,-31.322909316],[-53.986462543,-31.322901676],[-53.986489618,-31.322887316],[-53.986546925,-31.322878033],[-53.986736487,-31.322942069],[-53.986775267,-31.322934889],[-53.986779463,-31.322912097],[-53.986756101,-31.322867734],[-53.986760895,-31.322807444],[-53.986834199,-31.322721687],[-53.986940124,-31.322672704],[-53.987019099,-31.322665983],[-53.987072423,-31.32261287],[-53.987297594,-31.322634522],[-53.987816618,-31.322387672],[-53.987442711,-31.321783155]]]]}";2019-04-11;0.3914278846153846;0.3803942307692307;0.422678431372549;0.4460627450980392;0.4537647058823529;0.4873932692307692;0.4934254901960784;0.4358078431372549;0.1233009676465016;0.3207214799434873;0.0711096035788372;0.1173417345108854;1;4;2019;0;False;True;False;False
2019-06-13;1;26;0;19.6;2807.9775;2723.8318;84.14583;19.3;22.333334;28.2;73.333336;5.7458334;9.606022;0.0;13.75;0.33;0.0;"{""type"":""MultiPolygon"",""coordinates"":[[[[-53.987442711,-31.321783155],[-53.98486299,-31.322744946],[-53.984438571,-31.323363952],[-53.984527493,-31.323442697],[-53.984806319,-31.323317517],[-53.98488499,-31.323380083],[-53.985177492,-31.323183549],[-53.985114893,-31.323156894],[-53.985053663,-31.323129788],[-53.984994451,-31.323120442],[-53.984927761,-31.323093175],[-53.984869408,-31.323091546],[-53.984856827,-31.323081764],[-53.984844304,-31.323061242],[-53.984849853,-31.32304474],[-53.98484695,-31.323017702],[-53.984854903,-31.322989549],[-53.984872479,-31.322951821],[-53.984879779,-31.322916937],[-53.984907139,-31.322891749],[-53.984932793,-31.322866851],[-53.984953061,-31.322848618],[-53.984976663,-31.322835947],[-53.985005054,-31.322822993],[-53.985028233,-31.322804236],[-53.985061358,-31.322787878],[-53.985095449,-31.322777386],[-53.985132097,-31.32276673],[-53.985175217,-31.322746576],[-53.985217931,-31.322744704],[-53.985225058,-31.322744391],[-53.98527046,-31.322745465],[-53.985314231,-31.32275882],[-53.985345759,-31.322769595],[-53.985371159,-31.322804532],[-53.98539209,-31.322853661],[-53.985410129,-31.322898914],[-53.985427497,-31.322934846],[-53.985447153,-31.322981002],[-53.985463931,-31.323018203],[-53.985482732,-31.323059888],[-53.985496623,-31.323093163],[-53.985525804,-31.323150506],[-53.985522019,-31.323199986],[-53.985545669,-31.323220994],[-53.985554211,-31.323230322],[-53.985596781,-31.32322412],[-53.985665407,-31.323209778],[-53.985693471,-31.323203989],[-53.985809142,-31.323178063],[-53.985915262,-31.323156608],[-53.985967263,-31.323153074],[-53.985990171,-31.323123237],[-53.986064303,-31.323074792],[-53.986154349,-31.323048176],[-53.986286381,-31.322954518],[-53.98636694,-31.322909316],[-53.986462543,-31.322901676],[-53.986489618,-31.322887316],[-53.986546925,-31.322878033],[-53.986736487,-31.322942069],[-53.986775267,-31.322934889],[-53.986779463,-31.322912097],[-53.986756101,-31.322867734],[-53.986760895,-31.322807444],[-53.986834199,-31.322721687],[-53.986940124,-31.322672704],[-53.987019099,-31.322665983],[-53.987072423,-31.32261287],[-53.987297594,-31.322634522],[-53.987816618,-31.322387672],[-53.987442711,-31.321783155]]]]}";2019-06-20;0.1246156097560975;0.156330243902439;0.1976529411764706;0.2996470588235294;0.334456862745098;0.3556185365853658;0.3037176470588235;0.2087431372549019;0.3892738888703614;0.3666129440417242;0.2855119082731639;0.2954027365696229;7;6;2019;64;True;False;False;False
2019-06-13;1;26;1;25.8;2495.9312;1917.2328;578.6985;19.3;22.333334;28.2;73.333336;5.7458334;9.606022;0.0;13.75;0.33;0.0;"{""type"":""MultiPolygon"",""coordinates"":[[[[-53.987442711,-31.321783155],[-53.98486299,-31.322744946],[-53.984438571,-31.323363952],[-53.984527493,-31.323442697],[-53.984806319,-31.323317517],[-53.98488499,-31.323380083],[-53.985177492,-31.323183549],[-53.985114893,-31.323156894],[-53.985053663,-31.323129788],[-53.984994451,-31.323120442],[-53.984927761,-31.323093175],[-53.984869408,-31.323091546],[-53.984856827,-31.323081764],[-53.984844304,-31.323061242],[-53.984849853,-31.32304474],[-53.98484695,-31.323017702],[-53.984854903,-31.322989549],[-53.984872479,-31.322951821],[-53.984879779,-31.322916937],[-53.984907139,-31.322891749],[-53.984932793,-31.322866851],[-53.984953061,-31.322848618],[-53.984976663,-31.322835947],[-53.985005054,-31.322822993],[-53.985028233,-31.322804236],[-53.985061358,-31.322787878],[-53.985095449,-31.322777386],[-53.985132097,-31.32276673],[-53.985175217,-31.322746576],[-53.985217931,-31.322744704],[-53.985225058,-31.322744391],[-53.98527046,-31.322745465],[-53.985314231,-31.32275882],[-53.985345759,-31.322769595],[-53.985371159,-31.322804532],[-53.98539209,-31.322853661],[-53.985410129,-31.322898914],[-53.985427497,-31.322934846],[-53.985447153,-31.322981002],[-53.985463931,-31.323018203],[-53.985482732,-31.323059888],[-53.985496623,-31.323093163],[-53.985525804,-31.323150506],[-53.985522019,-31.323199986],[-53.985545669,-31.323220994],[-53.985554211,-31.323230322],[-53.985596781,-31.32322412],[-53.985665407,-31.323209778],[-53.985693471,-31.323203989],[-53.985809142,-31.323178063],[-53.985915262,-31.323156608],[-53.985967263,-31.323153074],[-53.985990171,-31.323123237],[-53.986064303,-31.323074792],[-53.986154349,-31.323048176],[-53.986286381,-31.322954518],[-53.98636694,-31.322909316],[-53.986462543,-31.322901676],[-53.986489618,-31.322887316],[-53.986546925,-31.322878033],[-53.986736487,-31.322942069],[-53.986775267,-31.322934889],[-53.986779463,-31.322912097],[-53.986756101,-31.322867734],[-53.986760895,-31.322807444],[-53.986834199,-31.322721687],[-53.986940124,-31.322672704],[-53.987019099,-31.322665983],[-53.987072423,-31.32261287],[-53.987297594,-31.322634522],[-53.987816618,-31.322387672],[-53.987442711,-31.321783155]]]]}";2019-06-20;0.1246156097560975;0.156330243902439;0.1976529411764706;0.2996470588235294;0.334456862745098;0.3556185365853658;0.3037176470588235;0.2087431372549019;0.3892738888703614;0.3666129440417242;0.2855119082731639;0.2954027365696229;7;6;2019;0;True;False;False;False
2019-07-08;1;26;0;20.8;2070.828;2068.8408;1.9868821;2.5;10.214286;19.9;61.285713;2.5619047;13.88923;0.0;1.2;0.41;0.0;"{""type"":""MultiPolygon"",""coordinates"":[[[[-53.987442711,-31.321783155],[-53.98486299,-31.322744946],[-53.984438571,-31.323363952],[-53.984527493,-31.323442697],[-53.984806319,-31.323317517],[-53.98488499,-31.323380083],[-53.985177492,-31.323183549],[-53.985114893,-31.323156894],[-53.985053663,-31.323129788],[-53.984994451,-31.323120442],[-53.984927761,-31.323093175],[-53.984869408,-31.323091546],[-53.984856827,-31.323081764],[-53.984844304,-31.323061242],[-53.984849853,-31.32304474],[-53.98484695,-31.323017702],[-53.984854903,-31.322989549],[-53.984872479,-31.322951821],[-53.984879779,-31.322916937],[-53.984907139,-31.322891749],[-53.984932793,-31.322866851],[-53.984953061,-31.322848618],[-53.984976663,-31.322835947],[-53.985005054,-31.322822993],[-53.985028233,-31.322804236],[-53.985061358,-31.322787878],[-53.985095449,-31.322777386],[-53.985132097,-31.32276673],[-53.985175217,-31.322746576],[-53.985217931,-31.322744704],[-53.985225058,-31.322744391],[-53.98527046,-31.322745465],[-53.985314231,-31.32275882],[-53.985345759,-31.322769595],[-53.985371159,-31.322804532],[-53.98539209,-31.322853661],[-53.985410129,-31.322898914],[-53.985427497,-31.322934846],[-53.985447153,-31.322981002],[-53.985463931,-31.323018203],[-53.985482732,-31.323059888],[-53.985496623,-31.323093163],[-53.985525804,-31.323150506],[-53.985522019,-31.323199986],[-53.985545669,-31.323220994],[-53.985554211,-31.323230322],[-53.985596781,-31.32322412],[-53.985665407,-31.323209778],[-53.985693471,-31.323203989],[-53.985809142,-31.323178063],[-53.985915262,-31.323156608],[-53.985967263,-31.323153074],[-53.985990171,-31.323123237],[-53.986064303,-31.323074792],[-53.986154349,-31.323048176],[-53.986286381,-31.322954518],[-53.98636694,-31.322909316],[-53.986462543,-31.322901676],[-53.986489618,-31.322887316],[-53.986546925,-31.322878033],[-53.986736487,-31.322942069],[-53.986775267,-31.322934889],[-53.986779463,-31.322912097],[-53.986756101,-31.322867734],[-53.986760895,-31.322807444],[-53.986834199,-31.322721687],[-53.986940124,-31.322672704],[-53.987019099,-31.322665983],[-53.987072423,-31.32261287],[-53.987297594,-31.322634522],[-53.987816618,-31.322387672],[-53.987442711,-31.321783155]]]]}";2019-07-07;0.1289858536585365;0.1629848780487804;0.2080823529411765;0.3142235294117647;0.3503843137254902;0.3854390243902439;0.3086725490196078;0.2118156862745097;0.4056244546456409;0.3983907853583167;0.298821033618865;0.3182693743779862;1;7;2019;25;True;False;False;False
2019-07-08;1;26;1;21.4;2161.103;1947.6476;213.45538;2.5;10.214286;19.9;61.285713;2.5619047;13.88923;0.0;1.2;0.41;0.0;"{""type"":""MultiPolygon"",""coordinates"":[[[[-53.987442711,-31.321783155],[-53.98486299,-31.322744946],[-53.984438571,-31.323363952],[-53.984527493,-31.323442697],[-53.984806319,-31.323317517],[-53.98488499,-31.323380083],[-53.985177492,-31.323183549],[-53.985114893,-31.323156894],[-53.985053663,-31.323129788],[-53.984994451,-31.323120442],[-53.984927761,-31.323093175],[-53.984869408,-31.323091546],[-53.984856827,-31.323081764],[-53.984844304,-31.323061242],[-53.984849853,-31.32304474],[-53.98484695,-31.323017702],[-53.984854903,-31.322989549],[-53.984872479,-31.322951821],[-53.984879779,-31.322916937],[-53.984907139,-31.322891749],[-53.984932793,-31.322866851],[-53.984953061,-31.322848618],[-53.984976663,-31.322835947],[-53.985005054,-31.322822993],[-53.985028233,-31.322804236],[-53.985061358,-31.322787878],[-53.985095449,-31.322777386],[-53.985132097,-31.32276673],[-53.985175217,-31.322746576],[-53.985217931,-31.322744704],[-53.985225058,-31.322744391],[-53.98527046,-31.322745465],[-53.985314231,-31.32275882],[-53.985345759,-31.322769595],[-53.985371159,-31.322804532],[-53.98539209,-31.322853661],[-53.985410129,-31.322898914],[-53.985427497,-31.322934846],[-53.985447153,-31.322981002],[-53.985463931,-31.323018203],[-53.985482732,-31.323059888],[-53.985496623,-31.323093163],[-53.985525804,-31.323150506],[-53.985522019,-31.323199986],[-53.985545669,-31.323220994],[-53.985554211,-31.323230322],[-53.985596781,-31.32322412],[-53.985665407,-31.323209778],[-53.985693471,-31.323203989],[-53.985809142,-31.323178063],[-53.985915262,-31.323156608],[-53.985967263,-31.323153074],[-53.985990171,-31.323123237],[-53.986064303,-31.323074792],[-53.986154349,-31.323048176],[-53.986286381,-31.322954518],[-53.98636694,-31.322909316],[-53.986462543,-31.322901676],[-53.986489618,-31.322887316],[-53.986546925,-31.322878033],[-53.986736487,-31.322942069],[-53.986775267,-31.322934889],[-53.986779463,-31.322912097],[-53.986756101,-31.322867734],[-53.986760895,-31.322807444],[-53.986834199,-31.322721687],[-53.986940124,-31.322672704],[-53.987019099,-31.322665983],[-53.987072423,-31.32261287],[-53.987297594,-31.322634522],[-53.987816618,-31.322387672],[-53.987442711,-31.321783155]]]]}";2019-07-07;0.1289858536585365;0.1629848780487804;0.2080823529411765;0.3142235294117647;0.3503843137254902;0.3854390243902439;0.3086725490196078;0.2118156862745097;0.4056244546456409;0.3983907853583167;0.298821033618865;0.3182693743779862;1;7;2019;0;True;False;False;False
2019-08-13;1;26;1;21.2;2468.4275;2466.6052;1.822166;4.1;7.1041665;12.0;73.125;;16.861422;0.0;-1.95;0.0;0.0;"{""type"":""MultiPolygon"",""coordinates"":[[[[-53.987442711,-31.321783155],[-53.98486299,-31.322744946],[-53.984438571,-31.323363952],[-53.984527493,-31.323442697],[-53.984806319,-31.323317517],[-53.98488499,-31.323380083],[-53.985177492,-31.323183549],[-53.985114893,-31.323156894],[-53.985053663,-31.323129788],[-53.984994451,-31.323120442],[-53.984927761,-31.323093175],[-53.984869408,-31.323091546],[-53.984856827,-31.323081764],[-53.984844304,-31.323061242],[-53.984849853,-31.32304474],[-53.98484695,-31.323017702],[-53.984854903,-31.322989549],[-53.984872479,-31.322951821],[-53.984879779,-31.322916937],[-53.984907139,-31.322891749],[-53.984932793,-31.322866851],[-53.984953061,-31.322848618],[-53.984976663,-31.322835947],[-53.985005054,-31.322822993],[-53.985028233,-31.322804236],[-53.985061358,-31.322787878],[-53.985095449,-31.322777386],[-53.985132097,-31.32276673],[-53.985175217,-31.322746576],[-53.985217931,-31.322744704],[-53.985225058,-31.322744391],[-53.98527046,-31.322745465],[-53.985314231,-31.32275882],[-53.985345759,-31.322769595],[-53.985371159,-31.322804532],[-53.98539209,-31.322853661],[-53.985410129,-31.322898914],[-53.985427497,-31.322934846],[-53.985447153,-31.322981002],[-53.985463931,-31.323018203],[-53.985482732,-31.323059888],[-53.985496623,-31.323093163],[-53.985525804,-31.323150506],[-53.985522019,-31.323199986],[-53.985545669,-31.323220994],[-53.985554211,-31.323230322],[-53.985596781,-31.32322412],[-53.985665407,-31.323209778],[-53.985693471,-31.323203989],[-53.985809142,-31.323178063],[-53.985915262,-31.323156608],[-53.985967263,-31.323153074],[-53.985990171,-31.323123237],[-53.986064303,-31.323074792],[-53.986154349,-31.323048176],[-53.986286381,-31.322954518],[-53.98636694,-31.322909316],[-53.986462543,-31.322901676],[-53.986489618,-31.322887316],[-53.986546925,-31.322878033],[-53.986736487,-31.322942069],[-53.986775267,-31.322934889],[-53.986779463,-31.322912097],[-53.986756101,-31.322867734],[-53.986760895,-31.322807444],[-53.986834199,-31.322721687],[-53.986940124,-31.322672704],[-53.987019099,-31.322665983],[-53.987072423,-31.32261287],[-53.987297594,-31.322634522],[-53.987816618,-31.322387672],[-53.987442711,-31.321783155]]]]}";2019-08-14;0.1428110576923077;0.1734725961538461;0.2143764705882353;0.3018196078431372;0.3294117647058823;0.3597028846153846;0.3239803921568627;0.2292509803921568;0.3492851700398104;0.3502002970779501;0.2531469085412479;0.2703755924253317;1;8;2019;36;True;False;False;False
2019-08-13;1;26;0;24.0;2548.328;2528.703;19.625168;4.1;7.1041665;12.0;73.125;;16.861422;0.0;-1.95;0.0;0.0;"{""type"":""MultiPolygon"",""coordinates"":[[[[-53.987442711,-31.321783155],[-53.98486299,-31.322744946],[-53.984438571,-31.323363952],[-53.984527493,-31.323442697],[-53.984806319,-31.323317517],[-53.98488499,-31.323380083],[-53.985177492,-31.323183549],[-53.985114893,-31.323156894],[-53.985053663,-31.323129788],[-53.984994451,-31.323120442],[-53.984927761,-31.323093175],[-53.984869408,-31.323091546],[-53.984856827,-31.323081764],[-53.984844304,-31.323061242],[-53.984849853,-31.32304474],[-53.98484695,-31.323017702],[-53.984854903,-31.322989549],[-53.984872479,-31.322951821],[-53.984879779,-31.322916937],[-53.984907139,-31.322891749],[-53.984932793,-31.322866851],[-53.984953061,-31.322848618],[-53.984976663,-31.322835947],[-53.985005054,-31.322822993],[-53.985028233,-31.322804236],[-53.985061358,-31.322787878],[-53.985095449,-31.322777386],[-53.985132097,-31.32276673],[-53.985175217,-31.322746576],[-53.985217931,-31.322744704],[-53.985225058,-31.322744391],[-53.98527046,-31.322745465],[-53.985314231,-31.32275882],[-53.985345759,-31.322769595],[-53.985371159,-31.322804532],[-53.98539209,-31.322853661],[-53.985410129,-31.322898914],[-53.985427497,-31.322934846],[-53.985447153,-31.322981002],[-53.985463931,-31.323018203],[-53.985482732,-31.323059888],[-53.985496623,-31.323093163],[-53.985525804,-31.323150506],[-53.985522019,-31.323199986],[-53.985545669,-31.323220994],[-53.985554211,-31.323230322],[-53.985596781,-31.32322412],[-53.985665407,-31.323209778],[-53.985693471,-31.323203989],[-53.985809142,-31.323178063],[-53.985915262,-31.323156608],[-53.985967263,-31.323153074],[-53.985990171,-31.323123237],[-53.986064303,-31.323074792],[-53.986154349,-31.323048176],[-53.986286381,-31.322954518],[-53.98636694,-31.322909316],[-53.986462543,-31.322901676],[-53.986489618,-31.322887316],[-53.986546925,-31.322878033],[-53.986736487,-31.322942069],[-53.986775267,-31.322934889],[-53.986779463,-31.322912097],[-53.986756101,-31.322867734],[-53.986760895,-31.322807444],[-53.986834199,-31.322721687],[-53.986940124,-31.322672704],[-53.987019099,-31.322665983],[-53.987072423,-31.32261287],[-53.987297594,-31.322634522],[-53.987816618,-31.322387672],[-53.987442711,-31.321783155]]]]}";2019-08-14;0.1428110576923077;0.1734725961538461;0.2143764705882353;0.3018196078431372;0.3294117647058823;0.3597028846153846;0.3239803921568627;0.2292509803921568;0.3492851700398104;0.3502002970779501;0.2531469085412479;0.2703755924253317;1;8;2019;0;True;False;False;False
2016-09-12;1;27;0;28.0;3478.4807;2657.621;820.8597;12.9;16.5;21.2;83.4;4.0;5.6;5.8;10.05;0.0;0.0;"{""type"":""MultiPolygon"",""coordinates"":[[[[-53.985176162,-31.323791025],[-53.985379418,-31.324162499],[-53.985418878,-31.324316606],[-53.985441855,-31.324492211],[-53.985472779,-31.324524305],[-53.985519742,-31.324576306],[-53.985575034,-31.324597529],[-53.985615909,-31.324674486],[-53.985622952,-31.324747902],[-53.985663847,-31.324880587],[-53.987338761,-31.324031632],[-53.987293247,-31.323849388],[-53.98752731,-31.323220463],[-53.988103899,-31.322859418],[-53.987816916,-31.322388002],[-53.987298103,-31.322639721],[-53.987070898,-31.322618792],[-53.987012399,-31.322670691],[-53.986947935,-31.322675647],[-53.986837853,-31.322722501],[-53.986758494,-31.32280902],[-53.986753795,-31.322873],[-53.986780881,-31.322913285],[-53.986773527,-31.32293409],[-53.986733714,-31.322945493],[-53.986546723,-31.32288015],[-53.986491029,-31.322888872],[-53.986462189,-31.322904822],[-53.986364314,-31.32290932],[-53.986157397,-31.323051359],[-53.986067399,-31.323076443],[-53.985991767,-31.323121279],[-53.985968704,-31.323152811],[-53.985913354,-31.323154464],[-53.985516051,-31.323241482],[-53.985184583,-31.323187155],[-53.984885283,-31.323378228],[-53.985176162,-31.323791025]]]]}";2016-09-10;0.1300909793814433;0.1435971649484536;0.1942783505154639;0.3414649484536082;0.380601030927835;0.4002159793814433;0.3123082474226804;0.209241237113402;0.4718878480754694;0.4988249310013312;0.346408062296728;0.3687711960138222;2;9;2016;0;False;False;True;False
2016-09-12;1;27;1;39.2;4709.0723;3599.1616;1109.9109;12.9;16.5;21.2;83.4;4.0;5.6;5.8;10.05;0.0;0.0;"{""type"":""MultiPolygon"",""coordinates"":[[[[-53.985176162,-31.323791025],[-53.985379418,-31.324162499],[-53.985418878,-31.324316606],[-53.985441855,-31.324492211],[-53.985472779,-31.324524305],[-53.985519742,-31.324576306],[-53.985575034,-31.324597529],[-53.985615909,-31.324674486],[-53.985622952,-31.324747902],[-53.985663847,-31.324880587],[-53.987338761,-31.324031632],[-53.987293247,-31.323849388],[-53.98752731,-31.323220463],[-53.988103899,-31.322859418],[-53.987816916,-31.322388002],[-53.987298103,-31.322639721],[-53.987070898,-31.322618792],[-53.987012399,-31.322670691],[-53.986947935,-31.322675647],[-53.986837853,-31.322722501],[-53.986758494,-31.32280902],[-53.986753795,-31.322873],[-53.986780881,-31.322913285],[-53.986773527,-31.32293409],[-53.986733714,-31.322945493],[-53.986546723,-31.32288015],[-53.986491029,-31.322888872],[-53.986462189,-31.322904822],[-53.986364314,-31.32290932],[-53.986157397,-31.323051359],[-53.986067399,-31.323076443],[-53.985991767,-31.323121279],[-53.985968704,-31.323152811],[-53.985913354,-31.323154464],[-53.985516051,-31.323241482],[-53.985184583,-31.323187155],[-53.984885283,-31.323378228],[-53.985176162,-31.323791025]]]]}";2016-09-10;0.1300909793814433;0.1435971649484536;0.1942783505154639;0.3414649484536082;0.380601030927835;0.4002159793814433;0.3123082474226804;0.209241237113402;0.4718878480754694;0.4988249310013312;0.346408062296728;0.3687711960138222;2;9;2016;0;False;False;True;False
2016-11-23;1;27;0;37.4;6476.741;4853.324;1623.4174;8.9;17.8;26.0;59.3;2.0;33.7;0.2;7.45;2.65;0.0;"{""type"":""MultiPolygon"",""coordinates"":[[[[-53.985176162,-31.323791025],[-53.985379418,-31.324162499],[-53.985418878,-31.324316606],[-53.985441855,-31.324492211],[-53.985472779,-31.324524305],[-53.985519742,-31.324576306],[-53.985575034,-31.324597529],[-53.985615909,-31.324674486],[-53.985622952,-31.324747902],[-53.985663847,-31.324880587],[-53.987338761,-31.324031632],[-53.987293247,-31.323849388],[-53.98752731,-31.323220463],[-53.988103899,-31.322859418],[-53.987816916,-31.322388002],[-53.987298103,-31.322639721],[-53.987070898,-31.322618792],[-53.987012399,-31.322670691],[-53.986947935,-31.322675647],[-53.986837853,-31.322722501],[-53.986758494,-31.32280902],[-53.986753795,-31.322873],[-53.986780881,-31.322913285],[-53.986773527,-31.32293409],[-53.986733714,-31.322945493],[-53.986546723,-31.32288015],[-53.986491029,-31.322888872],[-53.986462189,-31.322904822],[-53.986364314,-31.32290932],[-53.986157397,-31.323051359],[-53.986067399,-31.323076443],[-53.985991767,-31.323121279],[-53.985968704,-31.323152811],[-53.985913354,-31.323154464],[-53.985516051,-31.323241482],[-53.985184583,-31.323187155],[-53.984885283,-31.323378228],[-53.985176162,-31.323791025]]]]}";2016-11-29;0.1416568475452196;0.1623847545219638;0.219225;0.3601104166666666;0.4022791666666666;0.4180118863049096;0.350071875;0.2354604166666666;0.4404352365285257;0.4805404055810628;0.3119513175980724;0.3549073397534402;6;11;2016;72;False;False;True;False
2016-11-23;1;27;1;48.6;5525.06;2148.3313;3376.729;8.9;17.8;26.0;59.3;2.0;33.7;0.2;7.45;2.65;0.0;"{""type"":""MultiPolygon"",""coordinates"":[[[[-53.985176162,-31.323791025],[-53.985379418,-31.324162499],[-53.985418878,-31.324316606],[-53.985441855,-31.324492211],[-53.985472779,-31.324524305],[-53.985519742,-31.324576306],[-53.985575034,-31.324597529],[-53.985615909,-31.324674486],[-53.985622952,-31.324747902],[-53.985663847,-31.324880587],[-53.987338761,-31.324031632],[-53.987293247,-31.323849388],[-53.98752731,-31.323220463],[-53.988103899,-31.322859418],[-53.987816916,-31.322388002],[-53.987298103,-31.322639721],[-53.987070898,-31.322618792],[-53.987012399,-31.322670691],[-53.986947935,-31.322675647],[-53.986837853,-31.322722501],[-53.986758494,-31.32280902],[-53.986753795,-31.322873],[-53.986780881,-31.322913285],[-53.986773527,-31.32293409],[-53.986733714,-31.322945493],[-53.986546723,-31.32288015],[-53.986491029,-31.322888872],[-53.986462189,-31.322904822],[-53.986364314,-31.32290932],[-53.986157397,-31.323051359],[-53.986067399,-31.323076443],[-53.985991767,-31.323121279],[-53.985968704,-31.323152811],[-53.985913354,-31.323154464],[-53.985516051,-31.323241482],[-53.985184583,-31.323187155],[-53.984885283,-31.323378228],[-53.985176162,-31.323791025]]]]}";2016-11-29;0.1416568475452196;0.1623847545219638;0.219225;0.3601104166666666;0.4022791666666666;0.4180118863049096;0.350071875;0.2354604166666666;0.4404352365285257;0.4805404055810628;0.3119513175980724;0.3549073397534402;6;11;2016;0;False;False;True;False
2016-12-29;1;27;0;26.6;2765.253;2743.4167;21.836168;20.1;23.0;27.6;83.4;3.3;12.4;10.8;13.85;0.0;0.0;"{""type"":""MultiPolygon"",""coordinates"":[[[[-53.985176162,-31.323791025],[-53.985379418,-31.324162499],[-53.985418878,-31.324316606],[-53.985441855,-31.324492211],[-53.985472779,-31.324524305],[-53.985519742,-31.324576306],[-53.985575034,-31.324597529],[-53.985615909,-31.324674486],[-53.985622952,-31.324747902],[-53.985663847,-31.324880587],[-53.987338761,-31.324031632],[-53.987293247,-31.323849388],[-53.98752731,-31.323220463],[-53.988103899,-31.322859418],[-53.987816916,-31.322388002],[-53.987298103,-31.322639721],[-53.987070898,-31.322618792],[-53.987012399,-31.322670691],[-53.986947935,-31.322675647],[-53.986837853,-31.322722501],[-53.986758494,-31.32280902],[-53.986753795,-31.322873],[-53.986780881,-31.322913285],[-53.986773527,-31.32293409],[-53.986733714,-31.322945493],[-53.986546723,-31.32288015],[-53.986491029,-31.322888872],[-53.986462189,-31.322904822],[-53.986364314,-31.32290932],[-53.986157397,-31.323051359],[-53.986067399,-31.323076443],[-53.985991767,-31.323121279],[-53.985968704,-31.323152811],[-53.985913354,-31.323154464],[-53.985516051,-31.323241482],[-53.985184583,-31.323187155],[-53.984885283,-31.323378228],[-53.985176162,-31.323791025]]]]}";2016-12-22;0.8307567010309278;0.7473546391752578;0.8147876288659794;0.7817835051546391;0.7641360824742268;0.8083948453608247;0.5499979381443298;0.4319474226804123;0.03923524114409;2.467370649419873;-0.0039384256586431;0.0445386512155748;7;12;2016;36;False;False;False;True
2017-01-30;1;27;1;59.6;2603.5085;0.0;2603.5085;21.1;25.6;31.5;74.8;3.7;24.2;0.0;16.3;2.64;0.0;"{""type"":""MultiPolygon"",""coordinates"":[[[[-53.985176162,-31.323791025],[-53.985379418,-31.324162499],[-53.985418878,-31.324316606],[-53.985441855,-31.324492211],[-53.985472779,-31.324524305],[-53.985519742,-31.324576306],[-53.985575034,-31.324597529],[-53.985615909,-31.324674486],[-53.985622952,-31.324747902],[-53.985663847,-31.324880587],[-53.987338761,-31.324031632],[-53.987293247,-31.323849388],[-53.98752731,-31.323220463],[-53.988103899,-31.322859418],[-53.987816916,-31.322388002],[-53.987298103,-31.322639721],[-53.987070898,-31.322618792],[-53.987012399,-31.322670691],[-53.986947935,-31.322675647],[-53.986837853,-31.322722501],[-53.986758494,-31.32280902],[-53.986753795,-31.322873],[-53.986780881,-31.322913285],[-53.986773527,-31.32293409],[-53.986733714,-31.322945493],[-53.986546723,-31.32288015],[-53.986491029,-31.322888872],[-53.986462189,-31.322904822],[-53.986364314,-31.32290932],[-53.986157397,-31.323051359],[-53.986067399,-31.323076443],[-53.985991767,-31.323121279],[-53.985968704,-31.323152811],[-53.985913354,-31.323154464],[-53.985516051,-31.323241482],[-53.985184583,-31.323187155],[-53.984885283,-31.323378228],[-53.985176162,-31.323791025]]]]}";2017-02-07;0.2166219638242894;0.2343173126614987;0.2940947916666666;0.4828041666666667;0.5493385416666667;0.5584434108527132;0.41363125;0.313696875;0.4088574125549547;0.6048561583151086;0.3100724617440676;0.3760859519039037;8;1;2017;32;False;False;False;True
2017-01-30;1;27;0;51.0;4072.827;4011.5361;61.290955;21.1;25.6;31.5;74.8;3.7;24.2;0.0;16.3;2.64;0.0;"{""type"":""MultiPolygon"",""coordinates"":[[[[-53.985176162,-31.323791025],[-53.985379418,-31.324162499],[-53.985418878,-31.324316606],[-53.985441855,-31.324492211],[-53.985472779,-31.324524305],[-53.985519742,-31.324576306],[-53.985575034,-31.324597529],[-53.985615909,-31.324674486],[-53.985622952,-31.324747902],[-53.985663847,-31.324880587],[-53.987338761,-31.324031632],[-53.987293247,-31.323849388],[-53.98752731,-31.323220463],[-53.988103899,-31.322859418],[-53.987816916,-31.322388002],[-53.987298103,-31.322639721],[-53.987070898,-31.322618792],[-53.987012399,-31.322670691],[-53.986947935,-31.322675647],[-53.986837853,-31.322722501],[-53.986758494,-31.32280902],[-53.986753795,-31.322873],[-53.986780881,-31.322913285],[-53.986773527,-31.32293409],[-53.986733714,-31.322945493],[-53.986546723,-31.32288015],[-53.986491029,-31.322888872],[-53.986462189,-31.322904822],[-53.986364314,-31.32290932],[-53.986157397,-31.323051359],[-53.986067399,-31.323076443],[-53.985991767,-31.323121279],[-53.985968704,-31.323152811],[-53.985913354,-31.323154464],[-53.985516051,-31.323241482],[-53.985184583,-31.323187155],[-53.984885283,-31.323378228],[-53.985176162,-31.323791025]]]]}";2017-02-07;0.2166219638242894;0.2343173126614987;0.2940947916666666;0.4828041666666667;0.5493385416666667;0.5584434108527132;0.41363125;0.313696875;0.4088574125549547;0.6048561583151086;0.3100724617440676;0.3760859519039037;8;1;2017;0;False;False;False;True
2017-04-18;1;27;0;38.8;7965.9844;7965.9844;0.0;12.2;16.6;23.0;83.7;4.0;13.2;0.0;7.6;0.21;0.0;"{""type"":""MultiPolygon"",""coordinates"":[[[[-53.985176162,-31.323791025],[-53.985379418,-31.324162499],[-53.985418878,-31.324316606],[-53.985441855,-31.324492211],[-53.985472779,-31.324524305],[-53.985519742,-31.324576306],[-53.985575034,-31.324597529],[-53.985615909,-31.324674486],[-53.985622952,-31.324747902],[-53.985663847,-31.324880587],[-53.987338761,-31.324031632],[-53.987293247,-31.323849388],[-53.98752731,-31.323220463],[-53.988103899,-31.322859418],[-53.987816916,-31.322388002],[-53.987298103,-31.322639721],[-53.987070898,-31.322618792],[-53.987012399,-31.322670691],[-53.986947935,-31.322675647],[-53.986837853,-31.322722501],[-53.986758494,-31.32280902],[-53.986753795,-31.322873],[-53.986780881,-31.322913285],[-53.986773527,-31.32293409],[-53.986733714,-31.322945493],[-53.986546723,-31.32288015],[-53.986491029,-31.322888872],[-53.986462189,-31.322904822],[-53.986364314,-31.32290932],[-53.986157397,-31.323051359],[-53.986067399,-31.323076443],[-53.985991767,-31.323121279],[-53.985968704,-31.323152811],[-53.985913354,-31.323154464],[-53.985516051,-31.323241482],[-53.985184583,-31.323187155],[-53.984885283,-31.323378228],[-53.985176162,-31.323791025]]]]}";2017-04-11;0.121545618556701;0.1439453608247422;0.1884020618556701;0.3069463917525773;0.3466628865979381;0.3670659793814433;0.2633030927835051;0.1805082474226804;0.436625571688243;0.4228504988925494;0.3216457190369782;0.3310357802384261;7;4;2017;78;False;True;False;False
2017-04-18;1;27;1;45.0;11990.243;11815.83;174.41246;12.2;16.6;23.0;83.7;4.0;13.2;0.0;7.6;0.21;0.0;"{""type"":""MultiPolygon"",""coordinates"":[[[[-53.985176162,-31.323791025],[-53.985379418,-31.324162499],[-53.985418878,-31.324316606],[-53.985441855,-31.324492211],[-53.985472779,-31.324524305],[-53.985519742,-31.324576306],[-53.985575034,-31.324597529],[-53.985615909,-31.324674486],[-53.985622952,-31.324747902],[-53.985663847,-31.324880587],[-53.987338761,-31.324031632],[-53.987293247,-31.323849388],[-53.98752731,-31.323220463],[-53.988103899,-31.322859418],[-53.987816916,-31.322388002],[-53.987298103,-31.322639721],[-53.987070898,-31.322618792],[-53.987012399,-31.322670691],[-53.986947935,-31.322675647],[-53.986837853,-31.322722501],[-53.986758494,-31.32280902],[-53.986753795,-31.322873],[-53.986780881,-31.322913285],[-53.986773527,-31.32293409],[-53.986733714,-31.322945493],[-53.986546723,-31.32288015],[-53.986491029,-31.322888872],[-53.986462189,-31.322904822],[-53.986364314,-31.32290932],[-53.986157397,-31.323051359],[-53.986067399,-31.323076443],[-53.985991767,-31.323121279],[-53.985968704,-31.323152811],[-53.985913354,-31.323154464],[-53.985516051,-31.323241482],[-53.985184583,-31.323187155],[-53.984885283,-31.323378228],[-53.985176162,-31.323791025]]]]}";2017-04-11;0.121545618556701;0.1439453608247422;0.1884020618556701;0.3069463917525773;0.3466628865979381;0.3670659793814433;0.2633030927835051;0.1805082474226804;0.436625571688243;0.4228504988925494;0.3216457190369782;0.3310357802384261;7;4;2017;0;False;True;False;False
2017-05-19;1;27;0;29.0;6597.32;6597.32;0.0;16.1;18.1;21.2;83.6;4.7;8.5;0.4;11.65;0.08;0.0;"{""type"":""MultiPolygon"",""coordinates"":[[[[-53.985176162,-31.323791025],[-53.985379418,-31.324162499],[-53.985418878,-31.324316606],[-53.985441855,-31.324492211],[-53.985472779,-31.324524305],[-53.985519742,-31.324576306],[-53.985575034,-31.324597529],[-53.985615909,-31.324674486],[-53.985622952,-31.324747902],[-53.985663847,-31.324880587],[-53.987338761,-31.324031632],[-53.987293247,-31.323849388],[-53.98752731,-31.323220463],[-53.988103899,-31.322859418],[-53.987816916,-31.322388002],[-53.987298103,-31.322639721],[-53.987070898,-31.322618792],[-53.987012399,-31.322670691],[-53.986947935,-31.322675647],[-53.986837853,-31.322722501],[-53.986758494,-31.32280902],[-53.986753795,-31.322873],[-53.986780881,-31.322913285],[-53.986773527,-31.32293409],[-53.986733714,-31.322945493],[-53.986546723,-31.32288015],[-53.986491029,-31.322888872],[-53.986462189,-31.322904822],[-53.986364314,-31.32290932],[-53.986157397,-31.323051359],[-53.986067399,-31.323076443],[-53.985991767,-31.323121279],[-53.985968704,-31.323152811],[-53.985913354,-31.323154464],[-53.985516051,-31.323241482],[-53.985184583,-31.323187155],[-53.984885283,-31.323378228],[-53.985176162,-31.323791025]]]]}";2017-05-21;0.1259865979381443;0.1553306701030928;0.1980587628865979;0.2952835051546392;0.3284216494845361;0.3403809278350515;0.2710422680412371;0.188421649484536;0.3733022557907745;0.3485029606454901;0.2643233168002619;0.2787708681637568;2;5;2017;31;False;True;False;False
2017-05-19;1;27;1;33.2;9153.427;9153.427;0.0;16.1;18.1;21.2;83.6;4.7;8.5;0.4;11.65;0.08;0.0;"{""type"":""MultiPolygon"",""coordinates"":[[[[-53.985176162,-31.323791025],[-53.985379418,-31.324162499],[-53.985418878,-31.324316606],[-53.985441855,-31.324492211],[-53.985472779,-31.324524305],[-53.985519742,-31.324576306],[-53.985575034,-31.324597529],[-53.985615909,-31.324674486],[-53.985622952,-31.324747902],[-53.985663847,-31.324880587],[-53.987338761,-31.324031632],[-53.987293247,-31.323849388],[-53.98752731,-31.323220463],[-53.988103899,-31.322859418],[-53.987816916,-31.322388002],[-53.987298103,-31.322639721],[-53.987070898,-31.322618792],[-53.987012399,-31.322670691],[-53.986947935,-31.322675647],[-53.986837853,-31.322722501],[-53.986758494,-31.32280902],[-53.986753795,-31.322873],[-53.986780881,-31.322913285],[-53.986773527,-31.32293409],[-53.986733714,-31.322945493],[-53.986546723,-31.32288015],[-53.986491029,-31.322888872],[-53.986462189,-31.322904822],[-53.986364314,-31.32290932],[-53.986157397,-31.323051359],[-53.986067399,-31.323076443],[-53.985991767,-31.323121279],[-53.985968704,-31.323152811],[-53.985913354,-31.323154464],[-53.985516051,-31.323241482],[-53.985184583,-31.323187155],[-53.984885283,-31.323378228],[-53.985176162,-31.323791025]]]]}";2017-05-21;0.1259865979381443;0.1553306701030928;0.1980587628865979;0.2952835051546392;0.3284216494845361;0.3403809278350515;0.2710422680412371;0.188421649484536;0.3733022557907745;0.3485029606454901;0.2643233168002619;0.2787708681637568;2;5;2017;0;False;True;False;False
2017-06-26;1;27;0;25.2;3828.7275;3781.4453;47.28214;13.8;17.8;23.7;76.1;5.0;11.1;0.0;11.75;0.29;0.0;"{""type"":""MultiPolygon"",""coordinates"":[[[[-53.985176162,-31.323791025],[-53.985379418,-31.324162499],[-53.985418878,-31.324316606],[-53.985441855,-31.324492211],[-53.985472779,-31.324524305],[-53.985519742,-31.324576306],[-53.985575034,-31.324597529],[-53.985615909,-31.324674486],[-53.985622952,-31.324747902],[-53.985663847,-31.324880587],[-53.987338761,-31.324031632],[-53.987293247,-31.323849388],[-53.98752731,-31.323220463],[-53.988103899,-31.322859418],[-53.987816916,-31.322388002],[-53.987298103,-31.322639721],[-53.987070898,-31.322618792],[-53.987012399,-31.322670691],[-53.986947935,-31.322675647],[-53.986837853,-31.322722501],[-53.986758494,-31.32280902],[-53.986753795,-31.322873],[-53.986780881,-31.322913285],[-53.986773527,-31.32293409],[-53.986733714,-31.322945493],[-53.986546723,-31.32288015],[-53.986491029,-31.322888872],[-53.986462189,-31.322904822],[-53.986364314,-31.32290932],[-53.986157397,-31.323051359],[-53.986067399,-31.323076443],[-53.985991767,-31.323121279],[-53.985968704,-31.323152811],[-53.985913354,-31.323154464],[-53.985516051,-31.323241482],[-53.985184583,-31.323187155],[-53.984885283,-31.323378228],[-53.985176162,-31.323791025]]]]}";2017-07-02;0.1389051546391752;0.1718631443298969;0.2087773195876288;0.298459793814433;0.3305422680412371;0.3621641752577319;0.3033371134020619;0.2089948453608247;0.3563507407725578;0.3520040213339699;0.2686559955002881;0.2760580315282104;6;6;2017;38;True;False;False;False
2017-06-26;1;27;1;26.6;5178.54;5138.827;39.71273;13.8;17.8;23.7;76.1;5.0;11.1;0.0;11.75;0.29;0.0;"{""type"":""MultiPolygon"",""coordinates"":[[[[-53.985176162,-31.323791025],[-53.985379418,-31.324162499],[-53.985418878,-31.324316606],[-53.985441855,-31.324492211],[-53.985472779,-31.324524305],[-53.985519742,-31.324576306],[-53.985575034,-31.324597529],[-53.985615909,-31.324674486],[-53.985622952,-31.324747902],[-53.985663847,-31.324880587],[-53.987338761,-31.324031632],[-53.987293247,-31.323849388],[-53.98752731,-31.323220463],[-53.988103899,-31.322859418],[-53.987816916,-31.322388002],[-53.987298103,-31.322639721],[-53.987070898,-31.322618792],[-53.987012399,-31.322670691],[-53.986947935,-31.322675647],[-53.986837853,-31.322722501],[-53.986758494,-31.32280902],[-53.986753795,-31.322873],[-53.986780881,-31.322913285],[-53.986773527,-31.32293409],[-53.986733714,-31.322945493],[-53.986546723,-31.32288015],[-53.986491029,-31.322888872],[-53.986462189,-31.322904822],[-53.986364314,-31.32290932],[-53.986157397,-31.323051359],[-53.986067399,-31.323076443],[-53.985991767,-31.323121279],[-53.985968704,-31.323152811],[-53.985913354,-31.323154464],[-53.985516051,-31.323241482],[-53.985184583,-31.323187155],[-53.984885283,-31.323378228],[-53.985176162,-31.323791025]]]]}";2017-07-02;0.1389051546391752;0.1718631443298969;0.2087773195876288;0.298459793814433;0.3305422680412371;0.3621641752577319;0.3033371134020619;0.2089948453608247;0.3563507407725578;0.3520040213339699;0.2686559955002881;0.2760580315282104;6;6;2017;0;True;False;False;False
2017-07-26;1;27;1;29.6;2576.6008;2505.2903;71.31062;16.5;18.5;22.3;84.0;3.4;9.4;0.4;12.4;0.22;0.0;"{""type"":""MultiPolygon"",""coordinates"":[[[[-53.985176162,-31.323791025],[-53.985379418,-31.324162499],[-53.985418878,-31.324316606],[-53.985441855,-31.324492211],[-53.985472779,-31.324524305],[-53.985519742,-31.324576306],[-53.985575034,-31.324597529],[-53.985615909,-31.324674486],[-53.985622952,-31.324747902],[-53.985663847,-31.324880587],[-53.987338761,-31.324031632],[-53.987293247,-31.323849388],[-53.98752731,-31.323220463],[-53.988103899,-31.322859418],[-53.987816916,-31.322388002],[-53.987298103,-31.322639721],[-53.987070898,-31.322618792],[-53.987012399,-31.322670691],[-53.986947935,-31.322675647],[-53.986837853,-31.322722501],[-53.986758494,-31.32280902],[-53.986753795,-31.322873],[-53.986780881,-31.322913285],[-53.986773527,-31.32293409],[-53.986733714,-31.322945493],[-53.986546723,-31.32288015],[-53.986491029,-31.322888872],[-53.986462189,-31.322904822],[-53.986364314,-31.32290932],[-53.986157397,-31.323051359],[-53.986067399,-31.323076443],[-53.985991767,-31.323121279],[-53.985968704,-31.323152811],[-53.985913354,-31.323154464],[-53.985516051,-31.323241482],[-53.985184583,-31.323187155],[-53.984885283,-31.323378228],[-53.985176162,-31.323791025]]]]}";2017-07-27;0.1442221649484536;0.1885974226804123;0.2302969072164948;0.3118051546391753;0.3422298969072165;0.3600448453608247;0.3481453608247423;0.235841237113402;0.312494010518938;0.3039927379837558;0.2197844512570474;0.2452420066005821;1;7;2017;30;True;False;False;False
2017-07-26;1;27;0;25.2;2209.9622;2113.7373;96.22477;16.5;18.5;22.3;84.0;3.4;9.4;0.4;12.4;0.22;0.0;"{""type"":""MultiPolygon"",""coordinates"":[[[[-53.985176162,-31.323791025],[-53.985379418,-31.324162499],[-53.985418878,-31.324316606],[-53.985441855,-31.324492211],[-53.985472779,-31.324524305],[-53.985519742,-31.324576306],[-53.985575034,-31.324597529],[-53.985615909,-31.324674486],[-53.985622952,-31.324747902],[-53.985663847,-31.324880587],[-53.987338761,-31.324031632],[-53.987293247,-31.323849388],[-53.98752731,-31.323220463],[-53.988103899,-31.322859418],[-53.987816916,-31.322388002],[-53.987298103,-31.322639721],[-53.987070898,-31.322618792],[-53.987012399,-31.322670691],[-53.986947935,-31.322675647],[-53.986837853,-31.322722501],[-53.986758494,-31.32280902],[-53.986753795,-31.322873],[-53.986780881,-31.322913285],[-53.986773527,-31.32293409],[-53.986733714,-31.322945493],[-53.986546723,-31.32288015],[-53.986491029,-31.322888872],[-53.986462189,-31.322904822],[-53.986364314,-31.32290932],[-53.986157397,-31.323051359],[-53.986067399,-31.323076443],[-53.985991767,-31.323121279],[-53.985968704,-31.323152811],[-53.985913354,-31.323154464],[-53.985516051,-31.323241482],[-53.985184583,-31.323187155],[-53.984885283,-31.323378228],[-53.985176162,-31.323791025]]]]}";2017-07-27;0.1442221649484536;0.1885974226804123;0.2302969072164948;0.3118051546391753;0.3422298969072165;0.3600448453608247;0.3481453608247423;0.235841237113402;0.312494010518938;0.3039927379837558;0.2197844512570474;0.2452420066005821;1;7;2017;0;True;False;False;False
2017-10-02;1;27;1;29.6;2301.8533;2269.6846;32.168755;10.4;14.5;18.8;78.8;4.5;17.6;1.2;4.6;0.01;0.0;"{""type"":""MultiPolygon"",""coordinates"":[[[[-53.985176162,-31.323791025],[-53.985379418,-31.324162499],[-53.985418878,-31.324316606],[-53.985441855,-31.324492211],[-53.985472779,-31.324524305],[-53.985519742,-31.324576306],[-53.985575034,-31.324597529],[-53.985615909,-31.324674486],[-53.985622952,-31.324747902],[-53.985663847,-31.324880587],[-53.987338761,-31.324031632],[-53.987293247,-31.323849388],[-53.98752731,-31.323220463],[-53.988103899,-31.322859418],[-53.987816916,-31.322388002],[-53.987298103,-31.322639721],[-53.987070898,-31.322618792],[-53.987012399,-31.322670691],[-53.986947935,-31.322675647],[-53.986837853,-31.322722501],[-53.986758494,-31.32280902],[-53.986753795,-31.322873],[-53.986780881,-31.322913285],[-53.986773527,-31.32293409],[-53.986733714,-31.322945493],[-53.986546723,-31.32288015],[-53.986491029,-31.322888872],[-53.986462189,-31.322904822],[-53.986364314,-31.32290932],[-53.986157397,-31.323051359],[-53.986067399,-31.323076443],[-53.985991767,-31.323121279],[-53.985968704,-31.323152811],[-53.985913354,-31.323154464],[-53.985516051,-31.323241482],[-53.985184583,-31.323187155],[-53.984885283,-31.323378228],[-53.985176162,-31.323791025]]]]}";2017-10-03;0.1388278350515464;0.1526595360824742;0.1932917525773196;0.299659793814433;0.3307649484536082;0.3475175257731959;0.3090257731958763;0.214241237113402;0.3895780205669436;0.39855889179975;0.2851759009502749;0.2922352408220502;1;10;2017;68;False;False;True;False
2017-10-02;1;27;0;25.8;13135.794;2541.8633;10593.931;10.4;14.5;18.8;78.8;4.5;17.6;1.2;4.6;0.01;0.0;"{""type"":""MultiPolygon"",""coordinates"":[[[[-53.985176162,-31.323791025],[-53.985379418,-31.324162499],[-53.985418878,-31.324316606],[-53.985441855,-31.324492211],[-53.985472779,-31.324524305],[-53.985519742,-31.324576306],[-53.985575034,-31.324597529],[-53.985615909,-31.324674486],[-53.985622952,-31.324747902],[-53.985663847,-31.324880587],[-53.987338761,-31.324031632],[-53.987293247,-31.323849388],[-53.98752731,-31.323220463],[-53.988103899,-31.322859418],[-53.987816916,-31.322388002],[-53.987298103,-31.322639721],[-53.987070898,-31.322618792],[-53.987012399,-31.322670691],[-53.986947935,-31.322675647],[-53.986837853,-31.322722501],[-53.986758494,-31.32280902],[-53.986753795,-31.322873],[-53.986780881,-31.322913285],[-53.986773527,-31.32293409],[-53.986733714,-31.322945493],[-53.986546723,-31.32288015],[-53.986491029,-31.322888872],[-53.986462189,-31.322904822],[-53.986364314,-31.32290932],[-53.986157397,-31.323051359],[-53.986067399,-31.323076443],[-53.985991767,-31.323121279],[-53.985968704,-31.323152811],[-53.985913354,-31.323154464],[-53.985516051,-31.323241482],[-53.985184583,-31.323187155],[-53.984885283,-31.323378228],[-53.985176162,-31.323791025]]]]}";2017-10-03;0.1388278350515464;0.1526595360824742;0.1932917525773196;0.299659793814433;0.3307649484536082;0.3475175257731959;0.3090257731958763;0.214241237113402;0.3895780205669436;0.39855889179975;0.2851759009502749;0.2922352408220502;1;10;2017;0;False;False;True;False
2017-11-13;1;27;1;46.4;11491.1455;8685.042;2806.103;11.3;24.61;29.5;37.43;1.46;32.31;0.0;10.4;4.96;0.0;"{""type"":""MultiPolygon"",""coordinates"":[[[[-53.985176162,-31.323791025],[-53.985379418,-31.324162499],[-53.985418878,-31.324316606],[-53.985441855,-31.324492211],[-53.985472779,-31.324524305],[-53.985519742,-31.324576306],[-53.985575034,-31.324597529],[-53.985615909,-31.324674486],[-53.985622952,-31.324747902],[-53.985663847,-31.324880587],[-53.987338761,-31.324031632],[-53.987293247,-31.323849388],[-53.98752731,-31.323220463],[-53.988103899,-31.322859418],[-53.987816916,-31.322388002],[-53.987298103,-31.322639721],[-53.987070898,-31.322618792],[-53.987012399,-31.322670691],[-53.986947935,-31.322675647],[-53.986837853,-31.322722501],[-53.986758494,-31.32280902],[-53.986753795,-31.322873],[-53.986780881,-31.322913285],[-53.986773527,-31.32293409],[-53.986733714,-31.322945493],[-53.986546723,-31.32288015],[-53.986491029,-31.322888872],[-53.986462189,-31.322904822],[-53.986364314,-31.32290932],[-53.986157397,-31.323051359],[-53.986067399,-31.323076443],[-53.985991767,-31.323121279],[-53.985968704,-31.323152811],[-53.985913354,-31.323154464],[-53.985516051,-31.323241482],[-53.985184583,-31.323187155],[-53.984885283,-31.323378228],[-53.985176162,-31.323791025]]]]}";2017-11-12;0.1391925257731958;0.1585742268041237;0.2030865979381443;0.3128391752577319;0.3468319587628866;0.371740206185567;0.3343835051546391;0.2299195876288659;0.4019614894878549;0.4165866233366558;0.2933989978155679;0.3103411529860266;1;11;2017;42;False;False;True;False
2017-11-13;1;27;0;34.4;8988.617;7129.749;1858.8683;11.3;24.61;29.5;37.43;1.46;32.31;0.0;10.4;4.96;0.0;"{""type"":""MultiPolygon"",""coordinates"":[[[[-53.985176162,-31.323791025],[-53.985379418,-31.324162499],[-53.985418878,-31.324316606],[-53.985441855,-31.324492211],[-53.985472779,-31.324524305],[-53.985519742,-31.324576306],[-53.985575034,-31.324597529],[-53.985615909,-31.324674486],[-53.985622952,-31.324747902],[-53.985663847,-31.324880587],[-53.987338761,-31.324031632],[-53.987293247,-31.323849388],[-53.98752731,-31.323220463],[-53.988103899,-31.322859418],[-53.987816916,-31.322388002],[-53.987298103,-31.322639721],[-53.987070898,-31.322618792],[-53.987012399,-31.322670691],[-53.986947935,-31.322675647],[-53.986837853,-31.322722501],[-53.986758494,-31.32280902],[-53.986753795,-31.322873],[-53.986780881,-31.322913285],[-53.986773527,-31.32293409],[-53.986733714,-31.322945493],[-53.986546723,-31.32288015],[-53.986491029,-31.322888872],[-53.986462189,-31.322904822],[-53.986364314,-31.32290932],[-53.986157397,-31.323051359],[-53.986067399,-31.323076443],[-53.985991767,-31.323121279],[-53.985968704,-31.323152811],[-53.985913354,-31.323154464],[-53.985516051,-31.323241482],[-53.985184583,-31.323187155],[-53.984885283,-31.323378228],[-53.985176162,-31.323791025]]]]}";2017-11-12;0.1391925257731958;0.1585742268041237;0.2030865979381443;0.3128391752577319;0.3468319587628866;0.371740206185567;0.3343835051546391;0.2299195876288659;0.4019614894878549;0.4165866233366558;0.2933989978155679;0.3103411529860266;1;11;2017;0;False;False;True;False
2017-12-11;1;27;0;23.4;4381.2866;4278.007;103.27969;13.9;21.58;26.5;47.93;5.81;34.17;0.0;10.2;6.98;0.0;"{""type"":""MultiPolygon"",""coordinates"":[[[[-53.985176162,-31.323791025],[-53.985379418,-31.324162499],[-53.985418878,-31.324316606],[-53.985441855,-31.324492211],[-53.985472779,-31.324524305],[-53.985519742,-31.324576306],[-53.985575034,-31.324597529],[-53.985615909,-31.324674486],[-53.985622952,-31.324747902],[-53.985663847,-31.324880587],[-53.987338761,-31.324031632],[-53.987293247,-31.323849388],[-53.98752731,-31.323220463],[-53.988103899,-31.322859418],[-53.987816916,-31.322388002],[-53.987298103,-31.322639721],[-53.987070898,-31.322618792],[-53.987012399,-31.322670691],[-53.986947935,-31.322675647],[-53.986837853,-31.322722501],[-53.986758494,-31.32280902],[-53.986753795,-31.322873],[-53.986780881,-31.322913285],[-53.986773527,-31.32293409],[-53.986733714,-31.322945493],[-53.986546723,-31.32288015],[-53.986491029,-31.322888872],[-53.986462189,-31.322904822],[-53.986364314,-31.32290932],[-53.986157397,-31.323051359],[-53.986067399,-31.323076443],[-53.985991767,-31.323121279],[-53.985968704,-31.323152811],[-53.985913354,-31.323154464],[-53.985516051,-31.323241482],[-53.985184583,-31.323187155],[-53.984885283,-31.323378228],[-53.985176162,-31.323791025]]]]}";2017-12-12;0.1510454780361757;0.189675968992248;0.2309520833333333;0.316628125;0.3500989583333333;0.3780377260981912;0.3801;0.2683052083333333;0.331790053216765;0.340432717930459;0.2415239803473203;0.2646239689142343;1;12;2017;28;False;False;False;True
2017-12-11;1;27;1;31.2;5343.5615;5228.4653;115.09608;13.9;21.58;26.5;47.93;5.81;34.17;0.0;10.2;6.98;0.0;"{""type"":""MultiPolygon"",""coordinates"":[[[[-53.985176162,-31.323791025],[-53.985379418,-31.324162499],[-53.985418878,-31.324316606],[-53.985441855,-31.324492211],[-53.985472779,-31.324524305],[-53.985519742,-31.324576306],[-53.985575034,-31.324597529],[-53.985615909,-31.324674486],[-53.985622952,-31.324747902],[-53.985663847,-31.324880587],[-53.987338761,-31.324031632],[-53.987293247,-31.323849388],[-53.98752731,-31.323220463],[-53.988103899,-31.322859418],[-53.987816916,-31.322388002],[-53.987298103,-31.322639721],[-53.987070898,-31.322618792],[-53.987012399,-31.322670691],[-53.986947935,-31.322675647],[-53.986837853,-31.322722501],[-53.986758494,-31.32280902],[-53.986753795,-31.322873],[-53.986780881,-31.322913285],[-53.986773527,-31.32293409],[-53.986733714,-31.322945493],[-53.986546723,-31.32288015],[-53.986491029,-31.322888872],[-53.986462189,-31.322904822],[-53.986364314,-31.32290932],[-53.986157397,-31.323051359],[-53.986067399,-31.323076443],[-53.985991767,-31.323121279],[-53.985968704,-31.323152811],[-53.985913354,-31.323154464],[-53.985516051,-31.323241482],[-53.985184583,-31.323187155],[-53.984885283,-31.323378228],[-53.985176162,-31.323791025]]]]}";2017-12-12;0.1510454780361757;0.189675968992248;0.2309520833333333;0.316628125;0.3500989583333333;0.3780377260981912;0.3801;0.2683052083333333;0.331790053216765;0.340432717930459;0.2415239803473203;0.2646239689142343;1;12;2017;0;False;False;False;True
2018-01-15;1;27;0;13.4;2319.998;2319.998;0.0;20.6;23.07;25.2;80.27;4.47;14.04;1.8;12.9;1.68;0.0;"{""type"":""MultiPolygon"",""coordinates"":[[[[-53.985176162,-31.323791025],[-53.985379418,-31.324162499],[-53.985418878,-31.324316606],[-53.985441855,-31.324492211],[-53.985472779,-31.324524305],[-53.985519742,-31.324576306],[-53.985575034,-31.324597529],[-53.985615909,-31.324674486],[-53.985622952,-31.324747902],[-53.985663847,-31.324880587],[-53.987338761,-31.324031632],[-53.987293247,-31.323849388],[-53.98752731,-31.323220463],[-53.988103899,-31.322859418],[-53.987816916,-31.322388002],[-53.987298103,-31.322639721],[-53.987070898,-31.322618792],[-53.987012399,-31.322670691],[-53.986947935,-31.322675647],[-53.986837853,-31.322722501],[-53.986758494,-31.32280902],[-53.986753795,-31.322873],[-53.986780881,-31.322913285],[-53.986773527,-31.32293409],[-53.986733714,-31.322945493],[-53.986546723,-31.32288015],[-53.986491029,-31.322888872],[-53.986462189,-31.322904822],[-53.986364314,-31.32290932],[-53.986157397,-31.323051359],[-53.986067399,-31.323076443],[-53.985991767,-31.323121279],[-53.985968704,-31.323152811],[-53.985913354,-31.323154464],[-53.985516051,-31.323241482],[-53.985184583,-31.323187155],[-53.984885283,-31.323378228],[-53.985176162,-31.323791025]]]]}";2018-01-11;0.1536213917525773;0.1944201030927835;0.2354082474226804;0.3186731958762887;0.3563618556701031;0.3661128865979381;0.3993773195876289;0.2801257731958763;0.3063027273379349;0.31093106343065;0.2172901861346362;0.2428393814819818;4;1;2018;35;False;False;False;True
2018-01-15;1;27;1;18.8;3935.2744;3935.2744;0.0;20.6;23.07;25.2;80.27;4.47;14.04;1.8;12.9;1.68;0.0;"{""type"":""MultiPolygon"",""coordinates"":[[[[-53.985176162,-31.323791025],[-53.985379418,-31.324162499],[-53.985418878,-31.324316606],[-53.985441855,-31.324492211],[-53.985472779,-31.324524305],[-53.985519742,-31.324576306],[-53.985575034,-31.324597529],[-53.985615909,-31.324674486],[-53.985622952,-31.324747902],[-53.985663847,-31.324880587],[-53.987338761,-31.324031632],[-53.987293247,-31.323849388],[-53.98752731,-31.323220463],[-53.988103899,-31.322859418],[-53.987816916,-31.322388002],[-53.987298103,-31.322639721],[-53.987070898,-31.322618792],[-53.987012399,-31.322670691],[-53.986947935,-31.322675647],[-53.986837853,-31.322722501],[-53.986758494,-31.32280902],[-53.986753795,-31.322873],[-53.986780881,-31.322913285],[-53.986773527,-31.32293409],[-53.986733714,-31.322945493],[-53.986546723,-31.32288015],[-53.986491029,-31.322888872],[-53.986462189,-31.322904822],[-53.986364314,-31.32290932],[-53.986157397,-31.323051359],[-53.986067399,-31.323076443],[-53.985991767,-31.323121279],[-53.985968704,-31.323152811],[-53.985913354,-31.323154464],[-53.985516051,-31.323241482],[-53.985184583,-31.323187155],[-53.984885283,-31.323378228],[-53.985176162,-31.323791025]]]]}";2018-01-11;0.1536213917525773;0.1944201030927835;0.2354082474226804;0.3186731958762887;0.3563618556701031;0.3661128865979381;0.3993773195876289;0.2801257731958763;0.3063027273379349;0.31093106343065;0.2172901861346362;0.2428393814819818;4;1;2018;0;False;False;False;True
2018-02-19;1;27;0;15.8;2581.3406;2581.3406;0.0;21.5;27.6;33.0;56.57;3.02;20.44;0.0;17.25;5.08;0.0;"{""type"":""MultiPolygon"",""coordinates"":[[[[-53.985176162,-31.323791025],[-53.985379418,-31.324162499],[-53.985418878,-31.324316606],[-53.985441855,-31.324492211],[-53.985472779,-31.324524305],[-53.985519742,-31.324576306],[-53.985575034,-31.324597529],[-53.985615909,-31.324674486],[-53.985622952,-31.324747902],[-53.985663847,-31.324880587],[-53.987338761,-31.324031632],[-53.987293247,-31.323849388],[-53.98752731,-31.323220463],[-53.988103899,-31.322859418],[-53.987816916,-31.322388002],[-53.987298103,-31.322639721],[-53.987070898,-31.322618792],[-53.987012399,-31.322670691],[-53.986947935,-31.322675647],[-53.986837853,-31.322722501],[-53.986758494,-31.32280902],[-53.986753795,-31.322873],[-53.986780881,-31.322913285],[-53.986773527,-31.32293409],[-53.986733714,-31.322945493],[-53.986546723,-31.32288015],[-53.986491029,-31.322888872],[-53.986462189,-31.322904822],[-53.986364314,-31.32290932],[-53.986157397,-31.323051359],[-53.986067399,-31.323076443],[-53.985991767,-31.323121279],[-53.985968704,-31.323152811],[-53.985913354,-31.323154464],[-53.985516051,-31.323241482],[-53.985184583,-31.323187155],[-53.984885283,-31.323378228],[-53.985176162,-31.323791025]]]]}";2018-02-17;0.1597111111111111;0.1936754521963824;0.236971875;0.3308989583333333;0.366725;0.3882232558139535;0.409828125;0.2864645833333333;0.3343327643444698;0.3596230229809094;0.2419266775431159;0.2697310785803884;2;2;2018;35;False;False;False;True
2018-02-19;1;27;1;25.0;2977.7363;2977.7363;0.0;21.5;27.6;33.0;56.57;3.02;20.44;0.0;17.25;5.08;0.0;"{""type"":""MultiPolygon"",""coordinates"":[[[[-53.985176162,-31.323791025],[-53.985379418,-31.324162499],[-53.985418878,-31.324316606],[-53.985441855,-31.324492211],[-53.985472779,-31.324524305],[-53.985519742,-31.324576306],[-53.985575034,-31.324597529],[-53.985615909,-31.324674486],[-53.985622952,-31.324747902],[-53.985663847,-31.324880587],[-53.987338761,-31.324031632],[-53.987293247,-31.323849388],[-53.98752731,-31.323220463],[-53.988103899,-31.322859418],[-53.987816916,-31.322388002],[-53.987298103,-31.322639721],[-53.987070898,-31.322618792],[-53.987012399,-31.322670691],[-53.986947935,-31.322675647],[-53.986837853,-31.322722501],[-53.986758494,-31.32280902],[-53.986753795,-31.322873],[-53.986780881,-31.322913285],[-53.986773527,-31.32293409],[-53.986733714,-31.322945493],[-53.986546723,-31.32288015],[-53.986491029,-31.322888872],[-53.986462189,-31.322904822],[-53.986364314,-31.32290932],[-53.986157397,-31.323051359],[-53.986067399,-31.323076443],[-53.985991767,-31.323121279],[-53.985968704,-31.323152811],[-53.985913354,-31.323154464],[-53.985516051,-31.323241482],[-53.985184583,-31.323187155],[-53.984885283,-31.323378228],[-53.985176162,-31.323791025]]]]}";2018-02-17;0.1597111111111111;0.1936754521963824;0.236971875;0.3308989583333333;0.366725;0.3882232558139535;0.409828125;0.2864645833333333;0.3343327643444698;0.3596230229809094;0.2419266775431159;0.2697310785803884;2;2;2018;0;False;False;False;True
2018-03-23;1;27;0;24.6;14237.739;6270.927;7966.812;15.6;25.99;30.6;54.92;3.51;22.92;0.0;13.1;4.79;0.0;"{""type"":""MultiPolygon"",""coordinates"":[[[[-53.985176162,-31.323791025],[-53.985379418,-31.324162499],[-53.985418878,-31.324316606],[-53.985441855,-31.324492211],[-53.985472779,-31.324524305],[-53.985519742,-31.324576306],[-53.985575034,-31.324597529],[-53.985615909,-31.324674486],[-53.985622952,-31.324747902],[-53.985663847,-31.324880587],[-53.987338761,-31.324031632],[-53.987293247,-31.323849388],[-53.98752731,-31.323220463],[-53.988103899,-31.322859418],[-53.987816916,-31.322388002],[-53.987298103,-31.322639721],[-53.987070898,-31.322618792],[-53.987012399,-31.322670691],[-53.986947935,-31.322675647],[-53.986837853,-31.322722501],[-53.986758494,-31.32280902],[-53.986753795,-31.322873],[-53.986780881,-31.322913285],[-53.986773527,-31.32293409],[-53.986733714,-31.322945493],[-53.986546723,-31.32288015],[-53.986491029,-31.322888872],[-53.986462189,-31.322904822],[-53.986364314,-31.32290932],[-53.986157397,-31.323051359],[-53.986067399,-31.323076443],[-53.985991767,-31.323121279],[-53.985968704,-31.323152811],[-53.985913354,-31.323154464],[-53.985516051,-31.323241482],[-53.985184583,-31.323187155],[-53.984885283,-31.323378228],[-53.985176162,-31.323791025]]]]}";2018-03-22;0.135447803617571;0.159556330749354;0.1985885416666666;0.290909375;0.3227364583333333;0.3456;0.34295;0.2390583333333333;0.3682892956615369;0.3613678786227055;0.2701480223804173;0.2776339314979222;1;3;2018;32;False;True;False;False
2018-03-23;1;27;1;27.2;5386.7886;3030.238;2356.5505;15.6;25.99;30.6;54.92;3.51;22.92;0.0;13.1;4.79;0.0;"{""type"":""MultiPolygon"",""coordinates"":[[[[-53.985176162,-31.323791025],[-53.985379418,-31.324162499],[-53.985418878,-31.324316606],[-53.985441855,-31.324492211],[-53.985472779,-31.324524305],[-53.985519742,-31.324576306],[-53.985575034,-31.324597529],[-53.985615909,-31.324674486],[-53.985622952,-31.324747902],[-53.985663847,-31.324880587],[-53.987338761,-31.324031632],[-53.987293247,-31.323849388],[-53.98752731,-31.323220463],[-53.988103899,-31.322859418],[-53.987816916,-31.322388002],[-53.987298103,-31.322639721],[-53.987070898,-31.322618792],[-53.987012399,-31.322670691],[-53.986947935,-31.322675647],[-53.986837853,-31.322722501],[-53.986758494,-31.32280902],[-53.986753795,-31.322873],[-53.986780881,-31.322913285],[-53.986773527,-31.32293409],[-53.986733714,-31.322945493],[-53.986546723,-31.32288015],[-53.986491029,-31.322888872],[-53.986462189,-31.322904822],[-53.986364314,-31.32290932],[-53.986157397,-31.323051359],[-53.986067399,-31.323076443],[-53.985991767,-31.323121279],[-53.985968704,-31.323152811],[-53.985913354,-31.323154464],[-53.985516051,-31.323241482],[-53.985184583,-31.323187155],[-53.984885283,-31.323378228],[-53.985176162,-31.323791025]]]]}";2018-03-22;0.135447803617571;0.159556330749354;0.1985885416666666;0.290909375;0.3227364583333333;0.3456;0.34295;0.2390583333333333;0.3682892956615369;0.3613678786227055;0.2701480223804173;0.2776339314979222;1;3;2018;0;False;True;False;False
2018-04-25;1;27;1;24.4;6124.151;5972.2383;151.9123;20.2;24.08;26.2;79.33;1.73;10.16;0.0;13.2;1.16;0.0;"{""type"":""MultiPolygon"",""coordinates"":[[[[-53.985176162,-31.323791025],[-53.985379418,-31.324162499],[-53.985418878,-31.324316606],[-53.985441855,-31.324492211],[-53.985472779,-31.324524305],[-53.985519742,-31.324576306],[-53.985575034,-31.324597529],[-53.985615909,-31.324674486],[-53.985622952,-31.324747902],[-53.985663847,-31.324880587],[-53.987338761,-31.324031632],[-53.987293247,-31.323849388],[-53.98752731,-31.323220463],[-53.988103899,-31.322859418],[-53.987816916,-31.322388002],[-53.987298103,-31.322639721],[-53.987070898,-31.322618792],[-53.987012399,-31.322670691],[-53.986947935,-31.322675647],[-53.986837853,-31.322722501],[-53.986758494,-31.32280902],[-53.986753795,-31.322873],[-53.986780881,-31.322913285],[-53.986773527,-31.32293409],[-53.986733714,-31.322945493],[-53.986546723,-31.32288015],[-53.986491029,-31.322888872],[-53.986462189,-31.322904822],[-53.986364314,-31.32290932],[-53.986157397,-31.323051359],[-53.986067399,-31.323076443],[-53.985991767,-31.323121279],[-53.985968704,-31.323152811],[-53.985913354,-31.323154464],[-53.985516051,-31.323241482],[-53.985184583,-31.323187155],[-53.984885283,-31.323378228],[-53.985176162,-31.323791025]]]]}";2018-04-18;0.1332237726098191;0.1445997416020671;0.182784375;0.309871875;0.3556645833333333;0.3663354005167958;0.331053125;0.2203885416666666;0.4339800507657085;0.4489464694389709;0.3342640962876443;0.3290057635893187;7;4;2018;33;False;True;False;False
2018-04-25;1;27;0;4.6;1791.4126;863.75085;927.66174;20.2;24.08;26.2;79.33;1.73;10.16;0.0;13.2;1.16;0.0;"{""type"":""MultiPolygon"",""coordinates"":[[[[-53.985176162,-31.323791025],[-53.985379418,-31.324162499],[-53.985418878,-31.324316606],[-53.985441855,-31.324492211],[-53.985472779,-31.324524305],[-53.985519742,-31.324576306],[-53.985575034,-31.324597529],[-53.985615909,-31.324674486],[-53.985622952,-31.324747902],[-53.985663847,-31.324880587],[-53.987338761,-31.324031632],[-53.987293247,-31.323849388],[-53.98752731,-31.323220463],[-53.988103899,-31.322859418],[-53.987816916,-31.322388002],[-53.987298103,-31.322639721],[-53.987070898,-31.322618792],[-53.987012399,-31.322670691],[-53.986947935,-31.322675647],[-53.986837853,-31.322722501],[-53.986758494,-31.32280902],[-53.986753795,-31.322873],[-53.986780881,-31.322913285],[-53.986773527,-31.32293409],[-53.986733714,-31.322945493],[-53.986546723,-31.32288015],[-53.986491029,-31.322888872],[-53.986462189,-31.322904822],[-53.986364314,-31.32290932],[-53.986157397,-31.323051359],[-53.986067399,-31.323076443],[-53.985991767,-31.323121279],[-53.985968704,-31.323152811],[-53.985913354,-31.323154464],[-53.985516051,-31.323241482],[-53.985184583,-31.323187155],[-53.984885283,-31.323378228],[-53.985176162,-31.323791025]]]]}";2018-04-18;0.1332237726098191;0.1445997416020671;0.182784375;0.309871875;0.3556645833333333;0.3663354005167958;0.331053125;0.2203885416666666;0.4339800507657085;0.4489464694389709;0.3342640962876443;0.3290057635893187;7;4;2018;0;False;True;False;False
2018-06-08;1;27;0;26.0;6607.685;6478.091;129.59462;3.8;11.42;14.9;66.27;3.96;13.96;0.0;;1.02;0.0;"{""type"":""MultiPolygon"",""coordinates"":[[[[-53.985176162,-31.323791025],[-53.985379418,-31.324162499],[-53.985418878,-31.324316606],[-53.985441855,-31.324492211],[-53.985472779,-31.324524305],[-53.985519742,-31.324576306],[-53.985575034,-31.324597529],[-53.985615909,-31.324674486],[-53.985622952,-31.324747902],[-53.985663847,-31.324880587],[-53.987338761,-31.324031632],[-53.987293247,-31.323849388],[-53.98752731,-31.323220463],[-53.988103899,-31.322859418],[-53.987816916,-31.322388002],[-53.987298103,-31.322639721],[-53.987070898,-31.322618792],[-53.987012399,-31.322670691],[-53.986947935,-31.322675647],[-53.986837853,-31.322722501],[-53.986758494,-31.32280902],[-53.986753795,-31.322873],[-53.986780881,-31.322913285],[-53.986773527,-31.32293409],[-53.986733714,-31.322945493],[-53.986546723,-31.32288015],[-53.986491029,-31.322888872],[-53.986462189,-31.322904822],[-53.986364314,-31.32290932],[-53.986157397,-31.323051359],[-53.986067399,-31.323076443],[-53.985991767,-31.323121279],[-53.985968704,-31.323152811],[-53.985913354,-31.323154464],[-53.985516051,-31.323241482],[-53.985184583,-31.323187155],[-53.984885283,-31.323378228],[-53.985176162,-31.323791025]]]]}";2018-06-07;0.128810824742268;0.1447623711340206;0.1802670103092783;0.2842185567010309;0.3183432989690721;0.3440201030927834;0.2948876288659793;0.2028690721649484;0.4076613677157;0.3996302262538118;0.3123347658135691;0.3022774024912445;1;6;2018;44;True;False;False;False
2018-06-08;1;27;1;30.2;5327.118;5327.118;0.0;3.8;11.42;14.9;66.27;3.96;13.96;0.0;;1.02;0.0;"{""type"":""MultiPolygon"",""coordinates"":[[[[-53.985176162,-31.323791025],[-53.985379418,-31.324162499],[-53.985418878,-31.324316606],[-53.985441855,-31.324492211],[-53.985472779,-31.324524305],[-53.985519742,-31.324576306],[-53.985575034,-31.324597529],[-53.985615909,-31.324674486],[-53.985622952,-31.324747902],[-53.985663847,-31.324880587],[-53.987338761,-31.324031632],[-53.987293247,-31.323849388],[-53.98752731,-31.323220463],[-53.988103899,-31.322859418],[-53.987816916,-31.322388002],[-53.987298103,-31.322639721],[-53.987070898,-31.322618792],[-53.987012399,-31.322670691],[-53.986947935,-31.322675647],[-53.986837853,-31.322722501],[-53.986758494,-31.32280902],[-53.986753795,-31.322873],[-53.986780881,-31.322913285],[-53.986773527,-31.32293409],[-53.986733714,-31.322945493],[-53.986546723,-31.32288015],[-53.986491029,-31.322888872],[-53.986462189,-31.322904822],[-53.986364314,-31.32290932],[-53.986157397,-31.323051359],[-53.986067399,-31.323076443],[-53.985991767,-31.323121279],[-53.985968704,-31.323152811],[-53.985913354,-31.323154464],[-53.985516051,-31.323241482],[-53.985184583,-31.323187155],[-53.984885283,-31.323378228],[-53.985176162,-31.323791025]]]]}";2018-06-07;0.128810824742268;0.1447623711340206;0.1802670103092783;0.2842185567010309;0.3183432989690721;0.3440201030927834;0.2948876288659793;0.2028690721649484;0.4076613677157;0.3996302262538118;0.3123347658135691;0.3022774024912445;1;6;2018;0;True;False;False;False
2018-08-20;1;27;0;15.4;1702.464;1687.8367;14.627376;3.5;8.27;10.4;68.64;;17.46;0.0;;0.0;0.0;"{""type"":""MultiPolygon"",""coordinates"":[[[[-53.985176162,-31.323791025],[-53.985379418,-31.324162499],[-53.985418878,-31.324316606],[-53.985441855,-31.324492211],[-53.985472779,-31.324524305],[-53.985519742,-31.324576306],[-53.985575034,-31.324597529],[-53.985615909,-31.324674486],[-53.985622952,-31.324747902],[-53.985663847,-31.324880587],[-53.987338761,-31.324031632],[-53.987293247,-31.323849388],[-53.98752731,-31.323220463],[-53.988103899,-31.322859418],[-53.987816916,-31.322388002],[-53.987298103,-31.322639721],[-53.987070898,-31.322618792],[-53.987012399,-31.322670691],[-53.986947935,-31.322675647],[-53.986837853,-31.322722501],[-53.986758494,-31.32280902],[-53.986753795,-31.322873],[-53.986780881,-31.322913285],[-53.986773527,-31.32293409],[-53.986733714,-31.322945493],[-53.986546723,-31.32288015],[-53.986491029,-31.322888872],[-53.986462189,-31.322904822],[-53.986364314,-31.32290932],[-53.986157397,-31.323051359],[-53.986067399,-31.323076443],[-53.985991767,-31.323121279],[-53.985968704,-31.323152811],[-53.985913354,-31.323154464],[-53.985516051,-31.323241482],[-53.985184583,-31.323187155],[-53.984885283,-31.323378228],[-53.985176162,-31.323791025]]]]}";2018-08-26;0.1437222222222222;0.1743953488372093;0.2116625;0.288171875;0.3135177083333333;0.3471937984496124;0.3331427083333333;0.2342604166666666;0.3312922642490897;0.3283520530289081;0.2425154710175145;0.2537200743635466;6;8;2018;73;True;False;False;False
2018-08-20;1;27;1;28.8;5444.2314;5328.1567;116.07482;3.5;8.27;10.4;68.64;;17.46;0.0;;0.0;0.0;"{""type"":""MultiPolygon"",""coordinates"":[[[[-53.985176162,-31.323791025],[-53.985379418,-31.324162499],[-53.985418878,-31.324316606],[-53.985441855,-31.324492211],[-53.985472779,-31.324524305],[-53.985519742,-31.324576306],[-53.985575034,-31.324597529],[-53.985615909,-31.324674486],[-53.985622952,-31.324747902],[-53.985663847,-31.324880587],[-53.987338761,-31.324031632],[-53.987293247,-31.323849388],[-53.98752731,-31.323220463],[-53.988103899,-31.322859418],[-53.987816916,-31.322388002],[-53.987298103,-31.322639721],[-53.987070898,-31.322618792],[-53.987012399,-31.322670691],[-53.986947935,-31.322675647],[-53.986837853,-31.322722501],[-53.986758494,-31.32280902],[-53.986753795,-31.322873],[-53.986780881,-31.322913285],[-53.986773527,-31.32293409],[-53.986733714,-31.322945493],[-53.986546723,-31.32288015],[-53.986491029,-31.322888872],[-53.986462189,-31.322904822],[-53.986364314,-31.32290932],[-53.986157397,-31.323051359],[-53.986067399,-31.323076443],[-53.985991767,-31.323121279],[-53.985968704,-31.323152811],[-53.985913354,-31.323154464],[-53.985516051,-31.323241482],[-53.985184583,-31.323187155],[-53.984885283,-31.323378228],[-53.985176162,-31.323791025]]]]}";2018-08-26;0.1437222222222222;0.1743953488372093;0.2116625;0.288171875;0.3135177083333333;0.3471937984496124;0.3331427083333333;0.2342604166666666;0.3312922642490897;0.3283520530289081;0.2425154710175145;0.2537200743635466;6;8;2018;0;True;False;False;False
2018-10-04;1;27;0;20.0;2767.2717;2717.5266;49.7451;;;;;;;;;;;"{""type"":""MultiPolygon"",""coordinates"":[[[[-53.985176162,-31.323791025],[-53.985379418,-31.324162499],[-53.985418878,-31.324316606],[-53.985441855,-31.324492211],[-53.985472779,-31.324524305],[-53.985519742,-31.324576306],[-53.985575034,-31.324597529],[-53.985615909,-31.324674486],[-53.985622952,-31.324747902],[-53.985663847,-31.324880587],[-53.987338761,-31.324031632],[-53.987293247,-31.323849388],[-53.98752731,-31.323220463],[-53.988103899,-31.322859418],[-53.987816916,-31.322388002],[-53.987298103,-31.322639721],[-53.987070898,-31.322618792],[-53.987012399,-31.322670691],[-53.986947935,-31.322675647],[-53.986837853,-31.322722501],[-53.986758494,-31.32280902],[-53.986753795,-31.322873],[-53.986780881,-31.322913285],[-53.986773527,-31.32293409],[-53.986733714,-31.322945493],[-53.986546723,-31.32288015],[-53.986491029,-31.322888872],[-53.986462189,-31.322904822],[-53.986364314,-31.32290932],[-53.986157397,-31.323051359],[-53.986067399,-31.323076443],[-53.985991767,-31.323121279],[-53.985968704,-31.323152811],[-53.985913354,-31.323154464],[-53.985516051,-31.323241482],[-53.985184583,-31.323187155],[-53.984885283,-31.323378228],[-53.985176162,-31.323791025]]]]}";2018-10-03;0.130390206185567;0.1443548969072165;0.1926474226804123;0.3217567010309278;0.3560917525773195;0.3753149484536082;0.3002278350515464;0.2022113402061855;0.444436123450704;0.456978236795528;0.3216190632637744;0.3397571075537639;1;10;2018;45;False;False;True;False
2018-10-04;1;27;1;22.0;1988.8574;1972.8667;15.990813;;;;;;;;;;;"{""type"":""MultiPolygon"",""coordinates"":[[[[-53.985176162,-31.323791025],[-53.985379418,-31.324162499],[-53.985418878,-31.324316606],[-53.985441855,-31.324492211],[-53.985472779,-31.324524305],[-53.985519742,-31.324576306],[-53.985575034,-31.324597529],[-53.985615909,-31.324674486],[-53.985622952,-31.324747902],[-53.985663847,-31.324880587],[-53.987338761,-31.324031632],[-53.987293247,-31.323849388],[-53.98752731,-31.323220463],[-53.988103899,-31.322859418],[-53.987816916,-31.322388002],[-53.987298103,-31.322639721],[-53.987070898,-31.322618792],[-53.987012399,-31.322670691],[-53.986947935,-31.322675647],[-53.986837853,-31.322722501],[-53.986758494,-31.32280902],[-53.986753795,-31.322873],[-53.986780881,-31.322913285],[-53.986773527,-31.32293409],[-53.986733714,-31.322945493],[-53.986546723,-31.32288015],[-53.986491029,-31.322888872],[-53.986462189,-31.322904822],[-53.986364314,-31.32290932],[-53.986157397,-31.323051359],[-53.986067399,-31.323076443],[-53.985991767,-31.323121279],[-53.985968704,-31.323152811],[-53.985913354,-31.323154464],[-53.985516051,-31.323241482],[-53.985184583,-31.323187155],[-53.984885283,-31.323378228],[-53.985176162,-31.323791025]]]]}";2018-10-03;0.130390206185567;0.1443548969072165;0.1926474226804123;0.3217567010309278;0.3560917525773195;0.3753149484536082;0.3002278350515464;0.2022113402061855;0.444436123450704;0.456978236795528;0.3216190632637744;0.3397571075537639;1;10;2018;0;False;False;True;False
2018-11-05;1;27;1;20.6;3406.3962;2873.4866;532.90967;14.0;20.475;28.7;68.833336;2.275;31.2215;0.0;11.35;0.84;0.0;"{""type"":""MultiPolygon"",""coordinates"":[[[[-53.985176162,-31.323791025],[-53.985379418,-31.324162499],[-53.985418878,-31.324316606],[-53.985441855,-31.324492211],[-53.985472779,-31.324524305],[-53.985519742,-31.324576306],[-53.985575034,-31.324597529],[-53.985615909,-31.324674486],[-53.985622952,-31.324747902],[-53.985663847,-31.324880587],[-53.987338761,-31.324031632],[-53.987293247,-31.323849388],[-53.98752731,-31.323220463],[-53.988103899,-31.322859418],[-53.987816916,-31.322388002],[-53.987298103,-31.322639721],[-53.987070898,-31.322618792],[-53.987012399,-31.322670691],[-53.986947935,-31.322675647],[-53.986837853,-31.322722501],[-53.986758494,-31.32280902],[-53.986753795,-31.322873],[-53.986780881,-31.322913285],[-53.986773527,-31.32293409],[-53.986733714,-31.322945493],[-53.986546723,-31.32288015],[-53.986491029,-31.322888872],[-53.986462189,-31.322904822],[-53.986364314,-31.32290932],[-53.986157397,-31.323051359],[-53.986067399,-31.323076443],[-53.985991767,-31.323121279],[-53.985968704,-31.323152811],[-53.985913354,-31.323154464],[-53.985516051,-31.323241482],[-53.985184583,-31.323187155],[-53.984885283,-31.323378228],[-53.985176162,-31.323791025]]]]}";2018-11-02;0.1338298969072165;0.1497030927835051;0.2019577319587628;0.3323350515463917;0.3703567010309278;0.3845180412371134;0.3249989690721649;0.2186443298969072;0.4395463479446425;0.4589770860570576;0.3112836328831224;0.3405678061432753;3;11;2018;32;False;False;True;False
2018-11-05;1;27;0;23.0;3700.134;3556.814;143.32018;14.0;20.475;28.7;68.833336;2.275;31.2215;0.0;11.35;0.84;0.0;"{""type"":""MultiPolygon"",""coordinates"":[[[[-53.985176162,-31.323791025],[-53.985379418,-31.324162499],[-53.985418878,-31.324316606],[-53.985441855,-31.324492211],[-53.985472779,-31.324524305],[-53.985519742,-31.324576306],[-53.985575034,-31.324597529],[-53.985615909,-31.324674486],[-53.985622952,-31.324747902],[-53.985663847,-31.324880587],[-53.987338761,-31.324031632],[-53.987293247,-31.323849388],[-53.98752731,-31.323220463],[-53.988103899,-31.322859418],[-53.987816916,-31.322388002],[-53.987298103,-31.322639721],[-53.987070898,-31.322618792],[-53.987012399,-31.322670691],[-53.986947935,-31.322675647],[-53.986837853,-31.322722501],[-53.986758494,-31.32280902],[-53.986753795,-31.322873],[-53.986780881,-31.322913285],[-53.986773527,-31.32293409],[-53.986733714,-31.322945493],[-53.986546723,-31.32288015],[-53.986491029,-31.322888872],[-53.986462189,-31.322904822],[-53.986364314,-31.32290932],[-53.986157397,-31.323051359],[-53.986067399,-31.323076443],[-53.985991767,-31.323121279],[-53.985968704,-31.323152811],[-53.985913354,-31.323154464],[-53.985516051,-31.323241482],[-53.985184583,-31.323187155],[-53.984885283,-31.323378228],[-53.985176162,-31.323791025]]]]}";2018-11-02;0.1338298969072165;0.1497030927835051;0.2019577319587628;0.3323350515463917;0.3703567010309278;0.3845180412371134;0.3249989690721649;0.2186443298969072;0.4395463479446425;0.4589770860570576;0.3112836328831224;0.3405678061432753;3;11;2018;0;False;False;True;False
2018-12-10;1;27;1;41.2;3823.045;3551.3718;271.67316;16.6;24.591667;32.4;54.208332;2.8458333;28.325657;0.0;14.5;4.32;0.0;"{""type"":""MultiPolygon"",""coordinates"":[[[[-53.985176162,-31.323791025],[-53.985379418,-31.324162499],[-53.985418878,-31.324316606],[-53.985441855,-31.324492211],[-53.985472779,-31.324524305],[-53.985519742,-31.324576306],[-53.985575034,-31.324597529],[-53.985615909,-31.324674486],[-53.985622952,-31.324747902],[-53.985663847,-31.324880587],[-53.987338761,-31.324031632],[-53.987293247,-31.323849388],[-53.98752731,-31.323220463],[-53.988103899,-31.322859418],[-53.987816916,-31.322388002],[-53.987298103,-31.322639721],[-53.987070898,-31.322618792],[-53.987012399,-31.322670691],[-53.986947935,-31.322675647],[-53.986837853,-31.322722501],[-53.986758494,-31.32280902],[-53.986753795,-31.322873],[-53.986780881,-31.322913285],[-53.986773527,-31.32293409],[-53.986733714,-31.322945493],[-53.986546723,-31.32288015],[-53.986491029,-31.322888872],[-53.986462189,-31.322904822],[-53.986364314,-31.32290932],[-53.986157397,-31.323051359],[-53.986067399,-31.323076443],[-53.985991767,-31.323121279],[-53.985968704,-31.323152811],[-53.985913354,-31.323154464],[-53.985516051,-31.323241482],[-53.985184583,-31.323187155],[-53.984885283,-31.323378228],[-53.985176162,-31.323791025]]]]}";2018-12-07;0.1380428940568475;0.1569865633074935;0.2024010416666666;0.3280041666666666;0.37013125;0.3991839793281654;0.33059375;0.2257770833333333;0.4354732900324292;0.4637019813490983;0.3271074424959613;0.3439748689869794;3;12;2018;35;False;False;False;True
2018-12-10;1;27;0;36.0;5297.331;4563.426;733.9052;16.6;24.591667;32.4;54.208332;2.8458333;28.325657;0.0;14.5;4.32;0.0;"{""type"":""MultiPolygon"",""coordinates"":[[[[-53.985176162,-31.323791025],[-53.985379418,-31.324162499],[-53.985418878,-31.324316606],[-53.985441855,-31.324492211],[-53.985472779,-31.324524305],[-53.985519742,-31.324576306],[-53.985575034,-31.324597529],[-53.985615909,-31.324674486],[-53.985622952,-31.324747902],[-53.985663847,-31.324880587],[-53.987338761,-31.324031632],[-53.987293247,-31.323849388],[-53.98752731,-31.323220463],[-53.988103899,-31.322859418],[-53.987816916,-31.322388002],[-53.987298103,-31.322639721],[-53.987070898,-31.322618792],[-53.987012399,-31.322670691],[-53.986947935,-31.322675647],[-53.986837853,-31.322722501],[-53.986758494,-31.32280902],[-53.986753795,-31.322873],[-53.986780881,-31.322913285],[-53.986773527,-31.32293409],[-53.986733714,-31.322945493],[-53.986546723,-31.32288015],[-53.986491029,-31.322888872],[-53.986462189,-31.322904822],[-53.986364314,-31.32290932],[-53.986157397,-31.323051359],[-53.986067399,-31.323076443],[-53.985991767,-31.323121279],[-53.985968704,-31.323152811],[-53.985913354,-31.323154464],[-53.985516051,-31.323241482],[-53.985184583,-31.323187155],[-53.984885283,-31.323378228],[-53.985176162,-31.323791025]]]]}";2018-12-07;0.1380428940568475;0.1569865633074935;0.2024010416666666;0.3280041666666666;0.37013125;0.3991839793281654;0.33059375;0.2257770833333333;0.4354732900324292;0.4637019813490983;0.3271074424959613;0.3439748689869794;3;12;2018;0;False;False;False;True
2019-01-14;1;27;1;46.4;6949.978;6949.978;0.0;20.9;24.233334;28.4;84.791664;3.0;18.755081;0.2;14.65;0.1;0.0;"{""type"":""MultiPolygon"",""coordinates"":[[[[-53.985176162,-31.323791025],[-53.985379418,-31.324162499],[-53.985418878,-31.324316606],[-53.985441855,-31.324492211],[-53.985472779,-31.324524305],[-53.985519742,-31.324576306],[-53.985575034,-31.324597529],[-53.985615909,-31.324674486],[-53.985622952,-31.324747902],[-53.985663847,-31.324880587],[-53.987338761,-31.324031632],[-53.987293247,-31.323849388],[-53.98752731,-31.323220463],[-53.988103899,-31.322859418],[-53.987816916,-31.322388002],[-53.987298103,-31.322639721],[-53.987070898,-31.322618792],[-53.987012399,-31.322670691],[-53.986947935,-31.322675647],[-53.986837853,-31.322722501],[-53.986758494,-31.32280902],[-53.986753795,-31.322873],[-53.986780881,-31.322913285],[-53.986773527,-31.32293409],[-53.986733714,-31.322945493],[-53.986546723,-31.32288015],[-53.986491029,-31.322888872],[-53.986462189,-31.322904822],[-53.986364314,-31.32290932],[-53.986157397,-31.323051359],[-53.986067399,-31.323076443],[-53.985991767,-31.323121279],[-53.985968704,-31.323152811],[-53.985913354,-31.323154464],[-53.985516051,-31.323241482],[-53.985184583,-31.323187155],[-53.984885283,-31.323378228],[-53.985176162,-31.323791025]]]]}";2019-01-06;0.1317744186046511;0.1406891472868217;0.1832260416666666;0.3134635416666667;0.363328125;0.3610904392764857;0.3035833333333333;0.202453125;0.4392392554252641;0.4527861365276916;0.3267665114633833;0.3300146483505967;8;1;2019;35;False;False;False;True
2019-01-14;1;27;0;13.4;2319.998;2319.998;0.0;20.9;24.233334;28.4;84.791664;3.0;18.755081;0.2;14.65;0.1;0.0;"{""type"":""MultiPolygon"",""coordinates"":[[[[-53.985176162,-31.323791025],[-53.985379418,-31.324162499],[-53.985418878,-31.324316606],[-53.985441855,-31.324492211],[-53.985472779,-31.324524305],[-53.985519742,-31.324576306],[-53.985575034,-31.324597529],[-53.985615909,-31.324674486],[-53.985622952,-31.324747902],[-53.985663847,-31.324880587],[-53.987338761,-31.324031632],[-53.987293247,-31.323849388],[-53.98752731,-31.323220463],[-53.988103899,-31.322859418],[-53.987816916,-31.322388002],[-53.987298103,-31.322639721],[-53.987070898,-31.322618792],[-53.987012399,-31.322670691],[-53.986947935,-31.322675647],[-53.986837853,-31.322722501],[-53.986758494,-31.32280902],[-53.986753795,-31.322873],[-53.986780881,-31.322913285],[-53.986773527,-31.32293409],[-53.986733714,-31.322945493],[-53.986546723,-31.32288015],[-53.986491029,-31.322888872],[-53.986462189,-31.322904822],[-53.986364314,-31.32290932],[-53.986157397,-31.323051359],[-53.986067399,-31.323076443],[-53.985991767,-31.323121279],[-53.985968704,-31.323152811],[-53.985913354,-31.323154464],[-53.985516051,-31.323241482],[-53.985184583,-31.323187155],[-53.984885283,-31.323378228],[-53.985176162,-31.323791025]]]]}";2019-01-06;0.1317744186046511;0.1406891472868217;0.1832260416666666;0.3134635416666667;0.363328125;0.3610904392764857;0.3035833333333333;0.202453125;0.4392392554252641;0.4527861365276916;0.3267665114633833;0.3300146483505967;8;1;2019;0;False;False;False;True
2019-02-18;1;27;0;38.8;4982.405;4680.1846;302.2201;17.7;23.795834;31.2;74.125;3.2083333;25.51021;0.0;14.45;2.06;0.0;"{""type"":""MultiPolygon"",""coordinates"":[[[[-53.985176162,-31.323791025],[-53.985379418,-31.324162499],[-53.985418878,-31.324316606],[-53.985441855,-31.324492211],[-53.985472779,-31.324524305],[-53.985519742,-31.324576306],[-53.985575034,-31.324597529],[-53.985615909,-31.324674486],[-53.985622952,-31.324747902],[-53.985663847,-31.324880587],[-53.987338761,-31.324031632],[-53.987293247,-31.323849388],[-53.98752731,-31.323220463],[-53.988103899,-31.322859418],[-53.987816916,-31.322388002],[-53.987298103,-31.322639721],[-53.987070898,-31.322618792],[-53.987012399,-31.322670691],[-53.986947935,-31.322675647],[-53.986837853,-31.322722501],[-53.986758494,-31.32280902],[-53.986753795,-31.322873],[-53.986780881,-31.322913285],[-53.986773527,-31.32293409],[-53.986733714,-31.322945493],[-53.986546723,-31.32288015],[-53.986491029,-31.322888872],[-53.986462189,-31.322904822],[-53.986364314,-31.32290932],[-53.986157397,-31.323051359],[-53.986067399,-31.323076443],[-53.985991767,-31.323121279],[-53.985968704,-31.323152811],[-53.985913354,-31.323154464],[-53.985516051,-31.323241482],[-53.985184583,-31.323187155],[-53.984885283,-31.323378228],[-53.985176162,-31.323791025]]]]}";2019-02-17;0.1353178294573643;0.1491077519379845;0.1991333333333333;0.331815625;0.371925;0.3809488372093023;0.299365625;0.199796875;0.4373893090250711;0.4597424980846304;0.3134306019195356;0.3376140996242397;1;2;2019;35;False;False;False;True
2019-02-18;1;27;1;37.2;4995.0967;4352.0176;643.0791;17.7;23.795834;31.2;74.125;3.2083333;25.51021;0.0;14.45;2.06;0.0;"{""type"":""MultiPolygon"",""coordinates"":[[[[-53.985176162,-31.323791025],[-53.985379418,-31.324162499],[-53.985418878,-31.324316606],[-53.985441855,-31.324492211],[-53.985472779,-31.324524305],[-53.985519742,-31.324576306],[-53.985575034,-31.324597529],[-53.985615909,-31.324674486],[-53.985622952,-31.324747902],[-53.985663847,-31.324880587],[-53.987338761,-31.324031632],[-53.987293247,-31.323849388],[-53.98752731,-31.323220463],[-53.988103899,-31.322859418],[-53.987816916,-31.322388002],[-53.987298103,-31.322639721],[-53.987070898,-31.322618792],[-53.987012399,-31.322670691],[-53.986947935,-31.322675647],[-53.986837853,-31.322722501],[-53.986758494,-31.32280902],[-53.986753795,-31.322873],[-53.986780881,-31.322913285],[-53.986773527,-31.32293409],[-53.986733714,-31.322945493],[-53.986546723,-31.32288015],[-53.986491029,-31.322888872],[-53.986462189,-31.322904822],[-53.986364314,-31.32290932],[-53.986157397,-31.323051359],[-53.986067399,-31.323076443],[-53.985991767,-31.323121279],[-53.985968704,-31.323152811],[-53.985913354,-31.323154464],[-53.985516051,-31.323241482],[-53.985184583,-31.323187155],[-53.984885283,-31.323378228],[-53.985176162,-31.323791025]]]]}";2019-02-17;0.1353178294573643;0.1491077519379845;0.1991333333333333;0.331815625;0.371925;0.3809488372093023;0.299365625;0.199796875;0.4373893090250711;0.4597424980846304;0.3134306019195356;0.3376140996242397;1;2;2019;0;False;False;False;True
2019-04-10;1;27;1;41.2;9422.587;25.216558;9397.37;15.0;21.191668;29.2;68.833336;4.225;19.95285;0.0;12.1;1.88;0.0;"{""type"":""MultiPolygon"",""coordinates"":[[[[-53.985176162,-31.323791025],[-53.985379418,-31.324162499],[-53.985418878,-31.324316606],[-53.985441855,-31.324492211],[-53.985472779,-31.324524305],[-53.985519742,-31.324576306],[-53.985575034,-31.324597529],[-53.985615909,-31.324674486],[-53.985622952,-31.324747902],[-53.985663847,-31.324880587],[-53.987338761,-31.324031632],[-53.987293247,-31.323849388],[-53.98752731,-31.323220463],[-53.988103899,-31.322859418],[-53.987816916,-31.322388002],[-53.987298103,-31.322639721],[-53.987070898,-31.322618792],[-53.987012399,-31.322670691],[-53.986947935,-31.322675647],[-53.986837853,-31.322722501],[-53.986758494,-31.32280902],[-53.986753795,-31.322873],[-53.986780881,-31.322913285],[-53.986773527,-31.32293409],[-53.986733714,-31.322945493],[-53.986546723,-31.32288015],[-53.986491029,-31.322888872],[-53.986462189,-31.322904822],[-53.986364314,-31.32290932],[-53.986157397,-31.323051359],[-53.986067399,-31.323076443],[-53.985991767,-31.323121279],[-53.985968704,-31.323152811],[-53.985913354,-31.323154464],[-53.985516051,-31.323241482],[-53.985184583,-31.323187155],[-53.984885283,-31.323378228],[-53.985176162,-31.323791025]]]]}";2019-04-11;0.3801567010309278;0.3809180412371134;0.4302494845360824;0.4551731958762886;0.4634432989690722;0.4790041237113401;0.5073381443298969;0.4481041237113402;0.1140639077260048;0.2684826912071624;0.0536205066804538;0.1081893710563331;1;4;2019;51;False;True;False;False
2019-04-10;1;27;0;23.6;3953.9495;3736.5083;217.44112;15.0;21.191668;29.2;68.833336;4.225;19.95285;0.0;12.1;1.88;0.0;"{""type"":""MultiPolygon"",""coordinates"":[[[[-53.985176162,-31.323791025],[-53.985379418,-31.324162499],[-53.985418878,-31.324316606],[-53.985441855,-31.324492211],[-53.985472779,-31.324524305],[-53.985519742,-31.324576306],[-53.985575034,-31.324597529],[-53.985615909,-31.324674486],[-53.985622952,-31.324747902],[-53.985663847,-31.324880587],[-53.987338761,-31.324031632],[-53.987293247,-31.323849388],[-53.98752731,-31.323220463],[-53.988103899,-31.322859418],[-53.987816916,-31.322388002],[-53.987298103,-31.322639721],[-53.987070898,-31.322618792],[-53.987012399,-31.322670691],[-53.986947935,-31.322675647],[-53.986837853,-31.322722501],[-53.986758494,-31.32280902],[-53.986753795,-31.322873],[-53.986780881,-31.322913285],[-53.986773527,-31.32293409],[-53.986733714,-31.322945493],[-53.986546723,-31.32288015],[-53.986491029,-31.322888872],[-53.986462189,-31.322904822],[-53.986364314,-31.32290932],[-53.986157397,-31.323051359],[-53.986067399,-31.323076443],[-53.985991767,-31.323121279],[-53.985968704,-31.323152811],[-53.985913354,-31.323154464],[-53.985516051,-31.323241482],[-53.985184583,-31.323187155],[-53.984885283,-31.323378228],[-53.985176162,-31.323791025]]]]}";2019-04-11;0.3801567010309278;0.3809180412371134;0.4302494845360824;0.4551731958762886;0.4634432989690722;0.4790041237113401;0.5073381443298969;0.4481041237113402;0.1140639077260048;0.2684826912071624;0.0536205066804538;0.1081893710563331;1;4;2019;0;False;True;False;False
2019-06-13;1;27;1;23.4;3932.2354;2212.6404;1719.5948;19.3;22.333334;28.2;73.333336;5.7458334;9.606022;0.0;13.75;0.33;0.0;"{""type"":""MultiPolygon"",""coordinates"":[[[[-53.985176162,-31.323791025],[-53.985379418,-31.324162499],[-53.985418878,-31.324316606],[-53.985441855,-31.324492211],[-53.985472779,-31.324524305],[-53.985519742,-31.324576306],[-53.985575034,-31.324597529],[-53.985615909,-31.324674486],[-53.985622952,-31.324747902],[-53.985663847,-31.324880587],[-53.987338761,-31.324031632],[-53.987293247,-31.323849388],[-53.98752731,-31.323220463],[-53.988103899,-31.322859418],[-53.987816916,-31.322388002],[-53.987298103,-31.322639721],[-53.987070898,-31.322618792],[-53.987012399,-31.322670691],[-53.986947935,-31.322675647],[-53.986837853,-31.322722501],[-53.986758494,-31.32280902],[-53.986753795,-31.322873],[-53.986780881,-31.322913285],[-53.986773527,-31.32293409],[-53.986733714,-31.322945493],[-53.986546723,-31.32288015],[-53.986491029,-31.322888872],[-53.986462189,-31.322904822],[-53.986364314,-31.32290932],[-53.986157397,-31.323051359],[-53.986067399,-31.323076443],[-53.985991767,-31.323121279],[-53.985968704,-31.323152811],[-53.985913354,-31.323154464],[-53.985516051,-31.323241482],[-53.985184583,-31.323187155],[-53.984885283,-31.323378228],[-53.985176162,-31.323791025]]]]}";2019-06-20;0.1263878552971576;0.1617465116279069;0.1990989583333333;0.2928854166666667;0.3265541666666666;0.3489607235142118;0.3139885416666667;0.2136979166666666;0.3665783427450508;0.3412504501608899;0.2734405944179011;0.2778463516093957;7;6;2019;64;True;False;False;False
2019-06-13;1;27;0;16.2;2364.058;2278.2292;85.82886;19.3;22.333334;28.2;73.333336;5.7458334;9.606022;0.0;13.75;0.33;0.0;"{""type"":""MultiPolygon"",""coordinates"":[[[[-53.985176162,-31.323791025],[-53.985379418,-31.324162499],[-53.985418878,-31.324316606],[-53.985441855,-31.324492211],[-53.985472779,-31.324524305],[-53.985519742,-31.324576306],[-53.985575034,-31.324597529],[-53.985615909,-31.324674486],[-53.985622952,-31.324747902],[-53.985663847,-31.324880587],[-53.987338761,-31.324031632],[-53.987293247,-31.323849388],[-53.98752731,-31.323220463],[-53.988103899,-31.322859418],[-53.987816916,-31.322388002],[-53.987298103,-31.322639721],[-53.987070898,-31.322618792],[-53.987012399,-31.322670691],[-53.986947935,-31.322675647],[-53.986837853,-31.322722501],[-53.986758494,-31.32280902],[-53.986753795,-31.322873],[-53.986780881,-31.322913285],[-53.986773527,-31.32293409],[-53.986733714,-31.322945493],[-53.986546723,-31.32288015],[-53.986491029,-31.322888872],[-53.986462189,-31.322904822],[-53.986364314,-31.32290932],[-53.986157397,-31.323051359],[-53.986067399,-31.323076443],[-53.985991767,-31.323121279],[-53.985968704,-31.323152811],[-53.985913354,-31.323154464],[-53.985516051,-31.323241482],[-53.985184583,-31.323187155],[-53.984885283,-31.323378228],[-53.985176162,-31.323791025]]]]}";2019-06-20;0.1263878552971576;0.1617465116279069;0.1990989583333333;0.2928854166666667;0.3265541666666666;0.3489607235142118;0.3139885416666667;0.2136979166666666;0.3665783427450508;0.3412504501608899;0.2734405944179011;0.2778463516093957;7;6;2019;0;True;False;False;False
2019-07-08;1;27;1;18.8;1712.0;1670.0;42.0;2.5;10.214286;19.9;61.285713;2.5619047;13.88923;0.0;1.2;0.41;0.0;"{""type"":""MultiPolygon"",""coordinates"":[[[[-53.985176162,-31.323791025],[-53.985379418,-31.324162499],[-53.985418878,-31.324316606],[-53.985441855,-31.324492211],[-53.985472779,-31.324524305],[-53.985519742,-31.324576306],[-53.985575034,-31.324597529],[-53.985615909,-31.324674486],[-53.985622952,-31.324747902],[-53.985663847,-31.324880587],[-53.987338761,-31.324031632],[-53.987293247,-31.323849388],[-53.98752731,-31.323220463],[-53.988103899,-31.322859418],[-53.987816916,-31.322388002],[-53.987298103,-31.322639721],[-53.987070898,-31.322618792],[-53.987012399,-31.322670691],[-53.986947935,-31.322675647],[-53.986837853,-31.322722501],[-53.986758494,-31.32280902],[-53.986753795,-31.322873],[-53.986780881,-31.322913285],[-53.986773527,-31.32293409],[-53.986733714,-31.322945493],[-53.986546723,-31.32288015],[-53.986491029,-31.322888872],[-53.986462189,-31.322904822],[-53.986364314,-31.32290932],[-53.986157397,-31.323051359],[-53.986067399,-31.323076443],[-53.985991767,-31.323121279],[-53.985968704,-31.323152811],[-53.985913354,-31.323154464],[-53.985516051,-31.323241482],[-53.985184583,-31.323187155],[-53.984885283,-31.323378228],[-53.985176162,-31.323791025]]]]}";2019-07-07;0.1307757105943152;0.1684932816537467;0.2092104166666666;0.3066197916666666;0.3410583333333333;0.3735726098191214;0.3179895833333333;0.2164760416666666;0.378329150369793;0.3652440231022343;0.282029821876535;0.2952010950221868;1;7;2019;25;True;False;False;False
2019-07-08;1;27;0;20.2;2088.8638;2053.0637;35.800198;2.5;10.214286;19.9;61.285713;2.5619047;13.88923;0.0;1.2;0.41;0.0;"{""type"":""MultiPolygon"",""coordinates"":[[[[-53.985176162,-31.323791025],[-53.985379418,-31.324162499],[-53.985418878,-31.324316606],[-53.985441855,-31.324492211],[-53.985472779,-31.324524305],[-53.985519742,-31.324576306],[-53.985575034,-31.324597529],[-53.985615909,-31.324674486],[-53.985622952,-31.324747902],[-53.985663847,-31.324880587],[-53.987338761,-31.324031632],[-53.987293247,-31.323849388],[-53.98752731,-31.323220463],[-53.988103899,-31.322859418],[-53.987816916,-31.322388002],[-53.987298103,-31.322639721],[-53.987070898,-31.322618792],[-53.987012399,-31.322670691],[-53.986947935,-31.322675647],[-53.986837853,-31.322722501],[-53.986758494,-31.32280902],[-53.986753795,-31.322873],[-53.986780881,-31.322913285],[-53.986773527,-31.32293409],[-53.986733714,-31.322945493],[-53.986546723,-31.32288015],[-53.986491029,-31.322888872],[-53.986462189,-31.322904822],[-53.986364314,-31.32290932],[-53.986157397,-31.323051359],[-53.986067399,-31.323076443],[-53.985991767,-31.323121279],[-53.985968704,-31.323152811],[-53.985913354,-31.323154464],[-53.985516051,-31.323241482],[-53.985184583,-31.323187155],[-53.984885283,-31.323378228],[-53.985176162,-31.323791025]]]]}";2019-07-07;0.1307757105943152;0.1684932816537467;0.2092104166666666;0.3066197916666666;0.3410583333333333;0.3735726098191214;0.3179895833333333;0.2164760416666666;0.378329150369793;0.3652440231022343;0.282029821876535;0.2952010950221868;1;7;2019;0;True;False;False;False
2019-08-13;1;27;1;20.0;3855.3342;3785.2185;70.11574;4.1;7.1041665;12.0;73.125;;16.861422;0.0;-1.95;0.0;0.0;"{""type"":""MultiPolygon"",""coordinates"":[[[[-53.985176162,-31.323791025],[-53.985379418,-31.324162499],[-53.985418878,-31.324316606],[-53.985441855,-31.324492211],[-53.985472779,-31.324524305],[-53.985519742,-31.324576306],[-53.985575034,-31.324597529],[-53.985615909,-31.324674486],[-53.985622952,-31.324747902],[-53.985663847,-31.324880587],[-53.987338761,-31.324031632],[-53.987293247,-31.323849388],[-53.98752731,-31.323220463],[-53.988103899,-31.322859418],[-53.987816916,-31.322388002],[-53.987298103,-31.322639721],[-53.987070898,-31.322618792],[-53.987012399,-31.322670691],[-53.986947935,-31.322675647],[-53.986837853,-31.322722501],[-53.986758494,-31.32280902],[-53.986753795,-31.322873],[-53.986780881,-31.322913285],[-53.986773527,-31.32293409],[-53.986733714,-31.322945493],[-53.986546723,-31.32288015],[-53.986491029,-31.322888872],[-53.986462189,-31.322904822],[-53.986364314,-31.32290932],[-53.986157397,-31.323051359],[-53.986067399,-31.323076443],[-53.985991767,-31.323121279],[-53.985968704,-31.323152811],[-53.985913354,-31.323154464],[-53.985516051,-31.323241482],[-53.985184583,-31.323187155],[-53.984885283,-31.323378228],[-53.985176162,-31.323791025]]]]}";2019-08-14;0.1461329896907216;0.1822005154639175;0.2172525773195876;0.2850731958762886;0.3095340206185566;0.3367087628865979;0.3364824742268041;0.2369628865979381;0.2977558002312543;0.2895767592010801;0.2156399317009169;0.2274612431729097;1;8;2019;36;True;False;False;False
2019-08-13;1;27;0;25.0;4492.3013;4417.3496;74.951416;4.1;7.1041665;12.0;73.125;;16.861422;0.0;-1.95;0.0;0.0;"{""type"":""MultiPolygon"",""coordinates"":[[[[-53.985176162,-31.323791025],[-53.985379418,-31.324162499],[-53.985418878,-31.324316606],[-53.985441855,-31.324492211],[-53.985472779,-31.324524305],[-53.985519742,-31.324576306],[-53.985575034,-31.324597529],[-53.985615909,-31.324674486],[-53.985622952,-31.324747902],[-53.985663847,-31.324880587],[-53.987338761,-31.324031632],[-53.987293247,-31.323849388],[-53.98752731,-31.323220463],[-53.988103899,-31.322859418],[-53.987816916,-31.322388002],[-53.987298103,-31.322639721],[-53.987070898,-31.322618792],[-53.987012399,-31.322670691],[-53.986947935,-31.322675647],[-53.986837853,-31.322722501],[-53.986758494,-31.32280902],[-53.986753795,-31.322873],[-53.986780881,-31.322913285],[-53.986773527,-31.32293409],[-53.986733714,-31.322945493],[-53.986546723,-31.32288015],[-53.986491029,-31.322888872],[-53.986462189,-31.322904822],[-53.986364314,-31.32290932],[-53.986157397,-31.323051359],[-53.986067399,-31.323076443],[-53.985991767,-31.323121279],[-53.985968704,-31.323152811],[-53.985913354,-31.323154464],[-53.985516051,-31.323241482],[-53.985184583,-31.323187155],[-53.984885283,-31.323378228],[-53.985176162,-31.323791025]]]]}";2019-08-14;0.1461329896907216;0.1822005154639175;0.2172525773195876;0.2850731958762886;0.3095340206185566;0.3367087628865979;0.3364824742268041;0.2369628865979381;0.2977558002312543;0.2895767592010801;0.2156399317009169;0.2274612431729097;1;8;2019;0;True;False;False;False
2016-08-09;2;7;0;7.2;942.4;0.0;942.4;8.0;12.2;18.2;75.0;2.1;14.1;0.2;6.1;0.07;0.0;"{""type"":""MultiPolygon"",""coordinates"":[[[[-53.982997546,-31.322219448],[-53.982982181,-31.323443535],[-53.984440326,-31.323362461],[-53.984652908,-31.323043632],[-53.984282333,-31.323047074],[-53.98405986,-31.322892932],[-53.984124307,-31.322657856],[-53.9843756,-31.322547409],[-53.984170774,-31.322532421],[-53.98364401,-31.32234956],[-53.98329348,-31.322076532],[-53.982997546,-31.322219448]]]]}";2016-08-14;0.1342882352941176;0.1382;0.2135617647058823;0.42475;0.4865058823529412;0.5052705882352941;0.2967441176470588;0.1928147058823529;0.570454337690831;0.6913812779064229;0.4058092576605034;0.4815216832141571;5;8;2016;0;True;False;False;False
2016-08-09;2;8;0;;1133.6887;0.0;1133.6887;8.0;12.2;18.2;75.0;2.1;14.1;0.2;6.1;0.07;0.0;"{""type"":""MultiPolygon"",""coordinates"":[[[[-53.984717009,-31.322576391],[-53.984381769,-31.322546296],[-53.984117375,-31.322659331],[-53.984054721,-31.322886121],[-53.984279725,-31.323040664],[-53.984656868,-31.323046054],[-53.984851897,-31.322752504],[-53.984717009,-31.322576391]]]]}";2016-08-14;0.1352225806451613;0.1387645161290322;0.216675;0.4183875;0.4726625;0.4919741935483871;0.299425;0.195425;0.5599936582297255;0.6738626586726699;0.3884844519047483;0.4685560966425031;5;8;2016;0;True;False;False;False
2016-08-09;2;10;1;30.2;4047.371;89.39148;3957.9795;8.0;12.2;18.2;75.0;2.1;14.1;0.2;6.1;0.07;0.0;"{""type"":""MultiPolygon"",""coordinates"":[[[[-53.985719379,-31.32242428],[-53.986552397,-31.322108373],[-53.986277044,-31.322075188],[-53.985619989,-31.321772571],[-53.985014956,-31.321369865],[-53.98487809,-31.321317653],[-53.984379384,-31.321550083],[-53.984518683,-31.321812101],[-53.984670564,-31.321895802],[-53.984802262,-31.321876601],[-53.985158798,-31.321998675],[-53.985719379,-31.32242428]]]]}";2016-08-14;0.138658064516129;0.1453774193548387;0.2232;0.4085666666666666;0.458025;0.4743075268817204;0.3073333333333333;0.2028166666666666;0.530802159265808;0.6293450639086484;0.3600069063115671;0.440655349479068;5;8;2016;0;True;False;False;False
2016-08-09;2;10;0;9.6;923.95966;0.0;923.95966;8.0;12.2;18.2;75.0;2.1;14.1;0.2;6.1;0.07;0.0;"{""type"":""MultiPolygon"",""coordinates"":[[[[-53.985719379,-31.32242428],[-53.986552397,-31.322108373],[-53.986277044,-31.322075188],[-53.985619989,-31.321772571],[-53.985014956,-31.321369865],[-53.98487809,-31.321317653],[-53.984379384,-31.321550083],[-53.984518683,-31.321812101],[-53.984670564,-31.321895802],[-53.984802262,-31.321876601],[-53.985158798,-31.321998675],[-53.985719379,-31.32242428]]]]}";2016-08-14;0.138658064516129;0.1453774193548387;0.2232;0.4085666666666666;0.458025;0.4743075268817204;0.3073333333333333;0.2028166666666666;0.530802159265808;0.6293450639086484;0.3600069063115671;0.440655349479068;5;8;2016;0;True;False;False;False
2016-08-09;2;11;0;6.2;752.4;0.0;752.4;8.0;12.2;18.2;75.0;2.1;14.1;0.2;6.1;0.07;0.0;"{""type"":""MultiPolygon"",""coordinates"":[[[[-53.986625433,-31.320478092],[-53.984874078,-31.321314942],[-53.98501266,-31.321366889],[-53.985615753,-31.321774972],[-53.985818924,-31.321879131],[-53.986283964,-31.322066695],[-53.986562999,-31.322105702],[-53.9874426,-31.321783579],[-53.987284113,-31.321531613],[-53.987113373,-31.321706655],[-53.986999767,-31.321793214],[-53.986889011,-31.321850606],[-53.986588444,-31.321738107],[-53.9865095,-31.321573554],[-53.986529217,-31.321353093],[-53.987053062,-31.321147138],[-53.986625433,-31.320478092]]]]}";2016-08-14;0.1382175879396985;0.1427829145728643;0.2278725490196078;0.4489803921568627;0.5081803921568627;0.5265467336683417;0.3177294117647059;0.2047960784313725;0.5733554760406798;0.7124615893559065;0.3958994573741223;0.4922869521944026;5;8;2016;0;True;False;False;False
2016-08-09;2;12;0;11.4;820.8;0.0;820.8;8.0;12.2;18.2;75.0;2.1;14.1;0.2;6.1;0.07;0.0;"{""type"":""MultiPolygon"",""coordinates"":[[[[-53.987280047,-31.321530171],[-53.98705264,-31.321152978],[-53.986529384,-31.321357392],[-53.986508202,-31.32157186],[-53.986591191,-31.321736795],[-53.986887381,-31.32184881],[-53.987000102,-31.321789064],[-53.987112552,-31.321699824],[-53.987280047,-31.321530171]]]]}";2016-08-14;0.1368864864864865;0.1416675675675675;0.2185333333333333;0.4128222222222222;0.4674;0.4900972972972973;0.3093777777777778;0.2025333333333333;0.5515180553832464;0.6631936013564402;0.3832235754786544;0.4617960945951431;5;8;2016;0;True;False;False;False
2016-09-12;2;28;0;18.2;2061.5645;0.0;2061.5645;12.9;16.5;21.2;83.4;4.0;5.6;5.8;10.05;0.0;0.0;"{""type"":""MultiPolygon"",""coordinates"":[[[[-53.984858341,-31.3227433],[-53.983965908,-31.322055633],[-53.984103029,-31.321881108],[-53.984129796,-31.321670297],[-53.983008854,-31.322226242],[-53.982984221,-31.322706498],[-53.982999369,-31.323454289],[-53.984437896,-31.323361618],[-53.984858341,-31.3227433]]]]}";2016-09-10;0.1187407894736842;0.1200842105263158;0.1890433333333333;0.4569483333333333;0.5456716666666667;0.5778688596491228;0.2830866666666666;0.1824883333333333;0.6558960318173506;0.8129328214259622;0.5070013619208219;0.5732085761787377;2;9;2016;0;False;False;True;False
2016-09-12;2;28;1;26.0;2588.8452;0.0;2588.8452;12.9;16.5;21.2;83.4;4.0;5.6;5.8;10.05;0.0;0.0;"{""type"":""MultiPolygon"",""coordinates"":[[[[-53.984858341,-31.3227433],[-53.983965908,-31.322055633],[-53.984103029,-31.321881108],[-53.984129796,-31.321670297],[-53.983008854,-31.322226242],[-53.982984221,-31.322706498],[-53.982999369,-31.323454289],[-53.984437896,-31.323361618],[-53.984858341,-31.3227433]]]]}";2016-09-10;0.1187407894736842;0.1200842105263158;0.1890433333333333;0.4569483333333333;0.5456716666666667;0.5778688596491228;0.2830866666666666;0.1824883333333333;0.6558960318173506;0.8129328214259622;0.5070013619208219;0.5732085761787377;2;9;2016;0;False;False;True;False
2016-11-23;2;28;1;34.6;3320.5342;0.0;3320.5342;8.9;17.8;26.0;59.3;2.0;33.7;0.2;7.45;2.65;0.0;"{""type"":""MultiPolygon"",""coordinates"":[[[[-53.984858341,-31.3227433],[-53.983965908,-31.322055633],[-53.984103029,-31.321881108],[-53.984129796,-31.321670297],[-53.983008854,-31.322226242],[-53.982984221,-31.322706498],[-53.982999369,-31.323454289],[-53.984437896,-31.323361618],[-53.984858341,-31.3227433]]]]}";2016-11-29;0.1498896551724138;0.1780698275862069;0.2447946428571428;0.3909696428571428;0.4347071428571428;0.4548060344827586;0.390575;0.2652232142857142;0.4372677542035807;0.4945064424755421;0.300187519006048;0.3664164135218881;6;11;2016;72;False;False;True;False
2016-11-23;2;28;0;10.2;1378.8;0.0;1378.8;8.9;17.8;26.0;59.3;2.0;33.7;0.2;7.45;2.65;0.0;"{""type"":""MultiPolygon"",""coordinates"":[[[[-53.984858341,-31.3227433],[-53.983965908,-31.322055633],[-53.984103029,-31.321881108],[-53.984129796,-31.321670297],[-53.983008854,-31.322226242],[-53.982984221,-31.322706498],[-53.982999369,-31.323454289],[-53.984437896,-31.323361618],[-53.984858341,-31.3227433]]]]}";2016-11-29;0.1498896551724138;0.1780698275862069;0.2447946428571428;0.3909696428571428;0.4347071428571428;0.4548060344827586;0.390575;0.2652232142857142;0.4372677542035807;0.4945064424755421;0.300187519006048;0.3664164135218881;6;11;2016;0;False;False;True;False
2016-12-29;2;28;0;8.2;678.4;0.0;678.4;20.1;23.0;27.6;83.4;3.3;12.4;10.8;13.85;0.0;0.0;"{""type"":""MultiPolygon"",""coordinates"":[[[[-53.984858341,-31.3227433],[-53.983965908,-31.322055633],[-53.984103029,-31.321881108],[-53.984129796,-31.321670297],[-53.983008854,-31.322226242],[-53.982984221,-31.322706498],[-53.982999369,-31.323454289],[-53.984437896,-31.323361618],[-53.984858341,-31.3227433]]]]}";2016-12-22;0.9976473684210526;0.9085438596491228;0.9860083333333334;0.93814;0.9091716666666668;0.958561403508772;0.6567333333333333;0.5411083333333333;0.0267888184167253;-1.7240128197375628;-0.0141146544166289;0.0316953863257364;7;12;2016;36;False;False;False;True
2016-12-29;2;28;1;13.6;1264.0;84.0;1180.0;20.1;23.0;27.6;83.4;3.3;12.4;10.8;13.85;0.0;0.0;"{""type"":""MultiPolygon"",""coordinates"":[[[[-53.984858341,-31.3227433],[-53.983965908,-31.322055633],[-53.984103029,-31.321881108],[-53.984129796,-31.321670297],[-53.983008854,-31.322226242],[-53.982984221,-31.322706498],[-53.982999369,-31.323454289],[-53.984437896,-31.323361618],[-53.984858341,-31.3227433]]]]}";2016-12-22;0.9976473684210526;0.9085438596491228;0.9860083333333334;0.93814;0.9091716666666668;0.958561403508772;0.6567333333333333;0.5411083333333333;0.0267888184167253;-1.7240128197375628;-0.0141146544166289;0.0316953863257364;7;12;2016;0;False;False;False;True
2017-01-30;2;28;0;13.6;2736.3323;0.0;2736.3323;21.1;25.6;31.5;74.8;3.7;24.2;0.0;16.3;2.64;0.0;"{""type"":""MultiPolygon"",""coordinates"":[[[[-53.984858341,-31.3227433],[-53.983965908,-31.322055633],[-53.984103029,-31.321881108],[-53.984129796,-31.321670297],[-53.983008854,-31.322226242],[-53.982984221,-31.322706498],[-53.982999369,-31.323454289],[-53.984437896,-31.323361618],[-53.984858341,-31.3227433]]]]}";2017-02-07;0.1615090517241379;0.1686068965517241;0.25045;0.5163089285714285;0.598625;0.6229801724137931;0.3988232142857142;0.2498196428571428;0.574002903377218;0.7980961607503427;0.4265139723582901;0.5276918065918634;8;1;2017;32;False;False;False;True
2017-01-30;2;28;1;18.6;8260.874;4548.2954;3712.5784;21.1;25.6;31.5;74.8;3.7;24.2;0.0;16.3;2.64;0.0;"{""type"":""MultiPolygon"",""coordinates"":[[[[-53.984858341,-31.3227433],[-53.983965908,-31.322055633],[-53.984103029,-31.321881108],[-53.984129796,-31.321670297],[-53.983008854,-31.322226242],[-53.982984221,-31.322706498],[-53.982999369,-31.323454289],[-53.984437896,-31.323361618],[-53.984858341,-31.3227433]]]]}";2017-02-07;0.1615090517241379;0.1686068965517241;0.25045;0.5163089285714285;0.598625;0.6229801724137931;0.3988232142857142;0.2498196428571428;0.574002903377218;0.7980961607503427;0.4265139723582901;0.5276918065918634;8;1;2017;0;False;False;False;True
2017-04-18;2;28;1;15.6;3405.0654;386.13205;3018.9333;12.2;16.6;23.0;83.7;4.0;13.2;0.0;7.6;0.21;0.0;"{""type"":""MultiPolygon"",""coordinates"":[[[[-53.984858341,-31.3227433],[-53.983965908,-31.322055633],[-53.984103029,-31.321881108],[-53.984129796,-31.321670297],[-53.983008854,-31.322226242],[-53.982984221,-31.322706498],[-53.982999369,-31.323454289],[-53.984437896,-31.323361618],[-53.984858341,-31.3227433]]]]}";2017-04-11;0.1276561403508772;0.1495447368421052;0.2092633333333333;0.3713633333333333;0.4221783333333334;0.4516728070175438;0.3212183333333333;0.2127433333333333;0.5025270357811926;0.542802173314178;0.3667668612515581;0.4115373095807831;7;4;2017;78;False;True;False;False
2017-04-18;2;28;0;9.0;1874.3677;0.0;1874.3677;12.2;16.6;23.0;83.7;4.0;13.2;0.0;7.6;0.21;0.0;"{""type"":""MultiPolygon"",""coordinates"":[[[[-53.984858341,-31.3227433],[-53.983965908,-31.322055633],[-53.984103029,-31.321881108],[-53.984129796,-31.321670297],[-53.983008854,-31.322226242],[-53.982984221,-31.322706498],[-53.982999369,-31.323454289],[-53.984437896,-31.323361618],[-53.984858341,-31.3227433]]]]}";2017-04-11;0.1276561403508772;0.1495447368421052;0.2092633333333333;0.3713633333333333;0.4221783333333334;0.4516728070175438;0.3212183333333333;0.2127433333333333;0.5025270357811926;0.542802173314178;0.3667668612515581;0.4115373095807831;7;4;2017;0;False;True;False;False
2017-05-19;2;28;1;14.6;2188.506;0.0;2188.506;16.1;18.1;21.2;83.6;4.7;8.5;0.4;11.65;0.08;0.0;"{""type"":""MultiPolygon"",""coordinates"":[[[[-53.984858341,-31.3227433],[-53.983965908,-31.322055633],[-53.984103029,-31.321881108],[-53.984129796,-31.321670297],[-53.983008854,-31.322226242],[-53.982984221,-31.322706498],[-53.982999369,-31.323454289],[-53.984437896,-31.323361618],[-53.984858341,-31.3227433]]]]}";2017-05-21;0.1314157894736842;0.1589938596491228;0.2188716666666666;0.3401216666666666;0.3761616666666666;0.3938859649122807;0.3114816666666666;0.215255;0.4248520109220779;0.4310798915349759;0.2856174925061954;0.3346423301837983;2;5;2017;31;False;True;False;False
2017-05-19;2;28;0;7.4;747.6;0.0;747.6;16.1;18.1;21.2;83.6;4.7;8.5;0.4;11.65;0.08;0.0;"{""type"":""MultiPolygon"",""coordinates"":[[[[-53.984858341,-31.3227433],[-53.983965908,-31.322055633],[-53.984103029,-31.321881108],[-53.984129796,-31.321670297],[-53.983008854,-31.322226242],[-53.982984221,-31.322706498],[-53.982999369,-31.323454289],[-53.984437896,-31.323361618],[-53.984858341,-31.3227433]]]]}";2017-05-21;0.1314157894736842;0.1589938596491228;0.2188716666666666;0.3401216666666666;0.3761616666666666;0.3938859649122807;0.3114816666666666;0.215255;0.4248520109220779;0.4310798915349759;0.2856174925061954;0.3346423301837983;2;5;2017;0;False;True;False;False
2017-06-26;2;28;1;13.2;1045.6;179.6;866.0;13.8;17.8;23.7;76.1;5.0;11.1;0.0;11.75;0.29;0.0;"{""type"":""MultiPolygon"",""coordinates"":[[[[-53.984858341,-31.3227433],[-53.983965908,-31.322055633],[-53.984103029,-31.321881108],[-53.984129796,-31.321670297],[-53.983008854,-31.322226242],[-53.982984221,-31.322706498],[-53.982999369,-31.323454289],[-53.984437896,-31.323361618],[-53.984858341,-31.3227433]]]]}";2017-07-02;0.1292412280701754;0.1387052631578947;0.1998166666666666;0.39964;0.4542733333333333;0.4964574561403508;0.29964;0.1994833333333333;0.5632449482830412;0.6579327324831435;0.4260402329441482;0.4727324817409669;6;6;2017;38;True;False;False;False
2017-06-26;2;28;0;15.6;1432.2548;41.627106;1390.6276;13.8;17.8;23.7;76.1;5.0;11.1;0.0;11.75;0.29;0.0;"{""type"":""MultiPolygon"",""coordinates"":[[[[-53.984858341,-31.3227433],[-53.983965908,-31.322055633],[-53.984103029,-31.321881108],[-53.984129796,-31.321670297],[-53.983008854,-31.322226242],[-53.982984221,-31.322706498],[-53.982999369,-31.323454289],[-53.984437896,-31.323361618],[-53.984858341,-31.3227433]]]]}";2017-07-02;0.1292412280701754;0.1387052631578947;0.1998166666666666;0.39964;0.4542733333333333;0.4964574561403508;0.29964;0.1994833333333333;0.5632449482830412;0.6579327324831435;0.4260402329441482;0.4727324817409669;6;6;2017;0;True;False;False;False
2017-07-26;2;28;1;17.0;2320.1038;0.0;2320.1038;16.5;18.5;22.3;84.0;3.4;9.4;0.4;12.4;0.22;0.0;"{""type"":""MultiPolygon"",""coordinates"":[[[[-53.984858341,-31.3227433],[-53.983965908,-31.322055633],[-53.984103029,-31.321881108],[-53.984129796,-31.321670297],[-53.983008854,-31.322226242],[-53.982984221,-31.322706498],[-53.982999369,-31.323454289],[-53.984437896,-31.323361618],[-53.984858341,-31.3227433]]]]}";2017-07-27;0.1308377192982456;0.1500083333333333;0.2216383333333333;0.407835;0.4609133333333333;0.4822407894736842;0.3449;0.22621;0.5254771325981875;0.5928454389665586;0.3702375133688974;0.440140490438221;1;7;2017;30;True;False;False;False
2017-07-26;2;28;0;9.4;1181.841;31.277456;1150.5636;16.5;18.5;22.3;84.0;3.4;9.4;0.4;12.4;0.22;0.0;"{""type"":""MultiPolygon"",""coordinates"":[[[[-53.984858341,-31.3227433],[-53.983965908,-31.322055633],[-53.984103029,-31.321881108],[-53.984129796,-31.321670297],[-53.983008854,-31.322226242],[-53.982984221,-31.322706498],[-53.982999369,-31.323454289],[-53.984437896,-31.323361618],[-53.984858341,-31.3227433]]]]}";2017-07-27;0.1308377192982456;0.1500083333333333;0.2216383333333333;0.407835;0.4609133333333333;0.4822407894736842;0.3449;0.22621;0.5254771325981875;0.5928454389665586;0.3702375133688974;0.440140490438221;1;7;2017;0;True;False;False;False
2017-10-02;2;28;1;17.2;2135.974;65.61874;2070.3552;10.4;14.5;18.8;78.8;4.5;17.6;1.2;4.6;0.01;0.0;"{""type"":""MultiPolygon"",""coordinates"":[[[[-53.984858341,-31.3227433],[-53.983965908,-31.322055633],[-53.984103029,-31.321881108],[-53.984129796,-31.321670297],[-53.983008854,-31.322226242],[-53.982984221,-31.322706498],[-53.982999369,-31.323454289],[-53.984437896,-31.323361618],[-53.984858341,-31.3227433]]]]}";2017-10-03;0.1384364035087719;0.1476811403508772;0.213605;0.3756683333333333;0.4206966666666666;0.4472877192982456;0.32225;0.218325;0.5035668238570646;0.5783457335780928;0.3535864633920864;0.4104316432935488;1;10;2017;68;False;False;True;False
2017-10-02;2;28;0;9.4;1289.0112;104.012436;1184.9989;10.4;14.5;18.8;78.8;4.5;17.6;1.2;4.6;0.01;0.0;"{""type"":""MultiPolygon"",""coordinates"":[[[[-53.984858341,-31.3227433],[-53.983965908,-31.322055633],[-53.984103029,-31.321881108],[-53.984129796,-31.321670297],[-53.983008854,-31.322226242],[-53.982984221,-31.322706498],[-53.982999369,-31.323454289],[-53.984437896,-31.323361618],[-53.984858341,-31.3227433]]]]}";2017-10-03;0.1384364035087719;0.1476811403508772;0.213605;0.3756683333333333;0.4206966666666666;0.4472877192982456;0.32225;0.218325;0.5035668238570646;0.5783457335780928;0.3535864633920864;0.4104316432935488;1;10;2017;0;False;False;True;False
2017-11-13;2;28;1;23.2;4632.551;880.73285;3751.818;11.3;24.61;29.5;37.43;1.46;32.31;0.0;10.4;4.96;0.0;"{""type"":""MultiPolygon"",""coordinates"":[[[[-53.984858341,-31.3227433],[-53.983965908,-31.322055633],[-53.984103029,-31.321881108],[-53.984129796,-31.321670297],[-53.983008854,-31.322226242],[-53.982984221,-31.322706498],[-53.982999369,-31.323454289],[-53.984437896,-31.323361618],[-53.984858341,-31.3227433]]]]}";2017-11-12;0.130284649122807;0.1387956140350877;0.2022283333333333;0.3963533333333333;0.4587283333333333;0.4987526315789473;0.3120516666666666;0.2059349999999999;0.5645957306292608;0.6644257430952756;0.4230133385757778;0.474648462953181;1;11;2017;42;False;False;True;False
2017-11-13;2;28;0;22.0;3720.3289;0.0;3720.3289;11.3;24.61;29.5;37.43;1.46;32.31;0.0;10.4;4.96;0.0;"{""type"":""MultiPolygon"",""coordinates"":[[[[-53.984858341,-31.3227433],[-53.983965908,-31.322055633],[-53.984103029,-31.321881108],[-53.984129796,-31.321670297],[-53.983008854,-31.322226242],[-53.982984221,-31.322706498],[-53.982999369,-31.323454289],[-53.984437896,-31.323361618],[-53.984858341,-31.3227433]]]]}";2017-11-12;0.130284649122807;0.1387956140350877;0.2022283333333333;0.3963533333333333;0.4587283333333333;0.4987526315789473;0.3120516666666666;0.2059349999999999;0.5645957306292608;0.6644257430952756;0.4230133385757778;0.474648462953181;1;11;2017;0;False;False;True;False
2017-12-11;2;28;0;13.2;3200.8955;794.07666;2406.8188;13.9;21.58;26.5;47.93;5.81;34.17;0.0;10.2;6.98;0.0;"{""type"":""MultiPolygon"",""coordinates"":[[[[-53.984858341,-31.3227433],[-53.983965908,-31.322055633],[-53.984103029,-31.321881108],[-53.984129796,-31.321670297],[-53.983008854,-31.322226242],[-53.982984221,-31.322706498],[-53.982999369,-31.323454289],[-53.984437896,-31.323361618],[-53.984858341,-31.3227433]]]]}";2017-12-12;0.1535512931034482;0.2016103448275862;0.2579357142857142;0.3645446428571428;0.4064232142857142;0.4480517241379311;0.394925;0.2702678571428571;0.3793377989617945;0.4090777505589059;0.2692909243211392;0.3215397628088615;1;12;2017;28;False;False;False;True
2018-01-15;2;28;1;23.2;2646.4888;53.9143;2592.5745;20.6;23.07;25.2;80.27;4.47;14.04;1.8;12.9;1.68;0.0;"{""type"":""MultiPolygon"",""coordinates"":[[[[-53.984858341,-31.3227433],[-53.983965908,-31.322055633],[-53.984103029,-31.321881108],[-53.984129796,-31.321670297],[-53.983008854,-31.322226242],[-53.982984221,-31.322706498],[-53.982999369,-31.323454289],[-53.984437896,-31.323361618],[-53.984858341,-31.3227433]]]]}";2018-01-11;0.1575565789473684;0.1989912280701754;0.2488683333333333;0.3462283333333333;0.3864233333333333;0.4012254385964912;0.425925;0.2976666666666666;0.3369353464465318;0.3576838170440922;0.2343617364782327;0.2757196150359539;4;1;2018;35;False;False;False;True
2018-01-15;2;28;0;10.2;1324.4;168.8;1155.6;20.6;23.07;25.2;80.27;4.47;14.04;1.8;12.9;1.68;0.0;"{""type"":""MultiPolygon"",""coordinates"":[[[[-53.984858341,-31.3227433],[-53.983965908,-31.322055633],[-53.984103029,-31.321881108],[-53.984129796,-31.321670297],[-53.983008854,-31.322226242],[-53.982984221,-31.322706498],[-53.982999369,-31.323454289],[-53.984437896,-31.323361618],[-53.984858341,-31.3227433]]]]}";2018-01-11;0.1575565789473684;0.1989912280701754;0.2488683333333333;0.3462283333333333;0.3864233333333333;0.4012254385964912;0.425925;0.2976666666666666;0.3369353464465318;0.3576838170440922;0.2343617364782327;0.2757196150359539;4;1;2018;0;False;False;False;True
2018-02-19;2;28;0;6.6;838.0;126.8;711.2;21.5;27.6;33.0;56.57;3.02;20.44;0.0;17.25;5.08;0.0;"{""type"":""MultiPolygon"",""coordinates"":[[[[-53.984858341,-31.3227433],[-53.983965908,-31.322055633],[-53.984103029,-31.321881108],[-53.984129796,-31.321670297],[-53.983008854,-31.322226242],[-53.982984221,-31.322706498],[-53.982999369,-31.323454289],[-53.984437896,-31.323361618],[-53.984858341,-31.3227433]]]]}";2018-02-17;0.1670775862068965;0.2052301724137931;0.2559107142857142;0.3562785714285714;0.3916446428571428;0.4163646551724138;0.4464232142857143;0.3158178571428571;0.3396657652035226;0.3784684233624467;0.2386729429281779;0.2823673187041235;2;2;2018;35;False;False;False;True
2018-02-19;2;28;1;15.0;2347.2512;0.0;2347.2512;21.5;27.6;33.0;56.57;3.02;20.44;0.0;17.25;5.08;0.0;"{""type"":""MultiPolygon"",""coordinates"":[[[[-53.984858341,-31.3227433],[-53.983965908,-31.322055633],[-53.984103029,-31.321881108],[-53.984129796,-31.321670297],[-53.983008854,-31.322226242],[-53.982984221,-31.322706498],[-53.982999369,-31.323454289],[-53.984437896,-31.323361618],[-53.984858341,-31.3227433]]]]}";2018-02-17;0.1670775862068965;0.2052301724137931;0.2559107142857142;0.3562785714285714;0.3916446428571428;0.4163646551724138;0.4464232142857143;0.3158178571428571;0.3396657652035226;0.3784684233624467;0.2386729429281779;0.2823673187041235;2;2;2018;0;False;False;False;True
2018-03-23;2;28;0;6.8;1228.4;384.8;843.6;15.6;25.99;30.6;54.92;3.51;22.92;0.0;13.1;4.79;0.0;"{""type"":""MultiPolygon"",""coordinates"":[[[[-53.984858341,-31.3227433],[-53.983965908,-31.322055633],[-53.984103029,-31.321881108],[-53.984129796,-31.321670297],[-53.983008854,-31.322226242],[-53.982984221,-31.322706498],[-53.982999369,-31.323454289],[-53.984437896,-31.323361618],[-53.984858341,-31.3227433]]]]}";2018-03-22;0.1436508620689655;0.1689719827586207;0.2222517857142857;0.3465964285714286;0.3860017857142857;0.4128258620689655;0.3811607142857142;0.2625767857142857;0.4191385057168956;0.4518234711392218;0.300079961906834;0.3381230797550851;1;3;2018;32;False;True;False;False
2018-03-23;2;28;1;8.0;866.4;135.2;731.2;15.6;25.99;30.6;54.92;3.51;22.92;0.0;13.1;4.79;0.0;"{""type"":""MultiPolygon"",""coordinates"":[[[[-53.984858341,-31.3227433],[-53.983965908,-31.322055633],[-53.984103029,-31.321881108],[-53.984129796,-31.321670297],[-53.983008854,-31.322226242],[-53.982984221,-31.322706498],[-53.982999369,-31.323454289],[-53.984437896,-31.323361618],[-53.984858341,-31.3227433]]]]}";2018-03-22;0.1436508620689655;0.1689719827586207;0.2222517857142857;0.3465964285714286;0.3860017857142857;0.4128258620689655;0.3811607142857142;0.2625767857142857;0.4191385057168956;0.4518234711392218;0.300079961906834;0.3381230797550851;1;3;2018;0;False;True;False;False
2018-04-25;2;28;0;8.0;1405.707;1405.707;0.0;20.2;24.08;26.2;79.33;1.73;10.16;0.0;13.2;1.16;0.0;"{""type"":""MultiPolygon"",""coordinates"":[[[[-53.984858341,-31.3227433],[-53.983965908,-31.322055633],[-53.984103029,-31.321881108],[-53.984129796,-31.321670297],[-53.983008854,-31.322226242],[-53.982984221,-31.322706498],[-53.982999369,-31.323454289],[-53.984437896,-31.323361618],[-53.984858341,-31.3227433]]]]}";2018-04-18;0.1358043103448276;0.145715948275862;0.2028;0.3879357142857143;0.4461321428571428;0.458678448275862;0.3551589285714285;0.2301321428571428;0.517811716629998;0.5952384075448311;0.3868280953715227;0.4250689350342188;7;4;2018;33;False;True;False;False
2018-04-25;2;28;1;8.4;2015.7179;1020.6858;995.03217;20.2;24.08;26.2;79.33;1.73;10.16;0.0;13.2;1.16;0.0;"{""type"":""MultiPolygon"",""coordinates"":[[[[-53.984858341,-31.3227433],[-53.983965908,-31.322055633],[-53.984103029,-31.321881108],[-53.984129796,-31.321670297],[-53.983008854,-31.322226242],[-53.982984221,-31.322706498],[-53.982999369,-31.323454289],[-53.984437896,-31.323361618],[-53.984858341,-31.3227433]]]]}";2018-04-18;0.1358043103448276;0.145715948275862;0.2028;0.3879357142857143;0.4461321428571428;0.458678448275862;0.3551589285714285;0.2301321428571428;0.517811716629998;0.5952384075448311;0.3868280953715227;0.4250689350342188;7;4;2018;0;False;True;False;False
2018-06-08;2;28;0;15.0;2618.4634;0.0;2618.4634;3.8;11.42;14.9;66.27;3.96;13.96;0.0;;1.02;0.0;"{""type"":""MultiPolygon"",""coordinates"":[[[[-53.984858341,-31.3227433],[-53.983965908,-31.322055633],[-53.984103029,-31.321881108],[-53.984129796,-31.321670297],[-53.983008854,-31.322226242],[-53.982984221,-31.322706498],[-53.982999369,-31.323454289],[-53.984437896,-31.323361618],[-53.984858341,-31.3227433]]]]}";2018-06-07;0.1312162280701754;0.145263596491228;0.204605;0.36574;0.4098983333333333;0.4431837719298245;0.314625;0.2123316666666666;0.5062817703442003;0.5597294542362181;0.368297170726;0.4105667174391333;1;6;2018;44;True;False;False;False
2018-06-08;2;28;1;7.4;1930.3754;0.0;1930.3754;3.8;11.42;14.9;66.27;3.96;13.96;0.0;;1.02;0.0;"{""type"":""MultiPolygon"",""coordinates"":[[[[-53.984858341,-31.3227433],[-53.983965908,-31.322055633],[-53.984103029,-31.321881108],[-53.984129796,-31.321670297],[-53.983008854,-31.322226242],[-53.982984221,-31.322706498],[-53.982999369,-31.323454289],[-53.984437896,-31.323361618],[-53.984858341,-31.3227433]]]]}";2018-06-07;0.1312162280701754;0.145263596491228;0.204605;0.36574;0.4098983333333333;0.4431837719298245;0.314625;0.2123316666666666;0.5062817703442003;0.5597294542362181;0.368297170726;0.4105667174391333;1;6;2018;0;True;False;False;False
2018-08-20;2;28;1;8.6;856.4;85.6;770.8;3.5;8.27;10.4;68.64;;17.46;0.0;;0.0;0.0;"{""type"":""MultiPolygon"",""coordinates"":[[[[-53.984858341,-31.3227433],[-53.983965908,-31.322055633],[-53.984103029,-31.321881108],[-53.984129796,-31.321670297],[-53.983008854,-31.322226242],[-53.982984221,-31.322706498],[-53.982999369,-31.323454289],[-53.984437896,-31.323361618],[-53.984858341,-31.3227433]]]]}";2018-08-26;0.136580172413793;0.1508728448275862;0.2264125;0.3949428571428571;0.4373660714285715;0.4833672413793103;0.3284285714285714;0.2197375;0.5242405893014787;0.6092975282987688;0.3620203936505314;0.4397143081897837;6;8;2018;73;True;False;False;False
2018-08-20;2;28;0;9.8;1491.2129;3.4690895;1487.7438;3.5;8.27;10.4;68.64;;17.46;0.0;;0.0;0.0;"{""type"":""MultiPolygon"",""coordinates"":[[[[-53.984858341,-31.3227433],[-53.983965908,-31.322055633],[-53.984103029,-31.321881108],[-53.984129796,-31.321670297],[-53.983008854,-31.322226242],[-53.982984221,-31.322706498],[-53.982999369,-31.323454289],[-53.984437896,-31.323361618],[-53.984858341,-31.3227433]]]]}";2018-08-26;0.136580172413793;0.1508728448275862;0.2264125;0.3949428571428571;0.4373660714285715;0.4833672413793103;0.3284285714285714;0.2197375;0.5242405893014787;0.6092975282987688;0.3620203936505314;0.4397143081897837;6;8;2018;0;True;False;False;False
2018-10-04;2;28;0;7.8;1191.9775;48.961636;1143.0159;;;;;;;;;;;"{""type"":""MultiPolygon"",""coordinates"":[[[[-53.984858341,-31.3227433],[-53.983965908,-31.322055633],[-53.984103029,-31.321881108],[-53.984129796,-31.321670297],[-53.983008854,-31.322226242],[-53.982984221,-31.322706498],[-53.982999369,-31.323454289],[-53.984437896,-31.323361618],[-53.984858341,-31.3227433]]]]}";2018-10-03;0.1259807017543859;0.1317706140350877;0.2101283333333333;0.4223483333333334;0.478935;0.5126719298245614;0.2910683333333333;0.1888116666666666;0.5910555090112561;0.700990138329431;0.4185715084958925;0.4992404177472446;1;10;2018;45;False;False;True;False
2018-10-04;2;28;1;28.2;3606.93;412.46106;3194.4688;;;;;;;;;;;"{""type"":""MultiPolygon"",""coordinates"":[[[[-53.984858341,-31.3227433],[-53.983965908,-31.322055633],[-53.984103029,-31.321881108],[-53.984129796,-31.321670297],[-53.983008854,-31.322226242],[-53.982984221,-31.322706498],[-53.982999369,-31.323454289],[-53.984437896,-31.323361618],[-53.984858341,-31.3227433]]]]}";2018-10-03;0.1259807017543859;0.1317706140350877;0.2101283333333333;0.4223483333333334;0.478935;0.5126719298245614;0.2910683333333333;0.1888116666666666;0.5910555090112561;0.700990138329431;0.4185715084958925;0.4992404177472446;1;10;2018;0;False;False;True;False
2018-11-05;2;28;1;30.2;3966.227;3729.9084;236.3187;14.0;20.475;28.7;68.833336;2.275;31.2215;0.0;11.35;0.84;0.0;"{""type"":""MultiPolygon"",""coordinates"":[[[[-53.984858341,-31.3227433],[-53.983965908,-31.322055633],[-53.984103029,-31.321881108],[-53.984129796,-31.321670297],[-53.983008854,-31.322226242],[-53.982984221,-31.322706498],[-53.982999369,-31.323454289],[-53.984437896,-31.323361618],[-53.984858341,-31.3227433]]]]}";2018-11-02;0.1273578947368421;0.136628947368421;0.20633;0.3872716666666667;0.4427683333333333;0.4704535087719299;0.3010316666666666;0.1989033333333333;0.5498833939723209;0.625119501376196;0.3902629206364678;0.4523031137635352;3;11;2018;32;False;False;True;False
2018-11-05;2;28;0;18.4;1943.507;0.0;1943.507;14.0;20.475;28.7;68.833336;2.275;31.2215;0.0;11.35;0.84;0.0;"{""type"":""MultiPolygon"",""coordinates"":[[[[-53.984858341,-31.3227433],[-53.983965908,-31.322055633],[-53.984103029,-31.321881108],[-53.984129796,-31.321670297],[-53.983008854,-31.322226242],[-53.982984221,-31.322706498],[-53.982999369,-31.323454289],[-53.984437896,-31.323361618],[-53.984858341,-31.3227433]]]]}";2018-11-02;0.1273578947368421;0.136628947368421;0.20633;0.3872716666666667;0.4427683333333333;0.4704535087719299;0.3010316666666666;0.1989033333333333;0.5498833939723209;0.625119501376196;0.3902629206364678;0.4523031137635352;3;11;2018;0;False;False;True;False
2018-12-10;2;28;0;16.2;2830.9607;700.482;2130.4788;16.6;24.591667;32.4;54.208332;2.8458333;28.325657;0.0;14.5;4.32;0.0;"{""type"":""MultiPolygon"",""coordinates"":[[[[-53.984858341,-31.3227433],[-53.983965908,-31.322055633],[-53.984103029,-31.321881108],[-53.984129796,-31.321670297],[-53.983008854,-31.322226242],[-53.982984221,-31.322706498],[-53.982999369,-31.323454289],[-53.984437896,-31.323361618],[-53.984858341,-31.3227433]]]]}";2018-12-07;0.1436314655172413;0.1722849137931034;0.22615;0.3585321428571428;0.4043553571428571;0.4396206896551723;0.3605553571428571;0.243;0.436890550365203;0.4787208834005337;0.3206369594998795;0.3606454203931507;3;12;2018;35;False;False;False;True
2018-12-10;2;28;1;15.0;1376.8818;0.0;1376.8818;16.6;24.591667;32.4;54.208332;2.8458333;28.325657;0.0;14.5;4.32;0.0;"{""type"":""MultiPolygon"",""coordinates"":[[[[-53.984858341,-31.3227433],[-53.983965908,-31.322055633],[-53.984103029,-31.321881108],[-53.984129796,-31.321670297],[-53.983008854,-31.322226242],[-53.982984221,-31.322706498],[-53.982999369,-31.323454289],[-53.984437896,-31.323361618],[-53.984858341,-31.3227433]]]]}";2018-12-07;0.1436314655172413;0.1722849137931034;0.22615;0.3585321428571428;0.4043553571428571;0.4396206896551723;0.3605553571428571;0.243;0.436890550365203;0.4787208834005337;0.3206369594998795;0.3606454203931507;3;12;2018;0;False;False;False;True
2019-01-14;2;28;0;10.2;1324.4;168.8;1155.6;20.9;24.233334;28.4;84.791664;3.0;18.755081;0.2;14.65;0.1;0.0;"{""type"":""MultiPolygon"",""coordinates"":[[[[-53.984858341,-31.3227433],[-53.983965908,-31.322055633],[-53.984103029,-31.321881108],[-53.984129796,-31.321670297],[-53.983008854,-31.322226242],[-53.982984221,-31.322706498],[-53.982999369,-31.323454289],[-53.984437896,-31.323361618],[-53.984858341,-31.3227433]]]]}";2019-01-06;0.1415064655172413;0.1563793103448275;0.2135357142857142;0.3646125;0.4159982142857143;0.415751724137931;0.3648125;0.2391678571428571;0.4533444231487844;0.5015985461124328;0.3213412464719851;0.3628834612341518;8;1;2019;35;False;False;False;True
2019-01-14;2;28;1;34.2;3058.2507;650.6767;2407.574;20.9;24.233334;28.4;84.791664;3.0;18.755081;0.2;14.65;0.1;0.0;"{""type"":""MultiPolygon"",""coordinates"":[[[[-53.984858341,-31.3227433],[-53.983965908,-31.322055633],[-53.984103029,-31.321881108],[-53.984129796,-31.321670297],[-53.983008854,-31.322226242],[-53.982984221,-31.322706498],[-53.982999369,-31.323454289],[-53.984437896,-31.323361618],[-53.984858341,-31.3227433]]]]}";2019-01-06;0.1415064655172413;0.1563793103448275;0.2135357142857142;0.3646125;0.4159982142857143;0.415751724137931;0.3648125;0.2391678571428571;0.4533444231487844;0.5015985461124328;0.3213412464719851;0.3628834612341518;8;1;2019;0;False;False;False;True
2019-02-18;2;28;0;4.6;1883.1016;256.76352;1626.338;17.7;23.795834;31.2;74.125;3.2083333;25.51021;0.0;14.45;2.06;0.0;"{""type"":""MultiPolygon"",""coordinates"":[[[[-53.984858341,-31.3227433],[-53.983965908,-31.322055633],[-53.984103029,-31.321881108],[-53.984129796,-31.321670297],[-53.983008854,-31.322226242],[-53.982984221,-31.322706498],[-53.982999369,-31.323454289],[-53.984437896,-31.323361618],[-53.984858341,-31.3227433]]]]}";2019-02-17;0.1454181034482758;0.1644107758620689;0.2353017857142857;0.4039232142857142;0.4515232142857143;0.4670715517241379;0.3805785714285714;0.2494607142857142;0.4792862169539513;0.5551777095564131;0.3299808715050651;0.4012357530688115;1;2;2019;35;False;False;False;True
2019-02-18;2;28;1;22.2;3233.6052;1796.2682;1437.3372;17.7;23.795834;31.2;74.125;3.2083333;25.51021;0.0;14.45;2.06;0.0;"{""type"":""MultiPolygon"",""coordinates"":[[[[-53.984858341,-31.3227433],[-53.983965908,-31.322055633],[-53.984103029,-31.321881108],[-53.984129796,-31.321670297],[-53.983008854,-31.322226242],[-53.982984221,-31.322706498],[-53.982999369,-31.323454289],[-53.984437896,-31.323361618],[-53.984858341,-31.3227433]]]]}";2019-02-17;0.1454181034482758;0.1644107758620689;0.2353017857142857;0.4039232142857142;0.4515232142857143;0.4670715517241379;0.3805785714285714;0.2494607142857142;0.4792862169539513;0.5551777095564131;0.3299808715050651;0.4012357530688115;1;2;2019;0;False;False;False;True
2019-04-10;2;28;1;12.6;2070.7827;630.85596;1439.9268;15.0;21.191668;29.2;68.833336;4.225;19.95285;0.0;12.1;1.88;0.0;"{""type"":""MultiPolygon"",""coordinates"":[[[[-53.984858341,-31.3227433],[-53.983965908,-31.322055633],[-53.984103029,-31.321881108],[-53.984129796,-31.321670297],[-53.983008854,-31.322226242],[-53.982984221,-31.322706498],[-53.982999369,-31.323454289],[-53.984437896,-31.323361618],[-53.984858341,-31.3227433]]]]}";2019-04-11;0.2706350877192982;0.2750219298245614;0.310015;0.346755;0.3619933333333333;0.3724087719298246;0.3782533333333333;0.320135;0.1504204880018318;0.2452384150080493;0.0914296577819694;0.1273107499516463;1;4;2019;51;False;True;False;False
2019-04-10;2;28;0;9.8;1825.2;702.4;1122.8;15.0;21.191668;29.2;68.833336;4.225;19.95285;0.0;12.1;1.88;0.0;"{""type"":""MultiPolygon"",""coordinates"":[[[[-53.984858341,-31.3227433],[-53.983965908,-31.322055633],[-53.984103029,-31.321881108],[-53.984129796,-31.321670297],[-53.983008854,-31.322226242],[-53.982984221,-31.322706498],[-53.982999369,-31.323454289],[-53.984437896,-31.323361618],[-53.984858341,-31.3227433]]]]}";2019-04-11;0.2706350877192982;0.2750219298245614;0.310015;0.346755;0.3619933333333333;0.3724087719298246;0.3782533333333333;0.320135;0.1504204880018318;0.2452384150080493;0.0914296577819694;0.1273107499516463;1;4;2019;0;False;True;False;False
2019-06-13;2;28;0;10.6;897.9723;0.0;897.9723;19.3;22.333334;28.2;73.333336;5.7458334;9.606022;0.0;13.75;0.33;0.0;"{""type"":""MultiPolygon"",""coordinates"":[[[[-53.984858341,-31.3227433],[-53.983965908,-31.322055633],[-53.984103029,-31.321881108],[-53.984129796,-31.321670297],[-53.983008854,-31.322226242],[-53.982984221,-31.322706498],[-53.982999369,-31.323454289],[-53.984437896,-31.323361618],[-53.984858341,-31.3227433]]]]}";2019-06-20;0.1206883620689655;0.142540948275862;0.2046607142857142;0.3668946428571428;0.4146267857142857;0.4446715517241379;0.3200035714285714;0.2106875;0.5145166416727776;0.5415479889938611;0.3696271539273578;0.4168420664519712;7;6;2019;64;True;False;False;False
2019-06-13;2;28;1;10.6;1694.0;817.6;876.4;19.3;22.333334;28.2;73.333336;5.7458334;9.606022;0.0;13.75;0.33;0.0;"{""type"":""MultiPolygon"",""coordinates"":[[[[-53.984858341,-31.3227433],[-53.983965908,-31.322055633],[-53.984103029,-31.321881108],[-53.984129796,-31.321670297],[-53.983008854,-31.322226242],[-53.982984221,-31.322706498],[-53.982999369,-31.323454289],[-53.984437896,-31.323361618],[-53.984858341,-31.3227433]]]]}";2019-06-20;0.1206883620689655;0.142540948275862;0.2046607142857142;0.3668946428571428;0.4146267857142857;0.4446715517241379;0.3200035714285714;0.2106875;0.5145166416727776;0.5415479889938611;0.3696271539273578;0.4168420664519712;7;6;2019;0;True;False;False;False
2019-07-08;2;28;0;7.6;2194.0;1142.4;1051.6;2.5;10.214286;19.9;61.285713;2.5619047;13.88923;0.0;1.2;0.41;0.0;"{""type"":""MultiPolygon"",""coordinates"":[[[[-53.984858341,-31.3227433],[-53.983965908,-31.322055633],[-53.984103029,-31.321881108],[-53.984129796,-31.321670297],[-53.983008854,-31.322226242],[-53.982984221,-31.322706498],[-53.982999369,-31.323454289],[-53.984437896,-31.323361618],[-53.984858341,-31.3227433]]]]}";2019-07-07;0.1244435344827586;0.1517443965517241;0.2138839285714285;0.3641107142857143;0.4089857142857143;0.45285;0.3238553571428572;0.2168375;0.4980291004442277;0.5264121264422992;0.3584129458367147;0.4088907263900504;1;7;2019;25;True;False;False;False
2019-07-08;2;28;1;8.2;1798.0;0.0;1798.0;2.5;10.214286;19.9;61.285713;2.5619047;13.88923;0.0;1.2;0.41;0.0;"{""type"":""MultiPolygon"",""coordinates"":[[[[-53.984858341,-31.3227433],[-53.983965908,-31.322055633],[-53.984103029,-31.321881108],[-53.984129796,-31.321670297],[-53.983008854,-31.322226242],[-53.982984221,-31.322706498],[-53.982999369,-31.323454289],[-53.984437896,-31.323361618],[-53.984858341,-31.3227433]]]]}";2019-07-07;0.1244435344827586;0.1517443965517241;0.2138839285714285;0.3641107142857143;0.4089857142857143;0.45285;0.3238553571428572;0.2168375;0.4980291004442277;0.5264121264422992;0.3584129458367147;0.4088907263900504;1;7;2019;0;True;False;False;False
2019-08-13;2;28;0;6.2;1182.8;197.6;985.2;4.1;7.1041665;12.0;73.125;;16.861422;0.0;-1.95;0.0;0.0;"{""type"":""MultiPolygon"",""coordinates"":[[[[-53.984858341,-31.3227433],[-53.983965908,-31.322055633],[-53.984103029,-31.321881108],[-53.984129796,-31.321670297],[-53.983008854,-31.322226242],[-53.982984221,-31.322706498],[-53.982999369,-31.323454289],[-53.984437896,-31.323361618],[-53.984858341,-31.3227433]]]]}";2019-08-14;0.1406328947368421;0.1674600877192982;0.223385;0.3283416666666666;0.3599783333333333;0.3949438596491228;0.3401166666666667;0.2397516666666667;0.4044846644378261;0.4228455959694812;0.2774556887842429;0.3211825960737008;1;8;2019;36;True;False;False;False
2019-08-13;2;28;1;3.6;1548.8;480.8;1068.0;4.1;7.1041665;12.0;73.125;;16.861422;0.0;-1.95;0.0;0.0;"{""type"":""MultiPolygon"",""coordinates"":[[[[-53.984858341,-31.3227433],[-53.983965908,-31.322055633],[-53.984103029,-31.321881108],[-53.984129796,-31.321670297],[-53.983008854,-31.322226242],[-53.982984221,-31.322706498],[-53.982999369,-31.323454289],[-53.984437896,-31.323361618],[-53.984858341,-31.3227433]]]]}";2019-08-14;0.1406328947368421;0.1674600877192982;0.223385;0.3283416666666666;0.3599783333333333;0.3949438596491228;0.3401166666666667;0.2397516666666667;0.4044846644378261;0.4228455959694812;0.2774556887842429;0.3211825960737008;1;8;2019;0;True;False;False;False
2016-09-12;2;29;1;20.8;2324.5273;271.8047;2052.7227;12.9;16.5;21.2;83.4;4.0;5.6;5.8;10.05;0.0;0.0;"{""type"":""MultiPolygon"",""coordinates"":[[[[-53.98485538,-31.322742281],[-53.986018253,-31.322304168],[-53.98594352,-31.322225151],[-53.985824563,-31.32217168],[-53.985758511,-31.322096701],[-53.985690778,-31.322068668],[-53.985643402,-31.32203159],[-53.985591908,-31.321941404],[-53.98551384,-31.321884675],[-53.985368898,-31.3218213],[-53.98524852,-31.321807537],[-53.985182161,-31.32161437],[-53.985082489,-31.321481422],[-53.985021902,-31.321379327],[-53.984874954,-31.321299348],[-53.984349329,-31.321559797],[-53.984130758,-31.321665732],[-53.984099422,-31.321885858],[-53.983971053,-31.322056178],[-53.98485538,-31.322742281]]]]}";2016-09-10;0.1207073170731707;0.1230798780487804;0.1938099999999999;0.4565675;0.5404375;0.5654475609756098;0.289385;0.1867325;0.6424837382714081;0.7907206134958626;0.4894749556370215;0.5582971857468634;2;9;2016;0;False;False;True;False
2016-09-12;2;29;0;19.8;2811.575;0.0;2811.575;12.9;16.5;21.2;83.4;4.0;5.6;5.8;10.05;0.0;0.0;"{""type"":""MultiPolygon"",""coordinates"":[[[[-53.98485538,-31.322742281],[-53.986018253,-31.322304168],[-53.98594352,-31.322225151],[-53.985824563,-31.32217168],[-53.985758511,-31.322096701],[-53.985690778,-31.322068668],[-53.985643402,-31.32203159],[-53.985591908,-31.321941404],[-53.98551384,-31.321884675],[-53.985368898,-31.3218213],[-53.98524852,-31.321807537],[-53.985182161,-31.32161437],[-53.985082489,-31.321481422],[-53.985021902,-31.321379327],[-53.984874954,-31.321299348],[-53.984349329,-31.321559797],[-53.984130758,-31.321665732],[-53.984099422,-31.321885858],[-53.983971053,-31.322056178],[-53.98485538,-31.322742281]]]]}";2016-09-10;0.1207073170731707;0.1230798780487804;0.1938099999999999;0.4565675;0.5404375;0.5654475609756098;0.289385;0.1867325;0.6424837382714081;0.7907206134958626;0.4894749556370215;0.5582971857468634;2;9;2016;0;False;False;True;False
2016-11-23;2;29;1;35.4;3589.3044;0.0;3589.3044;8.9;17.8;26.0;59.3;2.0;33.7;0.2;7.45;2.65;0.0;"{""type"":""MultiPolygon"",""coordinates"":[[[[-53.98485538,-31.322742281],[-53.986018253,-31.322304168],[-53.98594352,-31.322225151],[-53.985824563,-31.32217168],[-53.985758511,-31.322096701],[-53.985690778,-31.322068668],[-53.985643402,-31.32203159],[-53.985591908,-31.321941404],[-53.98551384,-31.321884675],[-53.985368898,-31.3218213],[-53.98524852,-31.321807537],[-53.985182161,-31.32161437],[-53.985082489,-31.321481422],[-53.985021902,-31.321379327],[-53.984874954,-31.321299348],[-53.984349329,-31.321559797],[-53.984130758,-31.321665732],[-53.984099422,-31.321885858],[-53.983971053,-31.322056178],[-53.98485538,-31.322742281]]]]}";2016-11-29;0.151665243902439;0.1821603658536585;0.2499175;0.3834825;0.4246875;0.4443060975609756;0.4032199999999999;0.2784925;0.4184513409998979;0.4681912976242985;0.280008628695313;0.3490726180777903;6;11;2016;72;False;False;True;False
2016-11-23;2;29;0;9.8;1773.5448;483.78305;1289.7617;8.9;17.8;26.0;59.3;2.0;33.7;0.2;7.45;2.65;0.0;"{""type"":""MultiPolygon"",""coordinates"":[[[[-53.98485538,-31.322742281],[-53.986018253,-31.322304168],[-53.98594352,-31.322225151],[-53.985824563,-31.32217168],[-53.985758511,-31.322096701],[-53.985690778,-31.322068668],[-53.985643402,-31.32203159],[-53.985591908,-31.321941404],[-53.98551384,-31.321884675],[-53.985368898,-31.3218213],[-53.98524852,-31.321807537],[-53.985182161,-31.32161437],[-53.985082489,-31.321481422],[-53.985021902,-31.321379327],[-53.984874954,-31.321299348],[-53.984349329,-31.321559797],[-53.984130758,-31.321665732],[-53.984099422,-31.321885858],[-53.983971053,-31.322056178],[-53.98485538,-31.322742281]]]]}";2016-11-29;0.151665243902439;0.1821603658536585;0.2499175;0.3834825;0.4246875;0.4443060975609756;0.4032199999999999;0.2784925;0.4184513409998979;0.4681912976242985;0.280008628695313;0.3490726180777903;6;11;2016;0;False;False;True;False
2016-12-29;2;29;0;7.6;781.2;392.0;389.2;20.1;23.0;27.6;83.4;3.3;12.4;10.8;13.85;0.0;0.0;"{""type"":""MultiPolygon"",""coordinates"":[[[[-53.98485538,-31.322742281],[-53.986018253,-31.322304168],[-53.98594352,-31.322225151],[-53.985824563,-31.32217168],[-53.985758511,-31.322096701],[-53.985690778,-31.322068668],[-53.985643402,-31.32203159],[-53.985591908,-31.321941404],[-53.98551384,-31.321884675],[-53.985368898,-31.3218213],[-53.98524852,-31.321807537],[-53.985182161,-31.32161437],[-53.985082489,-31.321481422],[-53.985021902,-31.321379327],[-53.984874954,-31.321299348],[-53.984349329,-31.321559797],[-53.984130758,-31.321665732],[-53.984099422,-31.321885858],[-53.983971053,-31.322056178],[-53.98485538,-31.322742281]]]]}";2016-12-22;0.8919634146341463;0.8587902439024391;0.9347875;0.90505;0.892385;0.8521048780487804;0.5966524999999999;0.50344;-0.0039075252292695;-0.0530381309525199;-0.0462717413577564;-0.0045357415107224;7;12;2016;36;False;False;False;True
2016-12-29;2;29;1;20.8;1698.0;1000.8;697.2;20.1;23.0;27.6;83.4;3.3;12.4;10.8;13.85;0.0;0.0;"{""type"":""MultiPolygon"",""coordinates"":[[[[-53.98485538,-31.322742281],[-53.986018253,-31.322304168],[-53.98594352,-31.322225151],[-53.985824563,-31.32217168],[-53.985758511,-31.322096701],[-53.985690778,-31.322068668],[-53.985643402,-31.32203159],[-53.985591908,-31.321941404],[-53.98551384,-31.321884675],[-53.985368898,-31.3218213],[-53.98524852,-31.321807537],[-53.985182161,-31.32161437],[-53.985082489,-31.321481422],[-53.985021902,-31.321379327],[-53.984874954,-31.321299348],[-53.984349329,-31.321559797],[-53.984130758,-31.321665732],[-53.984099422,-31.321885858],[-53.983971053,-31.322056178],[-53.98485538,-31.322742281]]]]}";2016-12-22;0.8919634146341463;0.8587902439024391;0.9347875;0.90505;0.892385;0.8521048780487804;0.5966524999999999;0.50344;-0.0039075252292695;-0.0530381309525199;-0.0462717413577564;-0.0045357415107224;7;12;2016;0;False;False;False;True
2017-01-30;2;29;0;7.2;2020.7478;0.0;2020.7478;21.1;25.6;31.5;74.8;3.7;24.2;0.0;16.3;2.64;0.0;"{""type"":""MultiPolygon"",""coordinates"":[[[[-53.98485538,-31.322742281],[-53.986018253,-31.322304168],[-53.98594352,-31.322225151],[-53.985824563,-31.32217168],[-53.985758511,-31.322096701],[-53.985690778,-31.322068668],[-53.985643402,-31.32203159],[-53.985591908,-31.321941404],[-53.98551384,-31.321884675],[-53.985368898,-31.3218213],[-53.98524852,-31.321807537],[-53.985182161,-31.32161437],[-53.985082489,-31.321481422],[-53.985021902,-31.321379327],[-53.984874954,-31.321299348],[-53.984349329,-31.321559797],[-53.984130758,-31.321665732],[-53.984099422,-31.321885858],[-53.983971053,-31.322056178],[-53.98485538,-31.322742281]]]]}";2017-02-07;0.177805487804878;0.1918134146341463;0.2714375;0.5034325;0.5727625;0.6020634146341464;0.43666;0.2815125;0.5167678220034747;0.7225750439090985;0.3785066610635713;0.4756055492144519;8;1;2017;32;False;False;False;True
2017-01-30;2;29;1;28.6;3968.2954;1226.1587;2742.1367;21.1;25.6;31.5;74.8;3.7;24.2;0.0;16.3;2.64;0.0;"{""type"":""MultiPolygon"",""coordinates"":[[[[-53.98485538,-31.322742281],[-53.986018253,-31.322304168],[-53.98594352,-31.322225151],[-53.985824563,-31.32217168],[-53.985758511,-31.322096701],[-53.985690778,-31.322068668],[-53.985643402,-31.32203159],[-53.985591908,-31.321941404],[-53.98551384,-31.321884675],[-53.985368898,-31.3218213],[-53.98524852,-31.321807537],[-53.985182161,-31.32161437],[-53.985082489,-31.321481422],[-53.985021902,-31.321379327],[-53.984874954,-31.321299348],[-53.984349329,-31.321559797],[-53.984130758,-31.321665732],[-53.984099422,-31.321885858],[-53.983971053,-31.322056178],[-53.98485538,-31.322742281]]]]}";2017-02-07;0.177805487804878;0.1918134146341463;0.2714375;0.5034325;0.5727625;0.6020634146341464;0.43666;0.2815125;0.5167678220034747;0.7225750439090985;0.3785066610635713;0.4756055492144519;8;1;2017;0;False;False;False;True
2017-04-18;2;29;0;10.6;1547.2701;0.0;1547.2701;12.2;16.6;23.0;83.7;4.0;13.2;0.0;7.6;0.21;0.0;"{""type"":""MultiPolygon"",""coordinates"":[[[[-53.98485538,-31.322742281],[-53.986018253,-31.322304168],[-53.98594352,-31.322225151],[-53.985824563,-31.32217168],[-53.985758511,-31.322096701],[-53.985690778,-31.322068668],[-53.985643402,-31.32203159],[-53.985591908,-31.321941404],[-53.98551384,-31.321884675],[-53.985368898,-31.3218213],[-53.98524852,-31.321807537],[-53.985182161,-31.32161437],[-53.985082489,-31.321481422],[-53.985021902,-31.321379327],[-53.984874954,-31.321299348],[-53.984349329,-31.321559797],[-53.984130758,-31.321665732],[-53.984099422,-31.321885858],[-53.983971053,-31.322056178],[-53.98485538,-31.322742281]]]]}";2017-04-11;0.1315878048780488;0.1581487804878048;0.219955;0.3573575;0.3986699999999999;0.4242707317073171;0.3273475;0.22004;0.4569248551040236;0.4799296930051051;0.3171492873559128;0.368787630241194;7;4;2017;78;False;True;False;False
2017-04-18;2;29;1;13.6;2789.1167;867.2989;1921.8179;12.2;16.6;23.0;83.7;4.0;13.2;0.0;7.6;0.21;0.0;"{""type"":""MultiPolygon"",""coordinates"":[[[[-53.98485538,-31.322742281],[-53.986018253,-31.322304168],[-53.98594352,-31.322225151],[-53.985824563,-31.32217168],[-53.985758511,-31.322096701],[-53.985690778,-31.322068668],[-53.985643402,-31.32203159],[-53.985591908,-31.321941404],[-53.98551384,-31.321884675],[-53.985368898,-31.3218213],[-53.98524852,-31.321807537],[-53.985182161,-31.32161437],[-53.985082489,-31.321481422],[-53.985021902,-31.321379327],[-53.984874954,-31.321299348],[-53.984349329,-31.321559797],[-53.984130758,-31.321665732],[-53.984099422,-31.321885858],[-53.983971053,-31.322056178],[-53.98485538,-31.322742281]]]]}";2017-04-11;0.1315878048780488;0.1581487804878048;0.219955;0.3573575;0.3986699999999999;0.4242707317073171;0.3273475;0.22004;0.4569248551040236;0.4799296930051051;0.3171492873559128;0.368787630241194;7;4;2017;0;False;True;False;False
2017-05-19;2;29;0;6.6;788.0;0.0;788.0;16.1;18.1;21.2;83.6;4.7;8.5;0.4;11.65;0.08;0.0;"{""type"":""MultiPolygon"",""coordinates"":[[[[-53.98485538,-31.322742281],[-53.986018253,-31.322304168],[-53.98594352,-31.322225151],[-53.985824563,-31.32217168],[-53.985758511,-31.322096701],[-53.985690778,-31.322068668],[-53.985643402,-31.32203159],[-53.985591908,-31.321941404],[-53.98551384,-31.321884675],[-53.985368898,-31.3218213],[-53.98524852,-31.321807537],[-53.985182161,-31.32161437],[-53.985082489,-31.321481422],[-53.985021902,-31.321379327],[-53.984874954,-31.321299348],[-53.984349329,-31.321559797],[-53.984130758,-31.321665732],[-53.984099422,-31.321885858],[-53.983971053,-31.322056178],[-53.98485538,-31.322742281]]]]}";2017-05-21;0.1306737804878048;0.1540548780487804;0.2241925;0.370295;0.4098475;0.423290243902439;0.3186075;0.2155925;0.4663334903458428;0.4921797826252219;0.3074950580187794;0.3748594953946184;2;5;2017;31;False;True;False;False
2017-05-19;2;29;1;11.8;1500.4791;24.598019;1475.8811;16.1;18.1;21.2;83.6;4.7;8.5;0.4;11.65;0.08;0.0;"{""type"":""MultiPolygon"",""coordinates"":[[[[-53.98485538,-31.322742281],[-53.986018253,-31.322304168],[-53.98594352,-31.322225151],[-53.985824563,-31.32217168],[-53.985758511,-31.322096701],[-53.985690778,-31.322068668],[-53.985643402,-31.32203159],[-53.985591908,-31.321941404],[-53.98551384,-31.321884675],[-53.985368898,-31.3218213],[-53.98524852,-31.321807537],[-53.985182161,-31.32161437],[-53.985082489,-31.321481422],[-53.985021902,-31.321379327],[-53.984874954,-31.321299348],[-53.984349329,-31.321559797],[-53.984130758,-31.321665732],[-53.984099422,-31.321885858],[-53.983971053,-31.322056178],[-53.98485538,-31.322742281]]]]}";2017-05-21;0.1306737804878048;0.1540548780487804;0.2241925;0.370295;0.4098475;0.423290243902439;0.3186075;0.2155925;0.4663334903458428;0.4921797826252219;0.3074950580187794;0.3748594953946184;2;5;2017;0;False;True;False;False
2017-06-26;2;29;1;9.4;1184.873;21.610023;1163.2631;13.8;17.8;23.7;76.1;5.0;11.1;0.0;11.75;0.29;0.0;"{""type"":""MultiPolygon"",""coordinates"":[[[[-53.98485538,-31.322742281],[-53.986018253,-31.322304168],[-53.98594352,-31.322225151],[-53.985824563,-31.32217168],[-53.985758511,-31.322096701],[-53.985690778,-31.322068668],[-53.985643402,-31.32203159],[-53.985591908,-31.321941404],[-53.98551384,-31.321884675],[-53.985368898,-31.3218213],[-53.98524852,-31.321807537],[-53.985182161,-31.32161437],[-53.985082489,-31.321481422],[-53.985021902,-31.321379327],[-53.984874954,-31.321299348],[-53.984349329,-31.321559797],[-53.984130758,-31.321665732],[-53.984099422,-31.321885858],[-53.983971053,-31.322056178],[-53.98485538,-31.322742281]]]]}";2017-07-02;0.1312445121951219;0.1404939024390244;0.2098975;0.4171574999999999;0.47191;0.5097664634146342;0.3073275;0.2045725;0.5678841589719691;0.6746448964750656;0.4166791428485975;0.4815508365815375;6;6;2017;38;True;False;False;False
2017-06-26;2;29;0;9.4;826.1669;0.0;826.1669;13.8;17.8;23.7;76.1;5.0;11.1;0.0;11.75;0.29;0.0;"{""type"":""MultiPolygon"",""coordinates"":[[[[-53.98485538,-31.322742281],[-53.986018253,-31.322304168],[-53.98594352,-31.322225151],[-53.985824563,-31.32217168],[-53.985758511,-31.322096701],[-53.985690778,-31.322068668],[-53.985643402,-31.32203159],[-53.985591908,-31.321941404],[-53.98551384,-31.321884675],[-53.985368898,-31.3218213],[-53.98524852,-31.321807537],[-53.985182161,-31.32161437],[-53.985082489,-31.321481422],[-53.985021902,-31.321379327],[-53.984874954,-31.321299348],[-53.984349329,-31.321559797],[-53.984130758,-31.321665732],[-53.984099422,-31.321885858],[-53.983971053,-31.322056178],[-53.98485538,-31.322742281]]]]}";2017-07-02;0.1312445121951219;0.1404939024390244;0.2098975;0.4171574999999999;0.47191;0.5097664634146342;0.3073275;0.2045725;0.5678841589719691;0.6746448964750656;0.4166791428485975;0.4815508365815375;6;6;2017;0;True;False;False;False
2017-07-26;2;29;1;17.4;2212.0537;33.820656;2178.2332;16.5;18.5;22.3;84.0;3.4;9.4;0.4;12.4;0.22;0.0;"{""type"":""MultiPolygon"",""coordinates"":[[[[-53.98485538,-31.322742281],[-53.986018253,-31.322304168],[-53.98594352,-31.322225151],[-53.985824563,-31.32217168],[-53.985758511,-31.322096701],[-53.985690778,-31.322068668],[-53.985643402,-31.32203159],[-53.985591908,-31.321941404],[-53.98551384,-31.321884675],[-53.985368898,-31.3218213],[-53.98524852,-31.321807537],[-53.985182161,-31.32161437],[-53.985082489,-31.321481422],[-53.985021902,-31.321379327],[-53.984874954,-31.321299348],[-53.984349329,-31.321559797],[-53.984130758,-31.321665732],[-53.984099422,-31.321885858],[-53.983971053,-31.322056178],[-53.98485538,-31.322742281]]]]}";2017-07-27;0.1353371951219512;0.1563835365853658;0.2377925;0.427125;0.4750925;0.4974292682926829;0.362925;0.2370225;0.5216259595449955;0.6001361402313053;0.3531407522054279;0.4433722657593884;1;7;2017;30;True;False;False;False
2017-07-26;2;29;0;5.0;749.6;7.6;742.0;16.5;18.5;22.3;84.0;3.4;9.4;0.4;12.4;0.22;0.0;"{""type"":""MultiPolygon"",""coordinates"":[[[[-53.98485538,-31.322742281],[-53.986018253,-31.322304168],[-53.98594352,-31.322225151],[-53.985824563,-31.32217168],[-53.985758511,-31.322096701],[-53.985690778,-31.322068668],[-53.985643402,-31.32203159],[-53.985591908,-31.321941404],[-53.98551384,-31.321884675],[-53.985368898,-31.3218213],[-53.98524852,-31.321807537],[-53.985182161,-31.32161437],[-53.985082489,-31.321481422],[-53.985021902,-31.321379327],[-53.984874954,-31.321299348],[-53.984349329,-31.321559797],[-53.984130758,-31.321665732],[-53.984099422,-31.321885858],[-53.983971053,-31.322056178],[-53.98485538,-31.322742281]]]]}";2017-07-27;0.1353371951219512;0.1563835365853658;0.2377925;0.427125;0.4750925;0.4974292682926829;0.362925;0.2370225;0.5216259595449955;0.6001361402313053;0.3531407522054279;0.4433722657593884;1;7;2017;0;True;False;False;False
2017-10-02;2;29;0;;682.4;42.4;640.0;10.4;14.5;18.8;78.8;4.5;17.6;1.2;4.6;0.01;0.0;"{""type"":""MultiPolygon"",""coordinates"":[[[[-53.98485538,-31.322742281],[-53.986018253,-31.322304168],[-53.98594352,-31.322225151],[-53.985824563,-31.32217168],[-53.985758511,-31.322096701],[-53.985690778,-31.322068668],[-53.985643402,-31.32203159],[-53.985591908,-31.321941404],[-53.98551384,-31.321884675],[-53.985368898,-31.3218213],[-53.98524852,-31.321807537],[-53.985182161,-31.32161437],[-53.985082489,-31.321481422],[-53.985021902,-31.321379327],[-53.984874954,-31.321299348],[-53.984349329,-31.321559797],[-53.984130758,-31.321665732],[-53.984099422,-31.321885858],[-53.983971053,-31.322056178],[-53.98485538,-31.322742281]]]]}";2017-10-03;0.1385408536585366;0.1469676829268292;0.21685;0.3882875;0.43453;0.4582524390243902;0.3211375;0.216545;0.5143331241102562;0.5981634232710384;0.3575789762709904;0.4224743332776111;1;10;2017;68;False;False;True;False
2017-10-02;2;29;1;22.2;1050.9662;2.05991;1048.9062;10.4;14.5;18.8;78.8;4.5;17.6;1.2;4.6;0.01;0.0;"{""type"":""MultiPolygon"",""coordinates"":[[[[-53.98485538,-31.322742281],[-53.986018253,-31.322304168],[-53.98594352,-31.322225151],[-53.985824563,-31.32217168],[-53.985758511,-31.322096701],[-53.985690778,-31.322068668],[-53.985643402,-31.32203159],[-53.985591908,-31.321941404],[-53.98551384,-31.321884675],[-53.985368898,-31.3218213],[-53.98524852,-31.321807537],[-53.985182161,-31.32161437],[-53.985082489,-31.321481422],[-53.985021902,-31.321379327],[-53.984874954,-31.321299348],[-53.984349329,-31.321559797],[-53.984130758,-31.321665732],[-53.984099422,-31.321885858],[-53.983971053,-31.322056178],[-53.98485538,-31.322742281]]]]}";2017-10-03;0.1385408536585366;0.1469676829268292;0.21685;0.3882875;0.43453;0.4582524390243902;0.3211375;0.216545;0.5143331241102562;0.5981634232710384;0.3575789762709904;0.4224743332776111;1;10;2017;0;False;False;True;False
2017-11-13;2;29;1;18.8;3780.2566;712.00726;3068.2493;11.3;24.61;29.5;37.43;1.46;32.31;0.0;10.4;4.96;0.0;"{""type"":""MultiPolygon"",""coordinates"":[[[[-53.98485538,-31.322742281],[-53.986018253,-31.322304168],[-53.98594352,-31.322225151],[-53.985824563,-31.32217168],[-53.985758511,-31.322096701],[-53.985690778,-31.322068668],[-53.985643402,-31.32203159],[-53.985591908,-31.321941404],[-53.98551384,-31.321884675],[-53.985368898,-31.3218213],[-53.98524852,-31.321807537],[-53.985182161,-31.32161437],[-53.985082489,-31.321481422],[-53.985021902,-31.321379327],[-53.984874954,-31.321299348],[-53.984349329,-31.321559797],[-53.984130758,-31.321665732],[-53.984099422,-31.321885858],[-53.983971053,-31.322056178],[-53.98485538,-31.322742281]]]]}";2017-11-12;0.1353439024390244;0.1480073170731707;0.2151974999999999;0.3977175;0.453605;0.4909634146341464;0.3351825;0.222405;0.5367320920077259;0.6286183825232181;0.3905142707834764;0.4516658172333601;1;11;2017;42;False;False;True;False
2017-11-13;2;29;0;13.4;3608.898;638.51495;2970.383;11.3;24.61;29.5;37.43;1.46;32.31;0.0;10.4;4.96;0.0;"{""type"":""MultiPolygon"",""coordinates"":[[[[-53.98485538,-31.322742281],[-53.986018253,-31.322304168],[-53.98594352,-31.322225151],[-53.985824563,-31.32217168],[-53.985758511,-31.322096701],[-53.985690778,-31.322068668],[-53.985643402,-31.32203159],[-53.985591908,-31.321941404],[-53.98551384,-31.321884675],[-53.985368898,-31.3218213],[-53.98524852,-31.321807537],[-53.985182161,-31.32161437],[-53.985082489,-31.321481422],[-53.985021902,-31.321379327],[-53.984874954,-31.321299348],[-53.984349329,-31.321559797],[-53.984130758,-31.321665732],[-53.984099422,-31.321885858],[-53.983971053,-31.322056178],[-53.98485538,-31.322742281]]]]}";2017-11-12;0.1353439024390244;0.1480073170731707;0.2151974999999999;0.3977175;0.453605;0.4909634146341464;0.3351825;0.222405;0.5367320920077259;0.6286183825232181;0.3905142707834764;0.4516658172333601;1;11;2017;0;False;False;True;False
2017-12-11;2;29;0;10.0;2176.4;521.2;1655.2;13.9;21.58;26.5;47.93;5.81;34.17;0.0;10.2;6.98;0.0;"{""type"":""MultiPolygon"",""coordinates"":[[[[-53.98485538,-31.322742281],[-53.986018253,-31.322304168],[-53.98594352,-31.322225151],[-53.985824563,-31.32217168],[-53.985758511,-31.322096701],[-53.985690778,-31.322068668],[-53.985643402,-31.32203159],[-53.985591908,-31.321941404],[-53.98551384,-31.321884675],[-53.985368898,-31.3218213],[-53.98524852,-31.321807537],[-53.985182161,-31.32161437],[-53.985082489,-31.321481422],[-53.985021902,-31.321379327],[-53.984874954,-31.321299348],[-53.984349329,-31.321559797],[-53.984130758,-31.321665732],[-53.984099422,-31.321885858],[-53.983971053,-31.322056178],[-53.98485538,-31.322742281]]]]}";2017-12-12;0.1589201219512195;0.2104719512195121;0.2642625;0.3537425;0.3913875;0.4296268292682926;0.4326524999999999;0.3041625;0.3423766529937261;0.3651223965724937;0.2383151351277725;0.2883366973978506;1;12;2017;28;False;False;False;True
2018-01-15;2;29;0;6.4;1139.2367;0.0;1139.2367;20.6;23.07;25.2;80.27;4.47;14.04;1.8;12.9;1.68;0.0;"{""type"":""MultiPolygon"",""coordinates"":[[[[-53.98485538,-31.322742281],[-53.986018253,-31.322304168],[-53.98594352,-31.322225151],[-53.985824563,-31.32217168],[-53.985758511,-31.322096701],[-53.985690778,-31.322068668],[-53.985643402,-31.32203159],[-53.985591908,-31.321941404],[-53.98551384,-31.321884675],[-53.985368898,-31.3218213],[-53.98524852,-31.321807537],[-53.985182161,-31.32161437],[-53.985082489,-31.321481422],[-53.985021902,-31.321379327],[-53.984874954,-31.321299348],[-53.984349329,-31.321559797],[-53.984130758,-31.321665732],[-53.984099422,-31.321885858],[-53.983971053,-31.322056178],[-53.98485538,-31.322742281]]]]}";2018-01-11;0.1604109756097561;0.2026786585365853;0.25196;0.3456525;0.385525;0.3992817073170732;0.4514649999999999;0.3218025;0.3266046403265752;0.3480263370932052;0.2262166345641403;0.2676181306596061;4;1;2018;35;False;False;False;True
2018-01-15;2;29;1;19.4;2484.1453;819.9699;1664.1754;20.6;23.07;25.2;80.27;4.47;14.04;1.8;12.9;1.68;0.0;"{""type"":""MultiPolygon"",""coordinates"":[[[[-53.98485538,-31.322742281],[-53.986018253,-31.322304168],[-53.98594352,-31.322225151],[-53.985824563,-31.32217168],[-53.985758511,-31.322096701],[-53.985690778,-31.322068668],[-53.985643402,-31.32203159],[-53.985591908,-31.321941404],[-53.98551384,-31.321884675],[-53.985368898,-31.3218213],[-53.98524852,-31.321807537],[-53.985182161,-31.32161437],[-53.985082489,-31.321481422],[-53.985021902,-31.321379327],[-53.984874954,-31.321299348],[-53.984349329,-31.321559797],[-53.984130758,-31.321665732],[-53.984099422,-31.321885858],[-53.983971053,-31.322056178],[-53.98485538,-31.322742281]]]]}";2018-01-11;0.1604109756097561;0.2026786585365853;0.25196;0.3456525;0.385525;0.3992817073170732;0.4514649999999999;0.3218025;0.3266046403265752;0.3480263370932052;0.2262166345641403;0.2676181306596061;4;1;2018;0;False;False;False;True
2018-02-19;2;29;0;4.0;726.4;158.8;567.6;21.5;27.6;33.0;56.57;3.02;20.44;0.0;17.25;5.08;0.0;"{""type"":""MultiPolygon"",""coordinates"":[[[[-53.98485538,-31.322742281],[-53.986018253,-31.322304168],[-53.98594352,-31.322225151],[-53.985824563,-31.32217168],[-53.985758511,-31.322096701],[-53.985690778,-31.322068668],[-53.985643402,-31.32203159],[-53.985591908,-31.321941404],[-53.98551384,-31.321884675],[-53.985368898,-31.3218213],[-53.98524852,-31.321807537],[-53.985182161,-31.32161437],[-53.985082489,-31.321481422],[-53.985021902,-31.321379327],[-53.984874954,-31.321299348],[-53.984349329,-31.321559797],[-53.984130758,-31.321665732],[-53.984099422,-31.321885858],[-53.983971053,-31.322056178],[-53.98485538,-31.322742281]]]]}";2018-02-17;0.1708158536585366;0.2092908536585365;0.2602975;0.3605275;0.3978224999999999;0.4208243902439024;0.47736;0.3468;0.3357061087354326;0.3789699454542833;0.2356801220797931;0.2807680956345376;2;2;2018;35;False;False;False;True
2018-02-19;2;29;1;11.2;780.6367;0.0;780.6367;21.5;27.6;33.0;56.57;3.02;20.44;0.0;17.25;5.08;0.0;"{""type"":""MultiPolygon"",""coordinates"":[[[[-53.98485538,-31.322742281],[-53.986018253,-31.322304168],[-53.98594352,-31.322225151],[-53.985824563,-31.32217168],[-53.985758511,-31.322096701],[-53.985690778,-31.322068668],[-53.985643402,-31.32203159],[-53.985591908,-31.321941404],[-53.98551384,-31.321884675],[-53.985368898,-31.3218213],[-53.98524852,-31.321807537],[-53.985182161,-31.32161437],[-53.985082489,-31.321481422],[-53.985021902,-31.321379327],[-53.984874954,-31.321299348],[-53.984349329,-31.321559797],[-53.984130758,-31.321665732],[-53.984099422,-31.321885858],[-53.983971053,-31.322056178],[-53.98485538,-31.322742281]]]]}";2018-02-17;0.1708158536585366;0.2092908536585365;0.2602975;0.3605275;0.3978224999999999;0.4208243902439024;0.47736;0.3468;0.3357061087354326;0.3789699454542833;0.2356801220797931;0.2807680956345376;2;2;2018;0;False;False;False;True
2018-03-23;2;29;1;13.2;1474.0;779.6;694.4;15.6;25.99;30.6;54.92;3.51;22.92;0.0;13.1;4.79;0.0;"{""type"":""MultiPolygon"",""coordinates"":[[[[-53.98485538,-31.322742281],[-53.986018253,-31.322304168],[-53.98594352,-31.322225151],[-53.985824563,-31.32217168],[-53.985758511,-31.322096701],[-53.985690778,-31.322068668],[-53.985643402,-31.32203159],[-53.985591908,-31.321941404],[-53.98551384,-31.321884675],[-53.985368898,-31.3218213],[-53.98524852,-31.321807537],[-53.985182161,-31.32161437],[-53.985082489,-31.321481422],[-53.985021902,-31.321379327],[-53.984874954,-31.321299348],[-53.984349329,-31.321559797],[-53.984130758,-31.321665732],[-53.984099422,-31.321885858],[-53.983971053,-31.322056178],[-53.98485538,-31.322742281]]]]}";2018-03-22;0.1460231707317073;0.1739762195121951;0.2247324999999999;0.34152;0.3802574999999999;0.4052292682926829;0.4039975;0.28778;0.3992590775631464;0.4270087555625813;0.2865201943633243;0.3214212465471155;1;3;2018;32;False;True;False;False
2018-03-23;2;29;0;7.8;2173.6;1252.8;920.8;15.6;25.99;30.6;54.92;3.51;22.92;0.0;13.1;4.79;0.0;"{""type"":""MultiPolygon"",""coordinates"":[[[[-53.98485538,-31.322742281],[-53.986018253,-31.322304168],[-53.98594352,-31.322225151],[-53.985824563,-31.32217168],[-53.985758511,-31.322096701],[-53.985690778,-31.322068668],[-53.985643402,-31.32203159],[-53.985591908,-31.321941404],[-53.98551384,-31.321884675],[-53.985368898,-31.3218213],[-53.98524852,-31.321807537],[-53.985182161,-31.32161437],[-53.985082489,-31.321481422],[-53.985021902,-31.321379327],[-53.984874954,-31.321299348],[-53.984349329,-31.321559797],[-53.984130758,-31.321665732],[-53.984099422,-31.321885858],[-53.983971053,-31.322056178],[-53.98485538,-31.322742281]]]]}";2018-03-22;0.1460231707317073;0.1739762195121951;0.2247324999999999;0.34152;0.3802574999999999;0.4052292682926829;0.4039975;0.28778;0.3992590775631464;0.4270087555625813;0.2865201943633243;0.3214212465471155;1;3;2018;0;False;True;False;False
2018-04-25;2;29;1;14.2;1547.6042;713.3588;834.2454;20.2;24.08;26.2;79.33;1.73;10.16;0.0;13.2;1.16;0.0;"{""type"":""MultiPolygon"",""coordinates"":[[[[-53.98485538,-31.322742281],[-53.986018253,-31.322304168],[-53.98594352,-31.322225151],[-53.985824563,-31.32217168],[-53.985758511,-31.322096701],[-53.985690778,-31.322068668],[-53.985643402,-31.32203159],[-53.985591908,-31.321941404],[-53.98551384,-31.321884675],[-53.985368898,-31.3218213],[-53.98524852,-31.321807537],[-53.985182161,-31.32161437],[-53.985082489,-31.321481422],[-53.985021902,-31.321379327],[-53.984874954,-31.321299348],[-53.984349329,-31.321559797],[-53.984130758,-31.321665732],[-53.984099422,-31.321885858],[-53.983971053,-31.322056178],[-53.98485538,-31.322742281]]]]}";2018-04-18;0.1382518292682927;0.1495091463414634;0.207085;0.3899875;0.4488149999999999;0.4592987804878048;0.37661;0.25078;0.508846255927968;0.5869607160145524;0.3784812714126683;0.4190847124878674;7;4;2018;33;False;True;False;False
2018-04-25;2;29;0;4.6;703.42975;338.70935;364.7204;20.2;24.08;26.2;79.33;1.73;10.16;0.0;13.2;1.16;0.0;"{""type"":""MultiPolygon"",""coordinates"":[[[[-53.98485538,-31.322742281],[-53.986018253,-31.322304168],[-53.98594352,-31.322225151],[-53.985824563,-31.32217168],[-53.985758511,-31.322096701],[-53.985690778,-31.322068668],[-53.985643402,-31.32203159],[-53.985591908,-31.321941404],[-53.98551384,-31.321884675],[-53.985368898,-31.3218213],[-53.98524852,-31.321807537],[-53.985182161,-31.32161437],[-53.985082489,-31.321481422],[-53.985021902,-31.321379327],[-53.984874954,-31.321299348],[-53.984349329,-31.321559797],[-53.984130758,-31.321665732],[-53.984099422,-31.321885858],[-53.983971053,-31.322056178],[-53.98485538,-31.322742281]]]]}";2018-04-18;0.1382518292682927;0.1495091463414634;0.207085;0.3899875;0.4488149999999999;0.4592987804878048;0.37661;0.25078;0.508846255927968;0.5869607160145524;0.3784812714126683;0.4190847124878674;7;4;2018;0;False;True;False;False
2018-06-08;2;29;1;11.8;1480.4;635.2;845.2;3.8;11.42;14.9;66.27;3.96;13.96;0.0;;1.02;0.0;"{""type"":""MultiPolygon"",""coordinates"":[[[[-53.98485538,-31.322742281],[-53.986018253,-31.322304168],[-53.98594352,-31.322225151],[-53.985824563,-31.32217168],[-53.985758511,-31.322096701],[-53.985690778,-31.322068668],[-53.985643402,-31.32203159],[-53.985591908,-31.321941404],[-53.98551384,-31.321884675],[-53.985368898,-31.3218213],[-53.98524852,-31.321807537],[-53.985182161,-31.32161437],[-53.985082489,-31.321481422],[-53.985021902,-31.321379327],[-53.984874954,-31.321299348],[-53.984349329,-31.321559797],[-53.984130758,-31.321665732],[-53.984099422,-31.321885858],[-53.983971053,-31.322056178],[-53.98485538,-31.322742281]]]]}";2018-06-07;0.132155487804878;0.1448585365853658;0.207285;0.3713324999999999;0.414435;0.4479506097560976;0.31944;0.215925;0.5112810337716145;0.5714682843615495;0.3672962918570345;0.4160269991133837;1;6;2018;44;True;False;False;False
2018-06-08;2;29;0;3.2;934.0;338.4;595.6;3.8;11.42;14.9;66.27;3.96;13.96;0.0;;1.02;0.0;"{""type"":""MultiPolygon"",""coordinates"":[[[[-53.98485538,-31.322742281],[-53.986018253,-31.322304168],[-53.98594352,-31.322225151],[-53.985824563,-31.32217168],[-53.985758511,-31.322096701],[-53.985690778,-31.322068668],[-53.985643402,-31.32203159],[-53.985591908,-31.321941404],[-53.98551384,-31.321884675],[-53.985368898,-31.3218213],[-53.98524852,-31.321807537],[-53.985182161,-31.32161437],[-53.985082489,-31.321481422],[-53.985021902,-31.321379327],[-53.984874954,-31.321299348],[-53.984349329,-31.321559797],[-53.984130758,-31.321665732],[-53.984099422,-31.321885858],[-53.983971053,-31.322056178],[-53.98485538,-31.322742281]]]]}";2018-06-07;0.132155487804878;0.1448585365853658;0.207285;0.3713324999999999;0.414435;0.4479506097560976;0.31944;0.215925;0.5112810337716145;0.5714682843615495;0.3672962918570345;0.4160269991133837;1;6;2018;0;True;False;False;False
2018-08-20;2;29;0;10.2;1336.8302;0.0;1336.8302;3.5;8.27;10.4;68.64;;17.46;0.0;;0.0;0.0;"{""type"":""MultiPolygon"",""coordinates"":[[[[-53.98485538,-31.322742281],[-53.986018253,-31.322304168],[-53.98594352,-31.322225151],[-53.985824563,-31.32217168],[-53.985758511,-31.322096701],[-53.985690778,-31.322068668],[-53.985643402,-31.32203159],[-53.985591908,-31.321941404],[-53.98551384,-31.321884675],[-53.985368898,-31.3218213],[-53.98524852,-31.321807537],[-53.985182161,-31.32161437],[-53.985082489,-31.321481422],[-53.985021902,-31.321379327],[-53.984874954,-31.321299348],[-53.984349329,-31.321559797],[-53.984130758,-31.321665732],[-53.984099422,-31.321885858],[-53.983971053,-31.322056178],[-53.98485538,-31.322742281]]]]}";2018-08-26;0.1377512195121951;0.1530182926829268;0.2294275;0.3925225;0.4326225;0.4747932926829268;0.32884;0.2224775;0.5125343454955318;0.5915986889809558;0.3484216814276911;0.4279637718417549;6;8;2018;73;True;False;False;False
2018-08-20;2;29;1;9.8;741.2;266.8;474.4;3.5;8.27;10.4;68.64;;17.46;0.0;;0.0;0.0;"{""type"":""MultiPolygon"",""coordinates"":[[[[-53.98485538,-31.322742281],[-53.986018253,-31.322304168],[-53.98594352,-31.322225151],[-53.985824563,-31.32217168],[-53.985758511,-31.322096701],[-53.985690778,-31.322068668],[-53.985643402,-31.32203159],[-53.985591908,-31.321941404],[-53.98551384,-31.321884675],[-53.985368898,-31.3218213],[-53.98524852,-31.321807537],[-53.985182161,-31.32161437],[-53.985082489,-31.321481422],[-53.985021902,-31.321379327],[-53.984874954,-31.321299348],[-53.984349329,-31.321559797],[-53.984130758,-31.321665732],[-53.984099422,-31.321885858],[-53.983971053,-31.322056178],[-53.98485538,-31.322742281]]]]}";2018-08-26;0.1377512195121951;0.1530182926829268;0.2294275;0.3925225;0.4326225;0.4747932926829268;0.32884;0.2224775;0.5125343454955318;0.5915986889809558;0.3484216814276911;0.4279637718417549;6;8;2018;0;True;False;False;False
2018-10-04;2;29;1;30.6;3972.7734;0.0;3972.7734;;;;;;;;;;;"{""type"":""MultiPolygon"",""coordinates"":[[[[-53.98485538,-31.322742281],[-53.986018253,-31.322304168],[-53.98594352,-31.322225151],[-53.985824563,-31.32217168],[-53.985758511,-31.322096701],[-53.985690778,-31.322068668],[-53.985643402,-31.32203159],[-53.985591908,-31.321941404],[-53.98551384,-31.321884675],[-53.985368898,-31.3218213],[-53.98524852,-31.321807537],[-53.985182161,-31.32161437],[-53.985082489,-31.321481422],[-53.985021902,-31.321379327],[-53.984874954,-31.321299348],[-53.984349329,-31.321559797],[-53.984130758,-31.321665732],[-53.984099422,-31.321885858],[-53.983971053,-31.322056178],[-53.98485538,-31.322742281]]]]}";2018-10-03;0.1274317073170731;0.1340469512195122;0.2114599999999999;0.42332;0.47611;0.5052414634146342;0.2926574999999999;0.190435;0.580637007801166;0.6854751897119548;0.4099077208729968;0.488718889036963;1;10;2018;45;False;False;True;False
2018-10-04;2;29;0;9.8;1362.9036;230.31424;1132.5892;;;;;;;;;;;"{""type"":""MultiPolygon"",""coordinates"":[[[[-53.98485538,-31.322742281],[-53.986018253,-31.322304168],[-53.98594352,-31.322225151],[-53.985824563,-31.32217168],[-53.985758511,-31.322096701],[-53.985690778,-31.322068668],[-53.985643402,-31.32203159],[-53.985591908,-31.321941404],[-53.98551384,-31.321884675],[-53.985368898,-31.3218213],[-53.98524852,-31.321807537],[-53.985182161,-31.32161437],[-53.985082489,-31.321481422],[-53.985021902,-31.321379327],[-53.984874954,-31.321299348],[-53.984349329,-31.321559797],[-53.984130758,-31.321665732],[-53.984099422,-31.321885858],[-53.983971053,-31.322056178],[-53.98485538,-31.322742281]]]]}";2018-10-03;0.1274317073170731;0.1340469512195122;0.2114599999999999;0.42332;0.47611;0.5052414634146342;0.2926574999999999;0.190435;0.580637007801166;0.6854751897119548;0.4099077208729968;0.488718889036963;1;10;2018;0;False;False;True;False
2018-11-05;2;29;0;18.2;1581.2043;274.58307;1306.6212;14.0;20.475;28.7;68.833336;2.275;31.2215;0.0;11.35;0.84;0.0;"{""type"":""MultiPolygon"",""coordinates"":[[[[-53.98485538,-31.322742281],[-53.986018253,-31.322304168],[-53.98594352,-31.322225151],[-53.985824563,-31.32217168],[-53.985758511,-31.322096701],[-53.985690778,-31.322068668],[-53.985643402,-31.32203159],[-53.985591908,-31.321941404],[-53.98551384,-31.321884675],[-53.985368898,-31.3218213],[-53.98524852,-31.321807537],[-53.985182161,-31.32161437],[-53.985082489,-31.321481422],[-53.985021902,-31.321379327],[-53.984874954,-31.321299348],[-53.984349329,-31.321559797],[-53.984130758,-31.321665732],[-53.984099422,-31.321885858],[-53.983971053,-31.322056178],[-53.98485538,-31.322742281]]]]}";2018-11-02;0.1295670731707317;0.1385774390243902;0.2109675;0.3963025;0.4514399999999999;0.4753207317073171;0.302795;0.2002825;0.5485328165769926;0.6305901519694646;0.3851927215037199;0.4534659920417913;3;11;2018;32;False;False;True;False
2018-11-05;2;29;1;29.4;2601.8884;2112.7236;489.16492;14.0;20.475;28.7;68.833336;2.275;31.2215;0.0;11.35;0.84;0.0;"{""type"":""MultiPolygon"",""coordinates"":[[[[-53.98485538,-31.322742281],[-53.986018253,-31.322304168],[-53.98594352,-31.322225151],[-53.985824563,-31.32217168],[-53.985758511,-31.322096701],[-53.985690778,-31.322068668],[-53.985643402,-31.32203159],[-53.985591908,-31.321941404],[-53.98551384,-31.321884675],[-53.985368898,-31.3218213],[-53.98524852,-31.321807537],[-53.985182161,-31.32161437],[-53.985082489,-31.321481422],[-53.985021902,-31.321379327],[-53.984874954,-31.321299348],[-53.984349329,-31.321559797],[-53.984130758,-31.321665732],[-53.984099422,-31.321885858],[-53.983971053,-31.322056178],[-53.98485538,-31.322742281]]]]}";2018-11-02;0.1295670731707317;0.1385774390243902;0.2109675;0.3963025;0.4514399999999999;0.4753207317073171;0.302795;0.2002825;0.5485328165769926;0.6305901519694646;0.3851927215037199;0.4534659920417913;3;11;2018;0;False;False;True;False
2018-12-10;2;29;1;37.0;926.4123;540.29736;386.11496;16.6;24.591667;32.4;54.208332;2.8458333;28.325657;0.0;14.5;4.32;0.0;"{""type"":""MultiPolygon"",""coordinates"":[[[[-53.98485538,-31.322742281],[-53.986018253,-31.322304168],[-53.98594352,-31.322225151],[-53.985824563,-31.32217168],[-53.985758511,-31.322096701],[-53.985690778,-31.322068668],[-53.985643402,-31.32203159],[-53.985591908,-31.321941404],[-53.98551384,-31.321884675],[-53.985368898,-31.3218213],[-53.98524852,-31.321807537],[-53.985182161,-31.32161437],[-53.985082489,-31.321481422],[-53.985021902,-31.321379327],[-53.984874954,-31.321299348],[-53.984349329,-31.321559797],[-53.984130758,-31.321665732],[-53.984099422,-31.321885858],[-53.983971053,-31.322056178],[-53.98485538,-31.322742281]]]]}";2018-12-07;0.1428493902439024;0.1676463414634146;0.2252125;0.357035;0.40168;0.4363146341463415;0.3577575;0.2433225;0.4448437954317836;0.489976529575337;0.3191133413125303;0.3650513450457774;3;12;2018;35;False;False;False;True
2018-12-10;2;29;0;9.0;1783.6;817.2;966.4;16.6;24.591667;32.4;54.208332;2.8458333;28.325657;0.0;14.5;4.32;0.0;"{""type"":""MultiPolygon"",""coordinates"":[[[[-53.98485538,-31.322742281],[-53.986018253,-31.322304168],[-53.98594352,-31.322225151],[-53.985824563,-31.32217168],[-53.985758511,-31.322096701],[-53.985690778,-31.322068668],[-53.985643402,-31.32203159],[-53.985591908,-31.321941404],[-53.98551384,-31.321884675],[-53.985368898,-31.3218213],[-53.98524852,-31.321807537],[-53.985182161,-31.32161437],[-53.985082489,-31.321481422],[-53.985021902,-31.321379327],[-53.984874954,-31.321299348],[-53.984349329,-31.321559797],[-53.984130758,-31.321665732],[-53.984099422,-31.321885858],[-53.983971053,-31.322056178],[-53.98485538,-31.322742281]]]]}";2018-12-07;0.1428493902439024;0.1676463414634146;0.2252125;0.357035;0.40168;0.4363146341463415;0.3577575;0.2433225;0.4448437954317836;0.489976529575337;0.3191133413125303;0.3650513450457774;3;12;2018;0;False;False;False;True
2019-01-14;2;29;1;16.4;2236.0808;1238.2236;997.85724;20.9;24.233334;28.4;84.791664;3.0;18.755081;0.2;14.65;0.1;0.0;"{""type"":""MultiPolygon"",""coordinates"":[[[[-53.98485538,-31.322742281],[-53.986018253,-31.322304168],[-53.98594352,-31.322225151],[-53.985824563,-31.32217168],[-53.985758511,-31.322096701],[-53.985690778,-31.322068668],[-53.985643402,-31.32203159],[-53.985591908,-31.321941404],[-53.98551384,-31.321884675],[-53.985368898,-31.3218213],[-53.98524852,-31.321807537],[-53.985182161,-31.32161437],[-53.985082489,-31.321481422],[-53.985021902,-31.321379327],[-53.984874954,-31.321299348],[-53.984349329,-31.321559797],[-53.984130758,-31.321665732],[-53.984099422,-31.321885858],[-53.983971053,-31.322056178],[-53.98485538,-31.322742281]]]]}";2019-01-06;0.1402048780487804;0.1535603658536585;0.2147224999999999;0.3706925;0.4224199999999999;0.4213512195121952;0.3578925;0.236825;0.465794846503439;0.518501508833405;0.3248502699823202;0.3736923910361317;8;1;2019;35;False;False;False;True
2019-01-14;2;29;0;6.4;1139.2367;0.0;1139.2367;20.9;24.233334;28.4;84.791664;3.0;18.755081;0.2;14.65;0.1;0.0;"{""type"":""MultiPolygon"",""coordinates"":[[[[-53.98485538,-31.322742281],[-53.986018253,-31.322304168],[-53.98594352,-31.322225151],[-53.985824563,-31.32217168],[-53.985758511,-31.322096701],[-53.985690778,-31.322068668],[-53.985643402,-31.32203159],[-53.985591908,-31.321941404],[-53.98551384,-31.321884675],[-53.985368898,-31.3218213],[-53.98524852,-31.321807537],[-53.985182161,-31.32161437],[-53.985082489,-31.321481422],[-53.985021902,-31.321379327],[-53.984874954,-31.321299348],[-53.984349329,-31.321559797],[-53.984130758,-31.321665732],[-53.984099422,-31.321885858],[-53.983971053,-31.322056178],[-53.98485538,-31.322742281]]]]}";2019-01-06;0.1402048780487804;0.1535603658536585;0.2147224999999999;0.3706925;0.4224199999999999;0.4213512195121952;0.3578925;0.236825;0.465794846503439;0.518501508833405;0.3248502699823202;0.3736923910361317;8;1;2019;0;False;False;False;True
2019-02-18;2;29;0;7.4;1791.6455;689.3529;1102.2925;17.7;23.795834;31.2;74.125;3.2083333;25.51021;0.0;14.45;2.06;0.0;"{""type"":""MultiPolygon"",""coordinates"":[[[[-53.98485538,-31.322742281],[-53.986018253,-31.322304168],[-53.98594352,-31.322225151],[-53.985824563,-31.32217168],[-53.985758511,-31.322096701],[-53.985690778,-31.322068668],[-53.985643402,-31.32203159],[-53.985591908,-31.321941404],[-53.98551384,-31.321884675],[-53.985368898,-31.3218213],[-53.98524852,-31.321807537],[-53.985182161,-31.32161437],[-53.985082489,-31.321481422],[-53.985021902,-31.321379327],[-53.984874954,-31.321299348],[-53.984349329,-31.321559797],[-53.984130758,-31.321665732],[-53.984099422,-31.321885858],[-53.983971053,-31.322056178],[-53.98485538,-31.322742281]]]]}";2019-02-17;0.1454768292682926;0.1644451219512195;0.2370699999999999;0.40154;0.4468275;0.4588365853658536;0.3805425;0.249995;0.472324889305427;0.5433858243966168;0.3186729225292013;0.3931223950727995;1;2;2019;35;False;False;False;True
2019-02-18;2;29;1;24.4;5062.5586;1924.8313;3137.7273;17.7;23.795834;31.2;74.125;3.2083333;25.51021;0.0;14.45;2.06;0.0;"{""type"":""MultiPolygon"",""coordinates"":[[[[-53.98485538,-31.322742281],[-53.986018253,-31.322304168],[-53.98594352,-31.322225151],[-53.985824563,-31.32217168],[-53.985758511,-31.322096701],[-53.985690778,-31.322068668],[-53.985643402,-31.32203159],[-53.985591908,-31.321941404],[-53.98551384,-31.321884675],[-53.985368898,-31.3218213],[-53.98524852,-31.321807537],[-53.985182161,-31.32161437],[-53.985082489,-31.321481422],[-53.985021902,-31.321379327],[-53.984874954,-31.321299348],[-53.984349329,-31.321559797],[-53.984130758,-31.321665732],[-53.984099422,-31.321885858],[-53.983971053,-31.322056178],[-53.98485538,-31.322742281]]]]}";2019-02-17;0.1454768292682926;0.1644451219512195;0.2370699999999999;0.40154;0.4468275;0.4588365853658536;0.3805425;0.249995;0.472324889305427;0.5433858243966168;0.3186729225292013;0.3931223950727995;1;2;2019;0;False;False;False;True
2019-04-10;2;29;0;15.2;1853.5769;1254.1968;599.38007;15.0;21.191668;29.2;68.833336;4.225;19.95285;0.0;12.1;1.88;0.0;"{""type"":""MultiPolygon"",""coordinates"":[[[[-53.98485538,-31.322742281],[-53.986018253,-31.322304168],[-53.98594352,-31.322225151],[-53.985824563,-31.32217168],[-53.985758511,-31.322096701],[-53.985690778,-31.322068668],[-53.985643402,-31.32203159],[-53.985591908,-31.321941404],[-53.98551384,-31.321884675],[-53.985368898,-31.3218213],[-53.98524852,-31.321807537],[-53.985182161,-31.32161437],[-53.985082489,-31.321481422],[-53.985021902,-31.321379327],[-53.984874954,-31.321299348],[-53.984349329,-31.321559797],[-53.984130758,-31.321665732],[-53.984099422,-31.321885858],[-53.983971053,-31.322056178],[-53.98485538,-31.322742281]]]]}";2019-04-11;0.3644719512195122;0.3627646341463414;0.4092525;0.4372975;0.4476425;0.4613658536585366;0.478175;0.4297899999999999;0.11964272766419;0.2725555355542837;0.0598578624486198;0.1116973218504182;1;4;2019;51;False;True;False;False
2019-04-10;2;29;1;20.6;2400.0;1312.0;1088.0;15.0;21.191668;29.2;68.833336;4.225;19.95285;0.0;12.1;1.88;0.0;"{""type"":""MultiPolygon"",""coordinates"":[[[[-53.98485538,-31.322742281],[-53.986018253,-31.322304168],[-53.98594352,-31.322225151],[-53.985824563,-31.32217168],[-53.985758511,-31.322096701],[-53.985690778,-31.322068668],[-53.985643402,-31.32203159],[-53.985591908,-31.321941404],[-53.98551384,-31.321884675],[-53.985368898,-31.3218213],[-53.98524852,-31.321807537],[-53.985182161,-31.32161437],[-53.985082489,-31.321481422],[-53.985021902,-31.321379327],[-53.984874954,-31.321299348],[-53.984349329,-31.321559797],[-53.984130758,-31.321665732],[-53.984099422,-31.321885858],[-53.983971053,-31.322056178],[-53.98485538,-31.322742281]]]]}";2019-04-11;0.3644719512195122;0.3627646341463414;0.4092525;0.4372975;0.4476425;0.4613658536585366;0.478175;0.4297899999999999;0.11964272766419;0.2725555355542837;0.0598578624486198;0.1116973218504182;1;4;2019;0;False;True;False;False
2019-06-13;2;29;0;12.0;904.02344;99.6253;804.39813;19.3;22.333334;28.2;73.333336;5.7458334;9.606022;0.0;13.75;0.33;0.0;"{""type"":""MultiPolygon"",""coordinates"":[[[[-53.98485538,-31.322742281],[-53.986018253,-31.322304168],[-53.98594352,-31.322225151],[-53.985824563,-31.32217168],[-53.985758511,-31.322096701],[-53.985690778,-31.322068668],[-53.985643402,-31.32203159],[-53.985591908,-31.321941404],[-53.98551384,-31.321884675],[-53.985368898,-31.3218213],[-53.98524852,-31.321807537],[-53.985182161,-31.32161437],[-53.985082489,-31.321481422],[-53.985021902,-31.321379327],[-53.984874954,-31.321299348],[-53.984349329,-31.321559797],[-53.984130758,-31.321665732],[-53.984099422,-31.321885858],[-53.983971053,-31.322056178],[-53.98485538,-31.322742281]]]]}";2019-06-20;0.1263512195121951;0.1561146341463414;0.2207849999999999;0.366145;0.4084275;0.4342012195121951;0.3369425;0.22433;0.4710810045882836;0.4884694049794827;0.3258331445066709;0.3825771006164023;7;6;2019;64;True;False;False;False
2019-06-13;2;29;1;15.8;2570.0208;787.8362;1782.1847;19.3;22.333334;28.2;73.333336;5.7458334;9.606022;0.0;13.75;0.33;0.0;"{""type"":""MultiPolygon"",""coordinates"":[[[[-53.98485538,-31.322742281],[-53.986018253,-31.322304168],[-53.98594352,-31.322225151],[-53.985824563,-31.32217168],[-53.985758511,-31.322096701],[-53.985690778,-31.322068668],[-53.985643402,-31.32203159],[-53.985591908,-31.321941404],[-53.98551384,-31.321884675],[-53.985368898,-31.3218213],[-53.98524852,-31.321807537],[-53.985182161,-31.32161437],[-53.985082489,-31.321481422],[-53.985021902,-31.321379327],[-53.984874954,-31.321299348],[-53.984349329,-31.321559797],[-53.984130758,-31.321665732],[-53.984099422,-31.321885858],[-53.983971053,-31.322056178],[-53.98485538,-31.322742281]]]]}";2019-06-20;0.1263512195121951;0.1561146341463414;0.2207849999999999;0.366145;0.4084275;0.4342012195121951;0.3369425;0.22433;0.4710810045882836;0.4884694049794827;0.3258331445066709;0.3825771006164023;7;6;2019;0;True;False;False;False
2019-07-08;2;29;0;6.0;2039.6;854.4;1185.2;2.5;10.214286;19.9;61.285713;2.5619047;13.88923;0.0;1.2;0.41;0.0;"{""type"":""MultiPolygon"",""coordinates"":[[[[-53.98485538,-31.322742281],[-53.986018253,-31.322304168],[-53.98594352,-31.322225151],[-53.985824563,-31.32217168],[-53.985758511,-31.322096701],[-53.985690778,-31.322068668],[-53.985643402,-31.32203159],[-53.985591908,-31.321941404],[-53.98551384,-31.321884675],[-53.985368898,-31.3218213],[-53.98524852,-31.321807537],[-53.985182161,-31.32161437],[-53.985082489,-31.321481422],[-53.985021902,-31.321379327],[-53.984874954,-31.321299348],[-53.984349329,-31.321559797],[-53.984130758,-31.321665732],[-53.984099422,-31.321885858],[-53.983971053,-31.322056178],[-53.98485538,-31.322742281]]]]}";2019-07-07;0.133775;0.171610975609756;0.2354525;0.3595975;0.3999775;0.4402670731707317;0.3478575;0.236455;0.4390680432096305;0.4579509678277692;0.3031058760214156;0.362435562770088;1;7;2019;25;True;False;False;False
2019-07-08;2;29;1;9.4;1612.8;325.2;1287.6;2.5;10.214286;19.9;61.285713;2.5619047;13.88923;0.0;1.2;0.41;0.0;"{""type"":""MultiPolygon"",""coordinates"":[[[[-53.98485538,-31.322742281],[-53.986018253,-31.322304168],[-53.98594352,-31.322225151],[-53.985824563,-31.32217168],[-53.985758511,-31.322096701],[-53.985690778,-31.322068668],[-53.985643402,-31.32203159],[-53.985591908,-31.321941404],[-53.98551384,-31.321884675],[-53.985368898,-31.3218213],[-53.98524852,-31.321807537],[-53.985182161,-31.32161437],[-53.985082489,-31.321481422],[-53.985021902,-31.321379327],[-53.984874954,-31.321299348],[-53.984349329,-31.321559797],[-53.984130758,-31.321665732],[-53.984099422,-31.321885858],[-53.983971053,-31.322056178],[-53.98485538,-31.322742281]]]]}";2019-07-07;0.133775;0.171610975609756;0.2354525;0.3595975;0.3999775;0.4402670731707317;0.3478575;0.236455;0.4390680432096305;0.4579509678277692;0.3031058760214156;0.362435562770088;1;7;2019;0;True;False;False;False
2019-08-13;2;29;0;3.0;1095.2;0.0;1095.2;4.1;7.1041665;12.0;73.125;;16.861422;0.0;-1.95;0.0;0.0;"{""type"":""MultiPolygon"",""coordinates"":[[[[-53.98485538,-31.322742281],[-53.986018253,-31.322304168],[-53.98594352,-31.322225151],[-53.985824563,-31.32217168],[-53.985758511,-31.322096701],[-53.985690778,-31.322068668],[-53.985643402,-31.32203159],[-53.985591908,-31.321941404],[-53.98551384,-31.321884675],[-53.985368898,-31.3218213],[-53.98524852,-31.321807537],[-53.985182161,-31.32161437],[-53.985082489,-31.321481422],[-53.985021902,-31.321379327],[-53.984874954,-31.321299348],[-53.984349329,-31.321559797],[-53.984130758,-31.321665732],[-53.984099422,-31.321885858],[-53.983971053,-31.322056178],[-53.98485538,-31.322742281]]]]}";2019-08-14;0.1459121951219512;0.1773317073170731;0.2316575;0.3231375;0.3509525;0.38515;0.354275;0.252555;0.3694667577265385;0.3834855324568944;0.248849924814468;0.2933955821334083;1;8;2019;36;True;False;False;False
2019-08-13;2;29;1;5.4;3023.572;566.31323;2457.2588;4.1;7.1041665;12.0;73.125;;16.861422;0.0;-1.95;0.0;0.0;"{""type"":""MultiPolygon"",""coordinates"":[[[[-53.98485538,-31.322742281],[-53.986018253,-31.322304168],[-53.98594352,-31.322225151],[-53.985824563,-31.32217168],[-53.985758511,-31.322096701],[-53.985690778,-31.322068668],[-53.985643402,-31.32203159],[-53.985591908,-31.321941404],[-53.98551384,-31.321884675],[-53.985368898,-31.3218213],[-53.98524852,-31.321807537],[-53.985182161,-31.32161437],[-53.985082489,-31.321481422],[-53.985021902,-31.321379327],[-53.984874954,-31.321299348],[-53.984349329,-31.321559797],[-53.984130758,-31.321665732],[-53.984099422,-31.321885858],[-53.983971053,-31.322056178],[-53.98485538,-31.322742281]]]]}";2019-08-14;0.1459121951219512;0.1773317073170731;0.2316575;0.3231375;0.3509525;0.38515;0.354275;0.252555;0.3694667577265385;0.3834855324568944;0.248849924814468;0.2933955821334083;1;8;2019;0;True;False;False;False
2016-09-12;2;30;1;21.0;2190.5984;0.0;2190.5984;12.9;16.5;21.2;83.4;4.0;5.6;5.8;10.05;0.0;0.0;"{""type"":""MultiPolygon"",""coordinates"":[[[[-53.986625289,-31.320467271],[-53.984874596,-31.32129943],[-53.98502192,-31.321379797],[-53.985078874,-31.321476576],[-53.985182575,-31.321613611],[-53.985222437,-31.321725085],[-53.985248612,-31.321806578],[-53.985368085,-31.321820874],[-53.985511718,-31.321883598],[-53.985591954,-31.321942097],[-53.985642983,-31.322030864],[-53.9856904,-31.322068633],[-53.985758705,-31.322097128],[-53.985823214,-31.322169809],[-53.985863054,-31.322185145],[-53.985942426,-31.322220944],[-53.986023762,-31.322301224],[-53.987438924,-31.321777867],[-53.986625289,-31.320467271]]]]}";2016-09-10;0.1189728301886792;0.1203181132075471;0.1914343283582089;0.4634029850746268;0.549886567164179;0.5782935849056604;0.2919970149253731;0.186744776119403;0.6555508201981181;0.813220945544447;0.5025922145749608;0.5731324069576091;2;9;2016;0;False;False;True;False
2016-09-12;2;30;0;20.2;3035.899;1664.5955;1371.3033;12.9;16.5;21.2;83.4;4.0;5.6;5.8;10.05;0.0;0.0;"{""type"":""MultiPolygon"",""coordinates"":[[[[-53.986625289,-31.320467271],[-53.984874596,-31.32129943],[-53.98502192,-31.321379797],[-53.985078874,-31.321476576],[-53.985182575,-31.321613611],[-53.985222437,-31.321725085],[-53.985248612,-31.321806578],[-53.985368085,-31.321820874],[-53.985511718,-31.321883598],[-53.985591954,-31.321942097],[-53.985642983,-31.322030864],[-53.9856904,-31.322068633],[-53.985758705,-31.322097128],[-53.985823214,-31.322169809],[-53.985863054,-31.322185145],[-53.985942426,-31.322220944],[-53.986023762,-31.322301224],[-53.987438924,-31.321777867],[-53.986625289,-31.320467271]]]]}";2016-09-10;0.1189728301886792;0.1203181132075471;0.1914343283582089;0.4634029850746268;0.549886567164179;0.5782935849056604;0.2919970149253731;0.186744776119403;0.6555508201981181;0.813220945544447;0.5025922145749608;0.5731324069576091;2;9;2016;0;False;False;True;False
2016-11-23;2;30;1;27.4;3334.0618;0.0;3334.0618;8.9;17.8;26.0;59.3;2.0;33.7;0.2;7.45;2.65;0.0;"{""type"":""MultiPolygon"",""coordinates"":[[[[-53.986625289,-31.320467271],[-53.984874596,-31.32129943],[-53.98502192,-31.321379797],[-53.985078874,-31.321476576],[-53.985182575,-31.321613611],[-53.985222437,-31.321725085],[-53.985248612,-31.321806578],[-53.985368085,-31.321820874],[-53.985511718,-31.321883598],[-53.985591954,-31.321942097],[-53.985642983,-31.322030864],[-53.9856904,-31.322068633],[-53.985758705,-31.322097128],[-53.985823214,-31.322169809],[-53.985863054,-31.322185145],[-53.985942426,-31.322220944],[-53.986023762,-31.322301224],[-53.987438924,-31.321777867],[-53.986625289,-31.320467271]]]]}";2016-11-29;0.1516988805970149;0.1831070895522388;0.2518940298507462;0.388365671641791;0.4310746268656716;0.4523611940298507;0.4061731343283582;0.2775462686567164;0.4237097451344789;0.47629894582041;0.2846512988210261;0.3556956742484115;6;11;2016;72;False;False;True;False
2016-11-23;2;30;0;12.2;1504.9218;0.0;1504.9218;8.9;17.8;26.0;59.3;2.0;33.7;0.2;7.45;2.65;0.0;"{""type"":""MultiPolygon"",""coordinates"":[[[[-53.986625289,-31.320467271],[-53.984874596,-31.32129943],[-53.98502192,-31.321379797],[-53.985078874,-31.321476576],[-53.985182575,-31.321613611],[-53.985222437,-31.321725085],[-53.985248612,-31.321806578],[-53.985368085,-31.321820874],[-53.985511718,-31.321883598],[-53.985591954,-31.321942097],[-53.985642983,-31.322030864],[-53.9856904,-31.322068633],[-53.985758705,-31.322097128],[-53.985823214,-31.322169809],[-53.985863054,-31.322185145],[-53.985942426,-31.322220944],[-53.986023762,-31.322301224],[-53.987438924,-31.321777867],[-53.986625289,-31.320467271]]]]}";2016-11-29;0.1516988805970149;0.1831070895522388;0.2518940298507462;0.388365671641791;0.4310746268656716;0.4523611940298507;0.4061731343283582;0.2775462686567164;0.4237097451344789;0.47629894582041;0.2846512988210261;0.3556956742484115;6;11;2016;0;False;False;True;False
2016-12-29;2;30;1;13.2;790.4;30.4;760.0;20.1;23.0;27.6;83.4;3.3;12.4;10.8;13.85;0.0;0.0;"{""type"":""MultiPolygon"",""coordinates"":[[[[-53.986625289,-31.320467271],[-53.984874596,-31.32129943],[-53.98502192,-31.321379797],[-53.985078874,-31.321476576],[-53.985182575,-31.321613611],[-53.985222437,-31.321725085],[-53.985248612,-31.321806578],[-53.985368085,-31.321820874],[-53.985511718,-31.321883598],[-53.985591954,-31.321942097],[-53.985642983,-31.322030864],[-53.9856904,-31.322068633],[-53.985758705,-31.322097128],[-53.985823214,-31.322169809],[-53.985863054,-31.322185145],[-53.985942426,-31.322220944],[-53.986023762,-31.322301224],[-53.987438924,-31.321777867],[-53.986625289,-31.320467271]]]]}";2016-12-22;0.7737796226415095;0.722051320754717;0.7731373134328358;0.7499104477611941;0.7398686567164179;0.7491803773584905;0.5204641791044776;0.4196776119402985;0.0184396901171755;0.2438425449819148;-0.0157371462075646;0.0206437350538806;7;12;2016;36;False;False;False;True
2016-12-29;2;30;0;10.0;865.6;0.0;865.6;20.1;23.0;27.6;83.4;3.3;12.4;10.8;13.85;0.0;0.0;"{""type"":""MultiPolygon"",""coordinates"":[[[[-53.986625289,-31.320467271],[-53.984874596,-31.32129943],[-53.98502192,-31.321379797],[-53.985078874,-31.321476576],[-53.985182575,-31.321613611],[-53.985222437,-31.321725085],[-53.985248612,-31.321806578],[-53.985368085,-31.321820874],[-53.985511718,-31.321883598],[-53.985591954,-31.321942097],[-53.985642983,-31.322030864],[-53.9856904,-31.322068633],[-53.985758705,-31.322097128],[-53.985823214,-31.322169809],[-53.985863054,-31.322185145],[-53.985942426,-31.322220944],[-53.986023762,-31.322301224],[-53.987438924,-31.321777867],[-53.986625289,-31.320467271]]]]}";2016-12-22;0.7737796226415095;0.722051320754717;0.7731373134328358;0.7499104477611941;0.7398686567164179;0.7491803773584905;0.5204641791044776;0.4196776119402985;0.0184396901171755;0.2438425449819148;-0.0157371462075646;0.0206437350538806;7;12;2016;0;False;False;False;True
2017-01-30;2;30;0;12.0;6220.0845;0.0;6220.0845;21.1;25.6;31.5;74.8;3.7;24.2;0.0;16.3;2.64;0.0;"{""type"":""MultiPolygon"",""coordinates"":[[[[-53.986625289,-31.320467271],[-53.984874596,-31.32129943],[-53.98502192,-31.321379797],[-53.985078874,-31.321476576],[-53.985182575,-31.321613611],[-53.985222437,-31.321725085],[-53.985248612,-31.321806578],[-53.985368085,-31.321820874],[-53.985511718,-31.321883598],[-53.985591954,-31.321942097],[-53.985642983,-31.322030864],[-53.9856904,-31.322068633],[-53.985758705,-31.322097128],[-53.985823214,-31.322169809],[-53.985863054,-31.322185145],[-53.985942426,-31.322220944],[-53.986023762,-31.322301224],[-53.987438924,-31.321777867],[-53.986625289,-31.320467271]]]]}";2017-02-07;0.1526880597014925;0.1617220149253731;0.2199522388059701;0.4019029850746268;0.4574761194029851;0.4667470149253731;0.3380134328358209;0.2263537313432835;0.4853461117605743;0.5902558152834123;0.3593928124697749;0.4054497623745287;8;1;2017;32;False;False;False;True
2017-01-30;2;30;1;11.6;8897.851;8631.415;266.43597;21.1;25.6;31.5;74.8;3.7;24.2;0.0;16.3;2.64;0.0;"{""type"":""MultiPolygon"",""coordinates"":[[[[-53.986625289,-31.320467271],[-53.984874596,-31.32129943],[-53.98502192,-31.321379797],[-53.985078874,-31.321476576],[-53.985182575,-31.321613611],[-53.985222437,-31.321725085],[-53.985248612,-31.321806578],[-53.985368085,-31.321820874],[-53.985511718,-31.321883598],[-53.985591954,-31.321942097],[-53.985642983,-31.322030864],[-53.9856904,-31.322068633],[-53.985758705,-31.322097128],[-53.985823214,-31.322169809],[-53.985863054,-31.322185145],[-53.985942426,-31.322220944],[-53.986023762,-31.322301224],[-53.987438924,-31.321777867],[-53.986625289,-31.320467271]]]]}";2017-02-07;0.1526880597014925;0.1617220149253731;0.2199522388059701;0.4019029850746268;0.4574761194029851;0.4667470149253731;0.3380134328358209;0.2263537313432835;0.4853461117605743;0.5902558152834123;0.3593928124697749;0.4054497623745287;8;1;2017;0;False;False;False;True
2017-04-18;2;30;1;22.0;5080.264;1196.7456;3883.5183;12.2;16.6;23.0;83.7;4.0;13.2;0.0;7.6;0.21;0.0;"{""type"":""MultiPolygon"",""coordinates"":[[[[-53.986625289,-31.320467271],[-53.984874596,-31.32129943],[-53.98502192,-31.321379797],[-53.985078874,-31.321476576],[-53.985182575,-31.321613611],[-53.985222437,-31.321725085],[-53.985248612,-31.321806578],[-53.985368085,-31.321820874],[-53.985511718,-31.321883598],[-53.985591954,-31.321942097],[-53.985642983,-31.322030864],[-53.9856904,-31.322068633],[-53.985758705,-31.322097128],[-53.985823214,-31.322169809],[-53.985863054,-31.322185145],[-53.985942426,-31.322220944],[-53.986023762,-31.322301224],[-53.987438924,-31.321777867],[-53.986625289,-31.320467271]]]]}";2017-04-11;0.1298418867924528;0.1535762264150943;0.2176641791044776;0.3703820895522388;0.4166358208955223;0.4418762264150943;0.3298716417910448;0.2201597014925373;0.4841696404636652;0.5187045120662729;0.339951950531351;0.3947683889727308;7;4;2017;78;False;True;False;False
2017-04-18;2;30;0;9.8;2002.2103;894.86414;1107.3462;12.2;16.6;23.0;83.7;4.0;13.2;0.0;7.6;0.21;0.0;"{""type"":""MultiPolygon"",""coordinates"":[[[[-53.986625289,-31.320467271],[-53.984874596,-31.32129943],[-53.98502192,-31.321379797],[-53.985078874,-31.321476576],[-53.985182575,-31.321613611],[-53.985222437,-31.321725085],[-53.985248612,-31.321806578],[-53.985368085,-31.321820874],[-53.985511718,-31.321883598],[-53.985591954,-31.321942097],[-53.985642983,-31.322030864],[-53.9856904,-31.322068633],[-53.985758705,-31.322097128],[-53.985823214,-31.322169809],[-53.985863054,-31.322185145],[-53.985942426,-31.322220944],[-53.986023762,-31.322301224],[-53.987438924,-31.321777867],[-53.986625289,-31.320467271]]]]}";2017-04-11;0.1298418867924528;0.1535762264150943;0.2176641791044776;0.3703820895522388;0.4166358208955223;0.4418762264150943;0.3298716417910448;0.2201597014925373;0.4841696404636652;0.5187045120662729;0.339951950531351;0.3947683889727308;7;4;2017;0;False;True;False;False
2017-05-19;2;30;1;15.8;3419.4185;1125.0034;2294.415;16.1;18.1;21.2;83.6;4.7;8.5;0.4;11.65;0.08;0.0;"{""type"":""MultiPolygon"",""coordinates"":[[[[-53.986625289,-31.320467271],[-53.984874596,-31.32129943],[-53.98502192,-31.321379797],[-53.985078874,-31.321476576],[-53.985182575,-31.321613611],[-53.985222437,-31.321725085],[-53.985248612,-31.321806578],[-53.985368085,-31.321820874],[-53.985511718,-31.321883598],[-53.985591954,-31.321942097],[-53.985642983,-31.322030864],[-53.9856904,-31.322068633],[-53.985758705,-31.322097128],[-53.985823214,-31.322169809],[-53.985863054,-31.322185145],[-53.985942426,-31.322220944],[-53.986023762,-31.322301224],[-53.987438924,-31.321777867],[-53.986625289,-31.320467271]]]]}";2017-05-21;0.1253837735849056;0.1430479245283019;0.2180253731343283;0.4052686567164179;0.4540522388059701;0.4688098113207548;0.3137059701492537;0.2076791044776119;0.5324144285605915;0.5872889054944541;0.3651304473945844;0.4394832310228369;2;5;2017;31;False;True;False;False
2017-05-19;2;30;0;8.2;977.6;102.0;875.6;16.1;18.1;21.2;83.6;4.7;8.5;0.4;11.65;0.08;0.0;"{""type"":""MultiPolygon"",""coordinates"":[[[[-53.986625289,-31.320467271],[-53.984874596,-31.32129943],[-53.98502192,-31.321379797],[-53.985078874,-31.321476576],[-53.985182575,-31.321613611],[-53.985222437,-31.321725085],[-53.985248612,-31.321806578],[-53.985368085,-31.321820874],[-53.985511718,-31.321883598],[-53.985591954,-31.321942097],[-53.985642983,-31.322030864],[-53.9856904,-31.322068633],[-53.985758705,-31.322097128],[-53.985823214,-31.322169809],[-53.985863054,-31.322185145],[-53.985942426,-31.322220944],[-53.986023762,-31.322301224],[-53.987438924,-31.321777867],[-53.986625289,-31.320467271]]]]}";2017-05-21;0.1253837735849056;0.1430479245283019;0.2180253731343283;0.4052686567164179;0.4540522388059701;0.4688098113207548;0.3137059701492537;0.2076791044776119;0.5324144285605915;0.5872889054944541;0.3651304473945844;0.4394832310228369;2;5;2017;0;False;True;False;False
2017-06-26;2;30;0;5.4;704.8;0.0;704.8;13.8;17.8;23.7;76.1;5.0;11.1;0.0;11.75;0.29;0.0;"{""type"":""MultiPolygon"",""coordinates"":[[[[-53.986625289,-31.320467271],[-53.984874596,-31.32129943],[-53.98502192,-31.321379797],[-53.985078874,-31.321476576],[-53.985182575,-31.321613611],[-53.985222437,-31.321725085],[-53.985248612,-31.321806578],[-53.985368085,-31.321820874],[-53.985511718,-31.321883598],[-53.985591954,-31.321942097],[-53.985642983,-31.322030864],[-53.9856904,-31.322068633],[-53.985758705,-31.322097128],[-53.985823214,-31.322169809],[-53.985863054,-31.322185145],[-53.985942426,-31.322220944],[-53.986023762,-31.322301224],[-53.987438924,-31.321777867],[-53.986625289,-31.320467271]]]]}";2017-07-02;0.1319766037735849;0.1441694339622641;0.2119119402985074;0.4065462686567164;0.4576985074626866;0.4971750943396227;0.3146059701492537;0.2102223880597015;0.5504150184488602;0.6430597950435731;0.4022963897326005;0.4639339633527224;6;6;2017;38;True;False;False;False
2017-06-26;2;30;1;9.6;1335.2;55.2;1280.0;13.8;17.8;23.7;76.1;5.0;11.1;0.0;11.75;0.29;0.0;"{""type"":""MultiPolygon"",""coordinates"":[[[[-53.986625289,-31.320467271],[-53.984874596,-31.32129943],[-53.98502192,-31.321379797],[-53.985078874,-31.321476576],[-53.985182575,-31.321613611],[-53.985222437,-31.321725085],[-53.985248612,-31.321806578],[-53.985368085,-31.321820874],[-53.985511718,-31.321883598],[-53.985591954,-31.321942097],[-53.985642983,-31.322030864],[-53.9856904,-31.322068633],[-53.985758705,-31.322097128],[-53.985823214,-31.322169809],[-53.985863054,-31.322185145],[-53.985942426,-31.322220944],[-53.986023762,-31.322301224],[-53.987438924,-31.321777867],[-53.986625289,-31.320467271]]]]}";2017-07-02;0.1319766037735849;0.1441694339622641;0.2119119402985074;0.4065462686567164;0.4576985074626866;0.4971750943396227;0.3146059701492537;0.2102223880597015;0.5504150184488602;0.6430597950435731;0.4022963897326005;0.4639339633527224;6;6;2017;0;True;False;False;False
2017-07-26;2;30;1;8.4;885.2419;7.123728;878.11816;16.5;18.5;22.3;84.0;3.4;9.4;0.4;12.4;0.22;0.0;"{""type"":""MultiPolygon"",""coordinates"":[[[[-53.986625289,-31.320467271],[-53.984874596,-31.32129943],[-53.98502192,-31.321379797],[-53.985078874,-31.321476576],[-53.985182575,-31.321613611],[-53.985222437,-31.321725085],[-53.985248612,-31.321806578],[-53.985368085,-31.321820874],[-53.985511718,-31.321883598],[-53.985591954,-31.321942097],[-53.985642983,-31.322030864],[-53.9856904,-31.322068633],[-53.985758705,-31.322097128],[-53.985823214,-31.322169809],[-53.985863054,-31.322185145],[-53.985942426,-31.322220944],[-53.986023762,-31.322301224],[-53.987438924,-31.321777867],[-53.986625289,-31.320467271]]]]}";2017-07-27;0.1326818867924528;0.1517584905660377;0.2351686567164179;0.4325313432835821;0.4848522388059701;0.5061679245283018;0.3636432835820895;0.2364388059701492;0.5386764018457073;0.6232559405030588;0.3655549647325786;0.4591087516559366;1;7;2017;30;True;False;False;False
2017-07-26;2;30;0;7.2;1132.7186;0.0;1132.7186;16.5;18.5;22.3;84.0;3.4;9.4;0.4;12.4;0.22;0.0;"{""type"":""MultiPolygon"",""coordinates"":[[[[-53.986625289,-31.320467271],[-53.984874596,-31.32129943],[-53.98502192,-31.321379797],[-53.985078874,-31.321476576],[-53.985182575,-31.321613611],[-53.985222437,-31.321725085],[-53.985248612,-31.321806578],[-53.985368085,-31.321820874],[-53.985511718,-31.321883598],[-53.985591954,-31.321942097],[-53.985642983,-31.322030864],[-53.9856904,-31.322068633],[-53.985758705,-31.322097128],[-53.985823214,-31.322169809],[-53.985863054,-31.322185145],[-53.985942426,-31.322220944],[-53.986023762,-31.322301224],[-53.987438924,-31.321777867],[-53.986625289,-31.320467271]]]]}";2017-07-27;0.1326818867924528;0.1517584905660377;0.2351686567164179;0.4325313432835821;0.4848522388059701;0.5061679245283018;0.3636432835820895;0.2364388059701492;0.5386764018457073;0.6232559405030588;0.3655549647325786;0.4591087516559366;1;7;2017;0;True;False;False;False
2017-10-02;2;30;1;18.2;2402.5884;89.831116;2312.7573;10.4;14.5;18.8;78.8;4.5;17.6;1.2;4.6;0.01;0.0;"{""type"":""MultiPolygon"",""coordinates"":[[[[-53.986625289,-31.320467271],[-53.984874596,-31.32129943],[-53.98502192,-31.321379797],[-53.985078874,-31.321476576],[-53.985182575,-31.321613611],[-53.985222437,-31.321725085],[-53.985248612,-31.321806578],[-53.985368085,-31.321820874],[-53.985511718,-31.321883598],[-53.985591954,-31.321942097],[-53.985642983,-31.322030864],[-53.9856904,-31.322068633],[-53.985758705,-31.322097128],[-53.985823214,-31.322169809],[-53.985863054,-31.322185145],[-53.985942426,-31.322220944],[-53.986023762,-31.322301224],[-53.987438924,-31.321777867],[-53.986625289,-31.320467271]]]]}";2017-10-03;0.1305788679245283;0.130986037735849;0.2019;0.4379194029850746;0.5073;0.5327169811320754;0.2996731343283582;0.1956298507462686;0.6052872022210434;0.7498944105346589;0.4503258019196244;0.5178266321596025;1;10;2017;68;False;False;True;False
2017-10-02;2;30;0;21.8;2415.1084;92.851585;2322.2568;10.4;14.5;18.8;78.8;4.5;17.6;1.2;4.6;0.01;0.0;"{""type"":""MultiPolygon"",""coordinates"":[[[[-53.986625289,-31.320467271],[-53.984874596,-31.32129943],[-53.98502192,-31.321379797],[-53.985078874,-31.321476576],[-53.985182575,-31.321613611],[-53.985222437,-31.321725085],[-53.985248612,-31.321806578],[-53.985368085,-31.321820874],[-53.985511718,-31.321883598],[-53.985591954,-31.321942097],[-53.985642983,-31.322030864],[-53.9856904,-31.322068633],[-53.985758705,-31.322097128],[-53.985823214,-31.322169809],[-53.985863054,-31.322185145],[-53.985942426,-31.322220944],[-53.986023762,-31.322301224],[-53.987438924,-31.321777867],[-53.986625289,-31.320467271]]]]}";2017-10-03;0.1305788679245283;0.130986037735849;0.2019;0.4379194029850746;0.5073;0.5327169811320754;0.2996731343283582;0.1956298507462686;0.6052872022210434;0.7498944105346589;0.4503258019196244;0.5178266321596025;1;10;2017;0;False;False;True;False
2017-11-13;2;30;1;34.0;8526.804;1908.3274;6618.4766;11.3;24.61;29.5;37.43;1.46;32.31;0.0;10.4;4.96;0.0;"{""type"":""MultiPolygon"",""coordinates"":[[[[-53.986625289,-31.320467271],[-53.984874596,-31.32129943],[-53.98502192,-31.321379797],[-53.985078874,-31.321476576],[-53.985182575,-31.321613611],[-53.985222437,-31.321725085],[-53.985248612,-31.321806578],[-53.985368085,-31.321820874],[-53.985511718,-31.321883598],[-53.985591954,-31.321942097],[-53.985642983,-31.322030864],[-53.9856904,-31.322068633],[-53.985758705,-31.322097128],[-53.985823214,-31.322169809],[-53.985863054,-31.322185145],[-53.985942426,-31.322220944],[-53.986023762,-31.322301224],[-53.987438924,-31.321777867],[-53.986625289,-31.320467271]]]]}";2017-11-12;0.1349822641509434;0.1492720754716981;0.2158701492537313;0.386;0.4398970149253731;0.4771901886792452;0.3323776119402984;0.2212537313432835;0.523444318951886;0.6025887552935578;0.3770523648848382;0.4366565889200619;1;11;2017;42;False;False;True;False
2017-11-13;2;30;0;15.0;4290.6025;935.7534;3354.8494;11.3;24.61;29.5;37.43;1.46;32.31;0.0;10.4;4.96;0.0;"{""type"":""MultiPolygon"",""coordinates"":[[[[-53.986625289,-31.320467271],[-53.984874596,-31.32129943],[-53.98502192,-31.321379797],[-53.985078874,-31.321476576],[-53.985182575,-31.321613611],[-53.985222437,-31.321725085],[-53.985248612,-31.321806578],[-53.985368085,-31.321820874],[-53.985511718,-31.321883598],[-53.985591954,-31.321942097],[-53.985642983,-31.322030864],[-53.9856904,-31.322068633],[-53.985758705,-31.322097128],[-53.985823214,-31.322169809],[-53.985863054,-31.322185145],[-53.985942426,-31.322220944],[-53.986023762,-31.322301224],[-53.987438924,-31.321777867],[-53.986625289,-31.320467271]]]]}";2017-11-12;0.1349822641509434;0.1492720754716981;0.2158701492537313;0.386;0.4398970149253731;0.4771901886792452;0.3323776119402984;0.2212537313432835;0.523444318951886;0.6025887552935578;0.3770523648848382;0.4366565889200619;1;11;2017;0;False;False;True;False
2017-12-11;2;30;0;12.4;12246.924;6841.2;5405.7236;13.9;21.58;26.5;47.93;5.81;34.17;0.0;10.2;6.98;0.0;"{""type"":""MultiPolygon"",""coordinates"":[[[[-53.986625289,-31.320467271],[-53.984874596,-31.32129943],[-53.98502192,-31.321379797],[-53.985078874,-31.321476576],[-53.985182575,-31.321613611],[-53.985222437,-31.321725085],[-53.985248612,-31.321806578],[-53.985368085,-31.321820874],[-53.985511718,-31.321883598],[-53.985591954,-31.321942097],[-53.985642983,-31.322030864],[-53.9856904,-31.322068633],[-53.985758705,-31.322097128],[-53.985823214,-31.322169809],[-53.985863054,-31.322185145],[-53.985942426,-31.322220944],[-53.986023762,-31.322301224],[-53.987438924,-31.321777867],[-53.986625289,-31.320467271]]]]}";2017-12-12;0.1641018656716417;0.2256447761194029;0.277255223880597;0.3583462686567164;0.394765671641791;0.433205223880597;0.4534492537313432;0.3204149253731343;0.3150344505747803;0.3334176074984107;0.2195055340398333;0.2686634781393546;1;12;2017;28;False;False;False;True
2018-01-15;2;30;0;10.4;2758.2637;96.39682;2661.8667;20.6;23.07;25.2;80.27;4.47;14.04;1.8;12.9;1.68;0.0;"{""type"":""MultiPolygon"",""coordinates"":[[[[-53.986625289,-31.320467271],[-53.984874596,-31.32129943],[-53.98502192,-31.321379797],[-53.985078874,-31.321476576],[-53.985182575,-31.321613611],[-53.985222437,-31.321725085],[-53.985248612,-31.321806578],[-53.985368085,-31.321820874],[-53.985511718,-31.321883598],[-53.985591954,-31.321942097],[-53.985642983,-31.322030864],[-53.9856904,-31.322068633],[-53.985758705,-31.322097128],[-53.985823214,-31.322169809],[-53.985863054,-31.322185145],[-53.985942426,-31.322220944],[-53.986023762,-31.322301224],[-53.987438924,-31.321777867],[-53.986625289,-31.320467271]]]]}";2018-01-11;0.1598237735849056;0.2016354716981132;0.2510701492537313;0.3481955223880597;0.3883985074626865;0.3985962264150943;0.4434134328358209;0.310165671641791;0.3281412083635628;0.3492878942626941;0.2270797484470182;0.2685262864014235;4;1;2018;35;False;False;False;True
2018-01-15;2;30;1;10.6;1681.5686;508.40814;1173.1605;20.6;23.07;25.2;80.27;4.47;14.04;1.8;12.9;1.68;0.0;"{""type"":""MultiPolygon"",""coordinates"":[[[[-53.986625289,-31.320467271],[-53.984874596,-31.32129943],[-53.98502192,-31.321379797],[-53.985078874,-31.321476576],[-53.985182575,-31.321613611],[-53.985222437,-31.321725085],[-53.985248612,-31.321806578],[-53.985368085,-31.321820874],[-53.985511718,-31.321883598],[-53.985591954,-31.321942097],[-53.985642983,-31.322030864],[-53.9856904,-31.322068633],[-53.985758705,-31.322097128],[-53.985823214,-31.322169809],[-53.985863054,-31.322185145],[-53.985942426,-31.322220944],[-53.986023762,-31.322301224],[-53.987438924,-31.321777867],[-53.986625289,-31.320467271]]]]}";2018-01-11;0.1598237735849056;0.2016354716981132;0.2510701492537313;0.3481955223880597;0.3883985074626865;0.3985962264150943;0.4434134328358209;0.310165671641791;0.3281412083635628;0.3492878942626941;0.2270797484470182;0.2685262864014235;4;1;2018;0;False;False;False;True
2018-02-19;2;30;0;5.2;1251.6;275.6;976.0;21.5;27.6;33.0;56.57;3.02;20.44;0.0;17.25;5.08;0.0;"{""type"":""MultiPolygon"",""coordinates"":[[[[-53.986625289,-31.320467271],[-53.984874596,-31.32129943],[-53.98502192,-31.321379797],[-53.985078874,-31.321476576],[-53.985182575,-31.321613611],[-53.985222437,-31.321725085],[-53.985248612,-31.321806578],[-53.985368085,-31.321820874],[-53.985511718,-31.321883598],[-53.985591954,-31.321942097],[-53.985642983,-31.322030864],[-53.9856904,-31.322068633],[-53.985758705,-31.322097128],[-53.985823214,-31.322169809],[-53.985863054,-31.322185145],[-53.985942426,-31.322220944],[-53.986023762,-31.322301224],[-53.987438924,-31.321777867],[-53.986625289,-31.320467271]]]]}";2018-02-17;0.1706082089552238;0.2094388059701492;0.258155223880597;0.3516671641791045;0.3863462686567164;0.4091850746268656;0.4688761194029851;0.3374164179104477;0.3228880664353716;0.3602260678995048;0.2263160955273551;0.2678464211090919;2;2;2018;35;False;False;False;True
2018-02-19;2;30;1;9.2;1895.2;0.0;1895.2;21.5;27.6;33.0;56.57;3.02;20.44;0.0;17.25;5.08;0.0;"{""type"":""MultiPolygon"",""coordinates"":[[[[-53.986625289,-31.320467271],[-53.984874596,-31.32129943],[-53.98502192,-31.321379797],[-53.985078874,-31.321476576],[-53.985182575,-31.321613611],[-53.985222437,-31.321725085],[-53.985248612,-31.321806578],[-53.985368085,-31.321820874],[-53.985511718,-31.321883598],[-53.985591954,-31.321942097],[-53.985642983,-31.322030864],[-53.9856904,-31.322068633],[-53.985758705,-31.322097128],[-53.985823214,-31.322169809],[-53.985863054,-31.322185145],[-53.985942426,-31.322220944],[-53.986023762,-31.322301224],[-53.987438924,-31.321777867],[-53.986625289,-31.320467271]]]]}";2018-02-17;0.1706082089552238;0.2094388059701492;0.258155223880597;0.3516671641791045;0.3863462686567164;0.4091850746268656;0.4688761194029851;0.3374164179104477;0.3228880664353716;0.3602260678995048;0.2263160955273551;0.2678464211090919;2;2;2018;0;False;False;False;True
2018-03-23;2;30;1;7.2;1110.8;560.4;550.4;15.6;25.99;30.6;54.92;3.51;22.92;0.0;13.1;4.79;0.0;"{""type"":""MultiPolygon"",""coordinates"":[[[[-53.986625289,-31.320467271],[-53.984874596,-31.32129943],[-53.98502192,-31.321379797],[-53.985078874,-31.321476576],[-53.985182575,-31.321613611],[-53.985222437,-31.321725085],[-53.985248612,-31.321806578],[-53.985368085,-31.321820874],[-53.985511718,-31.321883598],[-53.985591954,-31.321942097],[-53.985642983,-31.322030864],[-53.9856904,-31.322068633],[-53.985758705,-31.322097128],[-53.985823214,-31.322169809],[-53.985863054,-31.322185145],[-53.985942426,-31.322220944],[-53.986023762,-31.322301224],[-53.987438924,-31.321777867],[-53.986625289,-31.320467271]]]]}";2018-03-22;0.1467746268656716;0.1739376865671641;0.2251940298507462;0.3465791044776119;0.3844776119402985;0.4096828358208955;0.4040641791044776;0.282355223880597;0.4039356743130088;0.4357583721457622;0.290589901673259;0.3263298512483889;1;3;2018;32;False;True;False;False
2018-03-23;2;30;0;6.8;1420.4;530.8;889.6;15.6;25.99;30.6;54.92;3.51;22.92;0.0;13.1;4.79;0.0;"{""type"":""MultiPolygon"",""coordinates"":[[[[-53.986625289,-31.320467271],[-53.984874596,-31.32129943],[-53.98502192,-31.321379797],[-53.985078874,-31.321476576],[-53.985182575,-31.321613611],[-53.985222437,-31.321725085],[-53.985248612,-31.321806578],[-53.985368085,-31.321820874],[-53.985511718,-31.321883598],[-53.985591954,-31.321942097],[-53.985642983,-31.322030864],[-53.9856904,-31.322068633],[-53.985758705,-31.322097128],[-53.985823214,-31.322169809],[-53.985863054,-31.322185145],[-53.985942426,-31.322220944],[-53.986023762,-31.322301224],[-53.987438924,-31.321777867],[-53.986625289,-31.320467271]]]]}";2018-03-22;0.1467746268656716;0.1739376865671641;0.2251940298507462;0.3465791044776119;0.3844776119402985;0.4096828358208955;0.4040641791044776;0.282355223880597;0.4039356743130088;0.4357583721457622;0.290589901673259;0.3263298512483889;1;3;2018;0;False;True;False;False
2018-04-25;2;30;1;13.8;2096.4268;1508.4849;587.94196;20.2;24.08;26.2;79.33;1.73;10.16;0.0;13.2;1.16;0.0;"{""type"":""MultiPolygon"",""coordinates"":[[[[-53.986625289,-31.320467271],[-53.984874596,-31.32129943],[-53.98502192,-31.321379797],[-53.985078874,-31.321476576],[-53.985182575,-31.321613611],[-53.985222437,-31.321725085],[-53.985248612,-31.321806578],[-53.985368085,-31.321820874],[-53.985511718,-31.321883598],[-53.985591954,-31.321942097],[-53.985642983,-31.322030864],[-53.9856904,-31.322068633],[-53.985758705,-31.322097128],[-53.985823214,-31.322169809],[-53.985863054,-31.322185145],[-53.985942426,-31.322220944],[-53.986023762,-31.322301224],[-53.987438924,-31.321777867],[-53.986625289,-31.320467271]]]]}";2018-04-18;0.1362996268656716;0.1441865671641791;0.2012731343283582;0.3956134328358209;0.4589522388059701;0.4704380597014925;0.3629014925373134;0.2347567164179104;0.5308142210328595;0.6210480154184844;0.4007152594231929;0.4390511630647356;7;4;2018;33;False;True;False;False
2018-04-25;2;30;0;4.6;1791.4126;863.75085;927.66174;20.2;24.08;26.2;79.33;1.73;10.16;0.0;13.2;1.16;0.0;"{""type"":""MultiPolygon"",""coordinates"":[[[[-53.986625289,-31.320467271],[-53.984874596,-31.32129943],[-53.98502192,-31.321379797],[-53.985078874,-31.321476576],[-53.985182575,-31.321613611],[-53.985222437,-31.321725085],[-53.985248612,-31.321806578],[-53.985368085,-31.321820874],[-53.985511718,-31.321883598],[-53.985591954,-31.321942097],[-53.985642983,-31.322030864],[-53.9856904,-31.322068633],[-53.985758705,-31.322097128],[-53.985823214,-31.322169809],[-53.985863054,-31.322185145],[-53.985942426,-31.322220944],[-53.986023762,-31.322301224],[-53.987438924,-31.321777867],[-53.986625289,-31.320467271]]]]}";2018-04-18;0.1362996268656716;0.1441865671641791;0.2012731343283582;0.3956134328358209;0.4589522388059701;0.4704380597014925;0.3629014925373134;0.2347567164179104;0.5308142210328595;0.6210480154184844;0.4007152594231929;0.4390511630647356;7;4;2018;0;False;True;False;False
2018-06-08;2;30;1;12.2;2693.7664;1443.9314;1249.8351;3.8;11.42;14.9;66.27;3.96;13.96;0.0;;1.02;0.0;"{""type"":""MultiPolygon"",""coordinates"":[[[[-53.986625289,-31.320467271],[-53.984874596,-31.32129943],[-53.98502192,-31.321379797],[-53.985078874,-31.321476576],[-53.985182575,-31.321613611],[-53.985222437,-31.321725085],[-53.985248612,-31.321806578],[-53.985368085,-31.321820874],[-53.985511718,-31.321883598],[-53.985591954,-31.321942097],[-53.985642983,-31.322030864],[-53.9856904,-31.322068633],[-53.985758705,-31.322097128],[-53.985823214,-31.322169809],[-53.985863054,-31.322185145],[-53.985942426,-31.322220944],[-53.986023762,-31.322301224],[-53.987438924,-31.321777867],[-53.986625289,-31.320467271]]]]}";2018-06-07;0.1322864150943396;0.1451143396226415;0.2054567164179104;0.3701910447761194;0.4167402985074626;0.4523577358490566;0.3221208955223881;0.2179820895522388;0.5142389223527303;0.5771365204904572;0.3753353526671135;0.4199333218948108;1;6;2018;44;True;False;False;False
2018-06-08;2;30;0;7.8;1104.1991;102.9866;1001.21246;3.8;11.42;14.9;66.27;3.96;13.96;0.0;;1.02;0.0;"{""type"":""MultiPolygon"",""coordinates"":[[[[-53.986625289,-31.320467271],[-53.984874596,-31.32129943],[-53.98502192,-31.321379797],[-53.985078874,-31.321476576],[-53.985182575,-31.321613611],[-53.985222437,-31.321725085],[-53.985248612,-31.321806578],[-53.985368085,-31.321820874],[-53.985511718,-31.321883598],[-53.985591954,-31.321942097],[-53.985642983,-31.322030864],[-53.9856904,-31.322068633],[-53.985758705,-31.322097128],[-53.985823214,-31.322169809],[-53.985863054,-31.322185145],[-53.985942426,-31.322220944],[-53.986023762,-31.322301224],[-53.987438924,-31.321777867],[-53.986625289,-31.320467271]]]]}";2018-06-07;0.1322864150943396;0.1451143396226415;0.2054567164179104;0.3701910447761194;0.4167402985074626;0.4523577358490566;0.3221208955223881;0.2179820895522388;0.5142389223527303;0.5771365204904572;0.3753353526671135;0.4199333218948108;1;6;2018;0;True;False;False;False
2018-08-20;2;30;0;7.0;871.304;32.154736;839.14923;3.5;8.27;10.4;68.64;;17.46;0.0;;0.0;0.0;"{""type"":""MultiPolygon"",""coordinates"":[[[[-53.986625289,-31.320467271],[-53.984874596,-31.32129943],[-53.98502192,-31.321379797],[-53.985078874,-31.321476576],[-53.985182575,-31.321613611],[-53.985222437,-31.321725085],[-53.985248612,-31.321806578],[-53.985368085,-31.321820874],[-53.985511718,-31.321883598],[-53.985591954,-31.321942097],[-53.985642983,-31.322030864],[-53.9856904,-31.322068633],[-53.985758705,-31.322097128],[-53.985823214,-31.322169809],[-53.985863054,-31.322185145],[-53.985942426,-31.322220944],[-53.986023762,-31.322301224],[-53.987438924,-31.321777867],[-53.986625289,-31.320467271]]]]}";2018-08-26;0.1407492537313432;0.1568597014925373;0.2324910447761194;0.3982283582089552;0.4409507462686567;0.4850820895522388;0.3453358208955224;0.2334522388059701;0.511296183919591;0.5986746392309401;0.3520073880867101;0.4311371962655911;6;8;2018;73;True;False;False;False
2018-08-20;2;30;1;6.6;983.6;0.0;983.6;3.5;8.27;10.4;68.64;;17.46;0.0;;0.0;0.0;"{""type"":""MultiPolygon"",""coordinates"":[[[[-53.986625289,-31.320467271],[-53.984874596,-31.32129943],[-53.98502192,-31.321379797],[-53.985078874,-31.321476576],[-53.985182575,-31.321613611],[-53.985222437,-31.321725085],[-53.985248612,-31.321806578],[-53.985368085,-31.321820874],[-53.985511718,-31.321883598],[-53.985591954,-31.321942097],[-53.985642983,-31.322030864],[-53.9856904,-31.322068633],[-53.985758705,-31.322097128],[-53.985823214,-31.322169809],[-53.985863054,-31.322185145],[-53.985942426,-31.322220944],[-53.986023762,-31.322301224],[-53.987438924,-31.321777867],[-53.986625289,-31.320467271]]]]}";2018-08-26;0.1407492537313432;0.1568597014925373;0.2324910447761194;0.3982283582089552;0.4409507462686567;0.4850820895522388;0.3453358208955224;0.2334522388059701;0.511296183919591;0.5986746392309401;0.3520073880867101;0.4311371962655911;6;8;2018;0;True;False;False;False
2018-10-04;2;30;1;19.0;2664.3237;0.0;2664.3237;;;;;;;;;;;"{""type"":""MultiPolygon"",""coordinates"":[[[[-53.986625289,-31.320467271],[-53.984874596,-31.32129943],[-53.98502192,-31.321379797],[-53.985078874,-31.321476576],[-53.985182575,-31.321613611],[-53.985222437,-31.321725085],[-53.985248612,-31.321806578],[-53.985368085,-31.321820874],[-53.985511718,-31.321883598],[-53.985591954,-31.321942097],[-53.985642983,-31.322030864],[-53.9856904,-31.322068633],[-53.985758705,-31.322097128],[-53.985823214,-31.322169809],[-53.985863054,-31.322185145],[-53.985942426,-31.322220944],[-53.986023762,-31.322301224],[-53.987438924,-31.321777867],[-53.986625289,-31.320467271]]]]}";2018-10-03;0.1279298113207547;0.1328520754716981;0.2150641791044776;0.4466388059701492;0.5073283582089553;0.53672;0.306810447761194;0.1965970149253731;0.6031731897477748;0.7346478673692379;0.4278565974594963;0.517968836207147;1;10;2018;45;False;False;True;False
2018-10-04;2;30;0;13.2;1850.9445;258.27133;1592.6731;;;;;;;;;;;"{""type"":""MultiPolygon"",""coordinates"":[[[[-53.986625289,-31.320467271],[-53.984874596,-31.32129943],[-53.98502192,-31.321379797],[-53.985078874,-31.321476576],[-53.985182575,-31.321613611],[-53.985222437,-31.321725085],[-53.985248612,-31.321806578],[-53.985368085,-31.321820874],[-53.985511718,-31.321883598],[-53.985591954,-31.321942097],[-53.985642983,-31.322030864],[-53.9856904,-31.322068633],[-53.985758705,-31.322097128],[-53.985823214,-31.322169809],[-53.985863054,-31.322185145],[-53.985942426,-31.322220944],[-53.986023762,-31.322301224],[-53.987438924,-31.321777867],[-53.986625289,-31.320467271]]]]}";2018-10-03;0.1279298113207547;0.1328520754716981;0.2150641791044776;0.4466388059701492;0.5073283582089553;0.53672;0.306810447761194;0.1965970149253731;0.6031731897477748;0.7346478673692379;0.4278565974594963;0.517968836207147;1;10;2018;0;False;False;True;False
2018-11-05;2;30;0;28.0;4989.238;770.34406;4218.8936;14.0;20.475;28.7;68.833336;2.275;31.2215;0.0;11.35;0.84;0.0;"{""type"":""MultiPolygon"",""coordinates"":[[[[-53.986625289,-31.320467271],[-53.984874596,-31.32129943],[-53.98502192,-31.321379797],[-53.985078874,-31.321476576],[-53.985182575,-31.321613611],[-53.985222437,-31.321725085],[-53.985248612,-31.321806578],[-53.985368085,-31.321820874],[-53.985511718,-31.321883598],[-53.985591954,-31.321942097],[-53.985642983,-31.322030864],[-53.9856904,-31.322068633],[-53.985758705,-31.322097128],[-53.985823214,-31.322169809],[-53.985863054,-31.322185145],[-53.985942426,-31.322220944],[-53.986023762,-31.322301224],[-53.987438924,-31.321777867],[-53.986625289,-31.320467271]]]]}";2018-11-02;0.1286313207547169;0.1363449056603773;0.2124791044776119;0.4167537313432836;0.4779805970149254;0.5007637735849056;0.3031970149253731;0.1969074626865671;0.5719885473169471;0.672807261143355;0.4041886403274045;0.4807177289769682;3;11;2018;32;False;False;True;False
2018-11-05;2;30;1;33.2;3513.002;3484.8228;28.179161;14.0;20.475;28.7;68.833336;2.275;31.2215;0.0;11.35;0.84;0.0;"{""type"":""MultiPolygon"",""coordinates"":[[[[-53.986625289,-31.320467271],[-53.984874596,-31.32129943],[-53.98502192,-31.321379797],[-53.985078874,-31.321476576],[-53.985182575,-31.321613611],[-53.985222437,-31.321725085],[-53.985248612,-31.321806578],[-53.985368085,-31.321820874],[-53.985511718,-31.321883598],[-53.985591954,-31.321942097],[-53.985642983,-31.322030864],[-53.9856904,-31.322068633],[-53.985758705,-31.322097128],[-53.985823214,-31.322169809],[-53.985863054,-31.322185145],[-53.985942426,-31.322220944],[-53.986023762,-31.322301224],[-53.987438924,-31.321777867],[-53.986625289,-31.320467271]]]]}";2018-11-02;0.1286313207547169;0.1363449056603773;0.2124791044776119;0.4167537313432836;0.4779805970149254;0.5007637735849056;0.3031970149253731;0.1969074626865671;0.5719885473169471;0.672807261143355;0.4041886403274045;0.4807177289769682;3;11;2018;0;False;False;True;False
2018-12-10;2;30;0;13.4;2428.7212;785.6486;1643.0726;16.6;24.591667;32.4;54.208332;2.8458333;28.325657;0.0;14.5;4.32;0.0;"{""type"":""MultiPolygon"",""coordinates"":[[[[-53.986625289,-31.320467271],[-53.984874596,-31.32129943],[-53.98502192,-31.321379797],[-53.985078874,-31.321476576],[-53.985182575,-31.321613611],[-53.985222437,-31.321725085],[-53.985248612,-31.321806578],[-53.985368085,-31.321820874],[-53.985511718,-31.321883598],[-53.985591954,-31.321942097],[-53.985642983,-31.322030864],[-53.9856904,-31.322068633],[-53.985758705,-31.322097128],[-53.985823214,-31.322169809],[-53.985863054,-31.322185145],[-53.985942426,-31.322220944],[-53.986023762,-31.322301224],[-53.987438924,-31.321777867],[-53.986625289,-31.320467271]]]]}";2018-12-07;0.1425175373134328;0.1705041044776119;0.2297223880597015;0.3652179104477612;0.4124044776119402;0.4502805970149254;0.3569328358208955;0.2385343283582089;0.4506820027372674;0.4980272223521865;0.3243488834552965;0.374438318302442;3;12;2018;35;False;False;False;True
2018-12-10;2;30;1;31.0;2065.8894;0.0;2065.8894;16.6;24.591667;32.4;54.208332;2.8458333;28.325657;0.0;14.5;4.32;0.0;"{""type"":""MultiPolygon"",""coordinates"":[[[[-53.986625289,-31.320467271],[-53.984874596,-31.32129943],[-53.98502192,-31.321379797],[-53.985078874,-31.321476576],[-53.985182575,-31.321613611],[-53.985222437,-31.321725085],[-53.985248612,-31.321806578],[-53.985368085,-31.321820874],[-53.985511718,-31.321883598],[-53.985591954,-31.321942097],[-53.985642983,-31.322030864],[-53.9856904,-31.322068633],[-53.985758705,-31.322097128],[-53.985823214,-31.322169809],[-53.985863054,-31.322185145],[-53.985942426,-31.322220944],[-53.986023762,-31.322301224],[-53.987438924,-31.321777867],[-53.986625289,-31.320467271]]]]}";2018-12-07;0.1425175373134328;0.1705041044776119;0.2297223880597015;0.3652179104477612;0.4124044776119402;0.4502805970149254;0.3569328358208955;0.2385343283582089;0.4506820027372674;0.4980272223521865;0.3243488834552965;0.374438318302442;3;12;2018;0;False;False;False;True
2019-01-14;2;30;0;10.4;2758.2637;96.39682;2661.8667;20.9;24.233334;28.4;84.791664;3.0;18.755081;0.2;14.65;0.1;0.0;"{""type"":""MultiPolygon"",""coordinates"":[[[[-53.986625289,-31.320467271],[-53.984874596,-31.32129943],[-53.98502192,-31.321379797],[-53.985078874,-31.321476576],[-53.985182575,-31.321613611],[-53.985222437,-31.321725085],[-53.985248612,-31.321806578],[-53.985368085,-31.321820874],[-53.985511718,-31.321883598],[-53.985591954,-31.321942097],[-53.985642983,-31.322030864],[-53.9856904,-31.322068633],[-53.985758705,-31.322097128],[-53.985823214,-31.322169809],[-53.985863054,-31.322185145],[-53.985942426,-31.322220944],[-53.986023762,-31.322301224],[-53.987438924,-31.321777867],[-53.986625289,-31.320467271]]]]}";2019-01-06;0.1387529850746268;0.1521694029850746;0.2081597014925373;0.3586298507462687;0.4103373134328358;0.4077007462686567;0.3398835820895522;0.2228686567164179;0.4564118012438918;0.4990574499349527;0.3240036691778157;0.3616452592756364;8;1;2019;35;False;False;False;True
2019-01-14;2;30;1;27.6;3712.5132;2560.138;1152.3752;20.9;24.233334;28.4;84.791664;3.0;18.755081;0.2;14.65;0.1;0.0;"{""type"":""MultiPolygon"",""coordinates"":[[[[-53.986625289,-31.320467271],[-53.984874596,-31.32129943],[-53.98502192,-31.321379797],[-53.985078874,-31.321476576],[-53.985182575,-31.321613611],[-53.985222437,-31.321725085],[-53.985248612,-31.321806578],[-53.985368085,-31.321820874],[-53.985511718,-31.321883598],[-53.985591954,-31.321942097],[-53.985642983,-31.322030864],[-53.9856904,-31.322068633],[-53.985758705,-31.322097128],[-53.985823214,-31.322169809],[-53.985863054,-31.322185145],[-53.985942426,-31.322220944],[-53.986023762,-31.322301224],[-53.987438924,-31.321777867],[-53.986625289,-31.320467271]]]]}";2019-01-06;0.1387529850746268;0.1521694029850746;0.2081597014925373;0.3586298507462687;0.4103373134328358;0.4077007462686567;0.3398835820895522;0.2228686567164179;0.4564118012438918;0.4990574499349527;0.3240036691778157;0.3616452592756364;8;1;2019;0;False;False;False;True
2019-02-18;2;30;1;20.0;4887.976;2602.6758;2285.3003;17.7;23.795834;31.2;74.125;3.2083333;25.51021;0.0;14.45;2.06;0.0;"{""type"":""MultiPolygon"",""coordinates"":[[[[-53.986625289,-31.320467271],[-53.984874596,-31.32129943],[-53.98502192,-31.321379797],[-53.985078874,-31.321476576],[-53.985182575,-31.321613611],[-53.985222437,-31.321725085],[-53.985248612,-31.321806578],[-53.985368085,-31.321820874],[-53.985511718,-31.321883598],[-53.985591954,-31.321942097],[-53.985642983,-31.322030864],[-53.9856904,-31.322068633],[-53.985758705,-31.322097128],[-53.985823214,-31.322169809],[-53.985863054,-31.322185145],[-53.985942426,-31.322220944],[-53.986023762,-31.322301224],[-53.987438924,-31.321777867],[-53.986625289,-31.320467271]]]]}";2019-02-17;0.1414824626865671;0.1573283582089552;0.2267895522388059;0.3961567164179104;0.4430194029850746;0.4582425373134329;0.3468835820895522;0.2265313432835821;0.4888375673595074;0.5609489911682445;0.3378717414915742;0.4046101152946922;1;2;2019;35;False;False;False;True
2019-02-18;2;30;0;9.4;2280.3296;1491.3809;788.9487;17.7;23.795834;31.2;74.125;3.2083333;25.51021;0.0;14.45;2.06;0.0;"{""type"":""MultiPolygon"",""coordinates"":[[[[-53.986625289,-31.320467271],[-53.984874596,-31.32129943],[-53.98502192,-31.321379797],[-53.985078874,-31.321476576],[-53.985182575,-31.321613611],[-53.985222437,-31.321725085],[-53.985248612,-31.321806578],[-53.985368085,-31.321820874],[-53.985511718,-31.321883598],[-53.985591954,-31.321942097],[-53.985642983,-31.322030864],[-53.9856904,-31.322068633],[-53.985758705,-31.322097128],[-53.985823214,-31.322169809],[-53.985863054,-31.322185145],[-53.985942426,-31.322220944],[-53.986023762,-31.322301224],[-53.987438924,-31.321777867],[-53.986625289,-31.320467271]]]]}";2019-02-17;0.1414824626865671;0.1573283582089552;0.2267895522388059;0.3961567164179104;0.4430194029850746;0.4582425373134329;0.3468835820895522;0.2265313432835821;0.4888375673595074;0.5609489911682445;0.3378717414915742;0.4046101152946922;1;2;2019;0;False;False;False;True
2019-04-10;2;30;1;28.8;3592.1653;1260.1646;2332.0007;15.0;21.191668;29.2;68.833336;4.225;19.95285;0.0;12.1;1.88;0.0;"{""type"":""MultiPolygon"",""coordinates"":[[[[-53.986625289,-31.320467271],[-53.984874596,-31.32129943],[-53.98502192,-31.321379797],[-53.985078874,-31.321476576],[-53.985182575,-31.321613611],[-53.985222437,-31.321725085],[-53.985248612,-31.321806578],[-53.985368085,-31.321820874],[-53.985511718,-31.321883598],[-53.985591954,-31.321942097],[-53.985642983,-31.322030864],[-53.9856904,-31.322068633],[-53.985758705,-31.322097128],[-53.985823214,-31.322169809],[-53.985863054,-31.322185145],[-53.985942426,-31.322220944],[-53.986023762,-31.322301224],[-53.987438924,-31.321777867],[-53.986625289,-31.320467271]]]]}";2019-04-11;0.3417328301886792;0.3479320754716981;0.3994134328358209;0.4325492537313433;0.4453940298507463;0.4408898113207546;0.455044776119403;0.4133298507462686;0.1178437584015904;0.2407019164851175;0.049358822274409;0.1081891960421363;1;4;2019;51;False;True;False;False
2019-04-10;2;30;0;14.0;920.8;633.2;287.6;15.0;21.191668;29.2;68.833336;4.225;19.95285;0.0;12.1;1.88;0.0;"{""type"":""MultiPolygon"",""coordinates"":[[[[-53.986625289,-31.320467271],[-53.984874596,-31.32129943],[-53.98502192,-31.321379797],[-53.985078874,-31.321476576],[-53.985182575,-31.321613611],[-53.985222437,-31.321725085],[-53.985248612,-31.321806578],[-53.985368085,-31.321820874],[-53.985511718,-31.321883598],[-53.985591954,-31.321942097],[-53.985642983,-31.322030864],[-53.9856904,-31.322068633],[-53.985758705,-31.322097128],[-53.985823214,-31.322169809],[-53.985863054,-31.322185145],[-53.985942426,-31.322220944],[-53.986023762,-31.322301224],[-53.987438924,-31.321777867],[-53.986625289,-31.320467271]]]]}";2019-04-11;0.3417328301886792;0.3479320754716981;0.3994134328358209;0.4325492537313433;0.4453940298507463;0.4408898113207546;0.455044776119403;0.4133298507462686;0.1178437584015904;0.2407019164851175;0.049358822274409;0.1081891960421363;1;4;2019;0;False;True;False;False
2019-06-13;2;30;0;11.0;1403.603;154.17816;1249.4249;19.3;22.333334;28.2;73.333336;5.7458334;9.606022;0.0;13.75;0.33;0.0;"{""type"":""MultiPolygon"",""coordinates"":[[[[-53.986625289,-31.320467271],[-53.984874596,-31.32129943],[-53.98502192,-31.321379797],[-53.985078874,-31.321476576],[-53.985182575,-31.321613611],[-53.985222437,-31.321725085],[-53.985248612,-31.321806578],[-53.985368085,-31.321820874],[-53.985511718,-31.321883598],[-53.985591954,-31.321942097],[-53.985642983,-31.322030864],[-53.9856904,-31.322068633],[-53.985758705,-31.322097128],[-53.985823214,-31.322169809],[-53.985863054,-31.322185145],[-53.985942426,-31.322220944],[-53.986023762,-31.322301224],[-53.987438924,-31.321777867],[-53.986625289,-31.320467271]]]]}";2019-06-20;0.1226152985074627;0.146690671641791;0.2075701492537313;0.3708029850746268;0.4190462686567164;0.4440134328358209;0.3272134328358209;0.2164835820895522;0.5033362032535166;0.5292162996162904;0.3628748330702926;0.4088956298598022;7;6;2019;64;True;False;False;False
2019-06-13;2;30;1;14.8;2458.5989;1073.9459;1384.6531;19.3;22.333334;28.2;73.333336;5.7458334;9.606022;0.0;13.75;0.33;0.0;"{""type"":""MultiPolygon"",""coordinates"":[[[[-53.986625289,-31.320467271],[-53.984874596,-31.32129943],[-53.98502192,-31.321379797],[-53.985078874,-31.321476576],[-53.985182575,-31.321613611],[-53.985222437,-31.321725085],[-53.985248612,-31.321806578],[-53.985368085,-31.321820874],[-53.985511718,-31.321883598],[-53.985591954,-31.321942097],[-53.985642983,-31.322030864],[-53.9856904,-31.322068633],[-53.985758705,-31.322097128],[-53.985823214,-31.322169809],[-53.985863054,-31.322185145],[-53.985942426,-31.322220944],[-53.986023762,-31.322301224],[-53.987438924,-31.321777867],[-53.986625289,-31.320467271]]]]}";2019-06-20;0.1226152985074627;0.146690671641791;0.2075701492537313;0.3708029850746268;0.4190462686567164;0.4440134328358209;0.3272134328358209;0.2164835820895522;0.5033362032535166;0.5292162996162904;0.3628748330702926;0.4088956298598022;7;6;2019;0;True;False;False;False
2019-07-08;2;30;0;8.4;2159.6;886.0;1273.6;2.5;10.214286;19.9;61.285713;2.5619047;13.88923;0.0;1.2;0.41;0.0;"{""type"":""MultiPolygon"",""coordinates"":[[[[-53.986625289,-31.320467271],[-53.984874596,-31.32129943],[-53.98502192,-31.321379797],[-53.985078874,-31.321476576],[-53.985182575,-31.321613611],[-53.985222437,-31.321725085],[-53.985248612,-31.321806578],[-53.985368085,-31.321820874],[-53.985511718,-31.321883598],[-53.985591954,-31.321942097],[-53.985642983,-31.322030864],[-53.9856904,-31.322068633],[-53.985758705,-31.322097128],[-53.985823214,-31.322169809],[-53.985863054,-31.322185145],[-53.985942426,-31.322220944],[-53.986023762,-31.322301224],[-53.987438924,-31.321777867],[-53.986625289,-31.320467271]]]]}";2019-07-07;0.1292376865671641;0.160045895522388;0.2227925373134328;0.3624641791044776;0.4069373134328358;0.4482873134328358;0.3403865671641791;0.2282149253731343;0.4738216057701095;0.5006694500683837;0.336017801560639;0.3901012108743362;1;7;2019;25;True;False;False;False
2019-07-08;2;30;1;15.6;1911.6;0.0;1911.6;2.5;10.214286;19.9;61.285713;2.5619047;13.88923;0.0;1.2;0.41;0.0;"{""type"":""MultiPolygon"",""coordinates"":[[[[-53.986625289,-31.320467271],[-53.984874596,-31.32129943],[-53.98502192,-31.321379797],[-53.985078874,-31.321476576],[-53.985182575,-31.321613611],[-53.985222437,-31.321725085],[-53.985248612,-31.321806578],[-53.985368085,-31.321820874],[-53.985511718,-31.321883598],[-53.985591954,-31.321942097],[-53.985642983,-31.322030864],[-53.9856904,-31.322068633],[-53.985758705,-31.322097128],[-53.985823214,-31.322169809],[-53.985863054,-31.322185145],[-53.985942426,-31.322220944],[-53.986023762,-31.322301224],[-53.987438924,-31.321777867],[-53.986625289,-31.320467271]]]]}";2019-07-07;0.1292376865671641;0.160045895522388;0.2227925373134328;0.3624641791044776;0.4069373134328358;0.4482873134328358;0.3403865671641791;0.2282149253731343;0.4738216057701095;0.5006694500683837;0.336017801560639;0.3901012108743362;1;7;2019;0;True;False;False;False
2019-08-13;2;30;0;3.4;1292.4755;318.39493;974.0806;4.1;7.1041665;12.0;73.125;;16.861422;0.0;-1.95;0.0;0.0;"{""type"":""MultiPolygon"",""coordinates"":[[[[-53.986625289,-31.320467271],[-53.984874596,-31.32129943],[-53.98502192,-31.321379797],[-53.985078874,-31.321476576],[-53.985182575,-31.321613611],[-53.985222437,-31.321725085],[-53.985248612,-31.321806578],[-53.985368085,-31.321820874],[-53.985511718,-31.321883598],[-53.985591954,-31.321942097],[-53.985642983,-31.322030864],[-53.9856904,-31.322068633],[-53.985758705,-31.322097128],[-53.985823214,-31.322169809],[-53.985863054,-31.322185145],[-53.985942426,-31.322220944],[-53.986023762,-31.322301224],[-53.987438924,-31.321777867],[-53.986625289,-31.320467271]]]]}";2019-08-14;0.1466935849056603;0.1802441509433962;0.234465671641791;0.3247537313432835;0.3534940298507462;0.3888943396226415;0.3685313432835821;0.2616686567164179;0.3666070598594235;0.3807047916545599;0.2477359233673091;0.2927359605706164;1;8;2019;36;True;False;False;False
2019-08-13;2;30;1;11.2;1433.2;684.8;748.4;4.1;7.1041665;12.0;73.125;;16.861422;0.0;-1.95;0.0;0.0;"{""type"":""MultiPolygon"",""coordinates"":[[[[-53.986625289,-31.320467271],[-53.984874596,-31.32129943],[-53.98502192,-31.321379797],[-53.985078874,-31.321476576],[-53.985182575,-31.321613611],[-53.985222437,-31.321725085],[-53.985248612,-31.321806578],[-53.985368085,-31.321820874],[-53.985511718,-31.321883598],[-53.985591954,-31.321942097],[-53.985642983,-31.322030864],[-53.9856904,-31.322068633],[-53.985758705,-31.322097128],[-53.985823214,-31.322169809],[-53.985863054,-31.322185145],[-53.985942426,-31.322220944],[-53.986023762,-31.322301224],[-53.987438924,-31.321777867],[-53.986625289,-31.320467271]]]]}";2019-08-14;0.1466935849056603;0.1802441509433962;0.234465671641791;0.3247537313432835;0.3534940298507462;0.3888943396226415;0.3685313432835821;0.2616686567164179;0.3666070598594235;0.3807047916545599;0.2477359233673091;0.2927359605706164;1;8;2019;0;True;False;False;False
2016-08-09;3;13;0;24.2;1818.8768;1646.2827;172.59415;8.0;12.2;18.2;75.0;2.1;14.1;0.2;6.1;0.07;0.0;"{""type"":""MultiPolygon"",""coordinates"":[[[[-53.983813002,-31.321370174],[-53.984077225,-31.321323635],[-53.983677099,-31.320129309],[-53.983058396,-31.320480264],[-53.982988552,-31.322224838],[-53.983737243,-31.321866071],[-53.983650248,-31.321570297],[-53.983813002,-31.321370174]]]]}";2016-08-14;0.1497114093959731;0.1710718120805369;0.2247833333333333;0.337975;0.3727666666666666;0.3835100671140939;0.3373944444444444;0.2297333333333333;0.3830602170811313;0.4126279404334265;0.2609377870350228;0.3021646671889428;5;8;2016;0;True;False;False;False
2016-08-09;3;13;1;24.0;3652.9153;3519.7178;133.19763;8.0;12.2;18.2;75.0;2.1;14.1;0.2;6.1;0.07;0.0;"{""type"":""MultiPolygon"",""coordinates"":[[[[-53.983813002,-31.321370174],[-53.984077225,-31.321323635],[-53.983677099,-31.320129309],[-53.983058396,-31.320480264],[-53.982988552,-31.322224838],[-53.983737243,-31.321866071],[-53.983650248,-31.321570297],[-53.983813002,-31.321370174]]]]}";2016-08-14;0.1497114093959731;0.1710718120805369;0.2247833333333333;0.337975;0.3727666666666666;0.3835100671140939;0.3373944444444444;0.2297333333333333;0.3830602170811313;0.4126279404334265;0.2609377870350228;0.3021646671889428;5;8;2016;0;True;False;False;False
2016-08-09;3;14;1;20.6;1991.7717;1501.6227;490.14905;8.0;12.2;18.2;75.0;2.1;14.1;0.2;6.1;0.07;0.0;"{""type"":""MultiPolygon"",""coordinates"":[[[[-53.983734849,-31.321857965],[-53.984359998,-31.321565032],[-53.984084804,-31.32132102],[-53.983810881,-31.321373934],[-53.983654633,-31.321560759],[-53.983734849,-31.321857965]]]]}";2016-08-14;0.1484136363636364;0.1687863636363636;0.2255833333333333;0.3497333333333333;0.3874166666666666;0.3930363636363636;0.326;0.2195;0.3991472560901611;0.4337013223341017;0.2706881645109223;0.3167901678503089;5;8;2016;0;True;False;False;False
2016-08-09;3;14;0;21.2;678.71924;452.3068;226.41245;8.0;12.2;18.2;75.0;2.1;14.1;0.2;6.1;0.07;0.0;"{""type"":""MultiPolygon"",""coordinates"":[[[[-53.983734849,-31.321857965],[-53.984359998,-31.321565032],[-53.984084804,-31.32132102],[-53.983810881,-31.321373934],[-53.983654633,-31.321560759],[-53.983734849,-31.321857965]]]]}";2016-08-14;0.1484136363636364;0.1687863636363636;0.2255833333333333;0.3497333333333333;0.3874166666666666;0.3930363636363636;0.326;0.2195;0.3991472560901611;0.4337013223341017;0.2706881645109223;0.3167901678503089;5;8;2016;0;True;False;False;False
2016-08-09;3;15;1;26.6;1651.6698;1548.7576;102.91229;8.0;12.2;18.2;75.0;2.1;14.1;0.2;6.1;0.07;0.0;"{""type"":""MultiPolygon"",""coordinates"":[[[[-53.984366564,-31.321564195],[-53.985046674,-31.321232132],[-53.984527699,-31.32101317],[-53.984009664,-31.319945862],[-53.983681352,-31.320135063],[-53.984078576,-31.321319226],[-53.984366564,-31.321564195]]]]}";2016-08-14;0.1498776470588235;0.1725705882352941;0.22876;0.32642;0.356145;0.3661129411764706;0.32379;0.221975;0.3592876751819796;0.3787657620487809;0.230894585497249;0.2795014277122284;5;8;2016;0;True;False;False;False
2016-08-09;3;15;0;28.4;3125.9604;3060.6335;65.32687;8.0;12.2;18.2;75.0;2.1;14.1;0.2;6.1;0.07;0.0;"{""type"":""MultiPolygon"",""coordinates"":[[[[-53.984366564,-31.321564195],[-53.985046674,-31.321232132],[-53.984527699,-31.32101317],[-53.984009664,-31.319945862],[-53.983681352,-31.320135063],[-53.984078576,-31.321319226],[-53.984366564,-31.321564195]]]]}";2016-08-14;0.1498776470588235;0.1725705882352941;0.22876;0.32642;0.356145;0.3661129411764706;0.32379;0.221975;0.3592876751819796;0.3787657620487809;0.230894585497249;0.2795014277122284;5;8;2016;0;True;False;False;False
2016-08-09;3;16;0;34.8;4101.311;3903.8738;197.4373;8.0;12.2;18.2;75.0;2.1;14.1;0.2;6.1;0.07;0.0;"{""type"":""MultiPolygon"",""coordinates"":[[[[-53.986293657,-31.318724186],[-53.984009904,-31.319946788],[-53.984528145,-31.321016253],[-53.985039111,-31.321235003],[-53.986559086,-31.320506123],[-53.986356618,-31.320078719],[-53.986653953,-31.319828729],[-53.987193721,-31.319979783],[-53.987327781,-31.319877115],[-53.98697164,-31.319098879],[-53.98680888,-31.318913993],[-53.986293657,-31.318724186]]]]}";2016-08-14;0.1527795789473684;0.1789153684210526;0.228793220338983;0.3265474576271186;0.3571661016949152;0.3693216842105263;0.3423872881355932;0.2319559322033898;0.347306543538984;0.3670222682278907;0.2349522855936638;0.2724664931154584;5;8;2016;0;True;False;False;False
2016-08-09;3;16;1;29.2;5016.235;4779.924;236.31084;8.0;12.2;18.2;75.0;2.1;14.1;0.2;6.1;0.07;0.0;"{""type"":""MultiPolygon"",""coordinates"":[[[[-53.986293657,-31.318724186],[-53.984009904,-31.319946788],[-53.984528145,-31.321016253],[-53.985039111,-31.321235003],[-53.986559086,-31.320506123],[-53.986356618,-31.320078719],[-53.986653953,-31.319828729],[-53.987193721,-31.319979783],[-53.987327781,-31.319877115],[-53.98697164,-31.319098879],[-53.98680888,-31.318913993],[-53.986293657,-31.318724186]]]]}";2016-08-14;0.1527795789473684;0.1789153684210526;0.228793220338983;0.3265474576271186;0.3571661016949152;0.3693216842105263;0.3423872881355932;0.2319559322033898;0.347306543538984;0.3670222682278907;0.2349522855936638;0.2724664931154584;5;8;2016;0;True;False;False;False
2016-08-09;3;17;1;20.2;1571.1523;1390.8862;180.26617;8.0;12.2;18.2;75.0;2.1;14.1;0.2;6.1;0.07;0.0;"{""type"":""MultiPolygon"",""coordinates"":[[[[-53.987407043,-31.318129873],[-53.986293403,-31.318725015],[-53.986803464,-31.318912944],[-53.986972091,-31.319095438],[-53.987326732,-31.31987896],[-53.987191778,-31.319979999],[-53.986657118,-31.319828558],[-53.986356025,-31.320083029],[-53.986562987,-31.320509797],[-53.988366007,-31.319623502],[-53.987838098,-31.318584835],[-53.987407043,-31.318129873]]]]}";2016-08-14;0.1463276150627615;0.1667451882845188;0.2148368421052631;0.3022;0.3306228070175439;0.3425995815899581;0.3125684210526316;0.2180052631578947;0.3452561088411233;0.352947321588577;0.2291969703697534;0.2613394330967436;5;8;2016;0;True;False;False;False
2016-08-09;3;17;0;23.8;2078.6042;1978.8229;99.78141;8.0;12.2;18.2;75.0;2.1;14.1;0.2;6.1;0.07;0.0;"{""type"":""MultiPolygon"",""coordinates"":[[[[-53.987407043,-31.318129873],[-53.986293403,-31.318725015],[-53.986803464,-31.318912944],[-53.986972091,-31.319095438],[-53.987326732,-31.31987896],[-53.987191778,-31.319979999],[-53.986657118,-31.319828558],[-53.986356025,-31.320083029],[-53.986562987,-31.320509797],[-53.988366007,-31.319623502],[-53.987838098,-31.318584835],[-53.987407043,-31.318129873]]]]}";2016-08-14;0.1463276150627615;0.1667451882845188;0.2148368421052631;0.3022;0.3306228070175439;0.3425995815899581;0.3125684210526316;0.2180052631578947;0.3452561088411233;0.352947321588577;0.2291969703697534;0.2613394330967436;5;8;2016;0;True;False;False;False
2016-08-09;3;18;1;26.8;3302.758;3086.8027;215.95537;8.0;12.2;18.2;75.0;2.1;14.1;0.2;6.1;0.07;0.0;"{""type"":""MultiPolygon"",""coordinates"":[[[[-53.987842351,-31.318584565],[-53.988371183,-31.319618185],[-53.988957721,-31.319342747],[-53.987625525,-31.317990519],[-53.987399806,-31.318123429],[-53.987842351,-31.318584565]]]]}";2016-08-14;0.1448527027027027;0.1636351351351351;0.2191428571428571;0.335095238095238;0.3704047619047619;0.3796324324324324;0.3242285714285714;0.2203;0.3975891626743081;0.4235081774877575;0.2680297234767492;0.3105588211673821;5;8;2016;0;True;False;False;False
2016-08-09;3;18;0;24.8;2541.294;2268.7615;272.53235;8.0;12.2;18.2;75.0;2.1;14.1;0.2;6.1;0.07;0.0;"{""type"":""MultiPolygon"",""coordinates"":[[[[-53.987842351,-31.318584565],[-53.988371183,-31.319618185],[-53.988957721,-31.319342747],[-53.987625525,-31.317990519],[-53.987399806,-31.318123429],[-53.987842351,-31.318584565]]]]}";2016-08-14;0.1448527027027027;0.1636351351351351;0.2191428571428571;0.335095238095238;0.3704047619047619;0.3796324324324324;0.3242285714285714;0.2203;0.3975891626743081;0.4235081774877575;0.2680297234767492;0.3105588211673821;5;8;2016;0;True;False;False;False
2016-09-12;3;31;1;26.4;3093.732;1777.2762;1316.4557;12.9;16.5;21.2;83.4;4.0;5.6;5.8;10.05;0.0;0.0;"{""type"":""MultiPolygon"",""coordinates"":[[[[-53.983865827,-31.320020808],[-53.983068654,-31.320458337],[-53.983005674,-31.322223802],[-53.984569824,-31.321450693],[-53.984274088,-31.321116291],[-53.983865827,-31.320020808]]]]}";2016-09-10;0.1308193396226415;0.1421924528301886;0.2007431372549019;0.3710745098039215;0.4178568627450981;0.4393344339622641;0.3159392156862745;0.209678431372549;0.5109686033109;0.5664836183672269;0.3727537214804433;0.4121145550250628;2;9;2016;0;False;False;True;False
2016-09-12;3;31;0;29.6;3574.1099;2834.7532;739.3567;12.9;16.5;21.2;83.4;4.0;5.6;5.8;10.05;0.0;0.0;"{""type"":""MultiPolygon"",""coordinates"":[[[[-53.983865827,-31.320020808],[-53.983068654,-31.320458337],[-53.983005674,-31.322223802],[-53.984569824,-31.321450693],[-53.984274088,-31.321116291],[-53.983865827,-31.320020808]]]]}";2016-09-10;0.1308193396226415;0.1421924528301886;0.2007431372549019;0.3710745098039215;0.4178568627450981;0.4393344339622641;0.3159392156862745;0.209678431372549;0.5109686033109;0.5664836183672269;0.3727537214804433;0.4121145550250628;2;9;2016;0;False;False;True;False
2016-11-23;3;31;0;33.6;5156.782;4620.9116;535.8704;8.9;17.8;26.0;59.3;2.0;33.7;0.2;7.45;2.65;0.0;"{""type"":""MultiPolygon"",""coordinates"":[[[[-53.983865827,-31.320020808],[-53.983068654,-31.320458337],[-53.983005674,-31.322223802],[-53.984569824,-31.321450693],[-53.984274088,-31.321116291],[-53.983865827,-31.320020808]]]]}";2016-11-29;0.1494647887323943;0.1768746478873239;0.2336739999999999;0.366316;0.407654;0.422837558685446;0.3801239999999999;0.260416;0.4101349082149731;0.4511095948821417;0.2881343918212412;0.3354917441054787;6;11;2016;72;False;False;True;False
2016-11-23;3;31;1;47.4;6677.858;5031.5;1646.3577;8.9;17.8;26.0;59.3;2.0;33.7;0.2;7.45;2.65;0.0;"{""type"":""MultiPolygon"",""coordinates"":[[[[-53.983865827,-31.320020808],[-53.983068654,-31.320458337],[-53.983005674,-31.322223802],[-53.984569824,-31.321450693],[-53.984274088,-31.321116291],[-53.983865827,-31.320020808]]]]}";2016-11-29;0.1494647887323943;0.1768746478873239;0.2336739999999999;0.366316;0.407654;0.422837558685446;0.3801239999999999;0.260416;0.4101349082149731;0.4511095948821417;0.2881343918212412;0.3354917441054787;6;11;2016;0;False;False;True;False
2016-12-29;3;31;1;41.8;8071.2256;8010.7217;60.50394;20.1;23.0;27.6;83.4;3.3;12.4;10.8;13.85;0.0;0.0;"{""type"":""MultiPolygon"",""coordinates"":[[[[-53.983865827,-31.320020808],[-53.983068654,-31.320458337],[-53.983005674,-31.322223802],[-53.984569824,-31.321450693],[-53.984274088,-31.321116291],[-53.983865827,-31.320020808]]]]}";2016-12-22;0.8864415094339624;0.8709188679245282;0.9591921568627452;0.9295196078431373;0.9183235294117646;0.8716962264150944;0.6036862745098039;0.4933764705882353;0.0004460873161785;0.0043292590662256;-0.0477887845303855;0.0005199455487445;7;12;2016;36;False;False;False;True
2016-12-29;3;31;0;20.0;3324.4192;3068.5505;255.86874;20.1;23.0;27.6;83.4;3.3;12.4;10.8;13.85;0.0;0.0;"{""type"":""MultiPolygon"",""coordinates"":[[[[-53.983865827,-31.320020808],[-53.983068654,-31.320458337],[-53.983005674,-31.322223802],[-53.984569824,-31.321450693],[-53.984274088,-31.321116291],[-53.983865827,-31.320020808]]]]}";2016-12-22;0.8864415094339624;0.8709188679245282;0.9591921568627452;0.9295196078431373;0.9183235294117646;0.8716962264150944;0.6036862745098039;0.4933764705882353;0.0004460873161785;0.0043292590662256;-0.0477887845303855;0.0005199455487445;7;12;2016;0;False;False;False;True
2017-01-30;3;31;0;43.6;5878.6743;5674.0337;204.64095;21.1;25.6;31.5;74.8;3.7;24.2;0.0;16.3;2.64;0.0;"{""type"":""MultiPolygon"",""coordinates"":[[[[-53.983865827,-31.320020808],[-53.983068654,-31.320458337],[-53.983005674,-31.322223802],[-53.984569824,-31.321450693],[-53.984274088,-31.321116291],[-53.983865827,-31.320020808]]]]}";2017-02-07;0.1490910798122065;0.1554206572769953;0.208906;0.434054;0.51456;0.5307267605633803;0.336802;0.217362;0.5469759027406202;0.6975599250818676;0.4351088509360354;0.4746114576167607;8;1;2017;32;False;False;False;True
2017-01-30;3;31;1;54.2;8603.08;8549.29;53.789623;21.1;25.6;31.5;74.8;3.7;24.2;0.0;16.3;2.64;0.0;"{""type"":""MultiPolygon"",""coordinates"":[[[[-53.983865827,-31.320020808],[-53.983068654,-31.320458337],[-53.983005674,-31.322223802],[-53.984569824,-31.321450693],[-53.984274088,-31.321116291],[-53.983865827,-31.320020808]]]]}";2017-02-07;0.1490910798122065;0.1554206572769953;0.208906;0.434054;0.51456;0.5307267605633803;0.336802;0.217362;0.5469759027406202;0.6975599250818676;0.4351088509360354;0.4746114576167607;8;1;2017;0;False;False;False;True
2017-04-18;3;31;0;32.8;10875.848;10875.848;0.0;12.2;16.6;23.0;83.7;4.0;13.2;0.0;7.6;0.21;0.0;"{""type"":""MultiPolygon"",""coordinates"":[[[[-53.983865827,-31.320020808],[-53.983068654,-31.320458337],[-53.983005674,-31.322223802],[-53.984569824,-31.321450693],[-53.984274088,-31.321116291],[-53.983865827,-31.320020808]]]]}";2017-04-11;0.1255806603773585;0.1479971698113207;0.2018725490196078;0.3429450980392157;0.3885941176470588;0.4096358490566037;0.2731215686274509;0.1860941176470588;0.4691950985550447;0.4824561937597318;0.339755432125893;0.3710720182393756;7;4;2017;78;False;True;False;False
2017-04-18;3;31;1;35.6;10283.676;10283.676;0.0;12.2;16.6;23.0;83.7;4.0;13.2;0.0;7.6;0.21;0.0;"{""type"":""MultiPolygon"",""coordinates"":[[[[-53.983865827,-31.320020808],[-53.983068654,-31.320458337],[-53.983005674,-31.322223802],[-53.984569824,-31.321450693],[-53.984274088,-31.321116291],[-53.983865827,-31.320020808]]]]}";2017-04-11;0.1255806603773585;0.1479971698113207;0.2018725490196078;0.3429450980392157;0.3885941176470588;0.4096358490566037;0.2731215686274509;0.1860941176470588;0.4691950985550447;0.4824561937597318;0.339755432125893;0.3710720182393756;7;4;2017;0;False;True;False;False
2017-05-19;3;31;0;31.2;9332.603;9279.902;52.70068;16.1;18.1;21.2;83.6;4.7;8.5;0.4;11.65;0.08;0.0;"{""type"":""MultiPolygon"",""coordinates"":[[[[-53.983865827,-31.320020808],[-53.983068654,-31.320458337],[-53.983005674,-31.322223802],[-53.984569824,-31.321450693],[-53.984274088,-31.321116291],[-53.983865827,-31.320020808]]]]}";2017-05-21;0.1350047169811321;0.170363679245283;0.2239058823529411;0.3309156862745098;0.3659882352941176;0.37765;0.2850745098039215;0.1990078431372549;0.3782502674754194;0.3735435992831177;0.25557744867476;0.2966845636556847;2;5;2017;31;False;True;False;False
2017-05-19;3;31;1;33.6;8056.744;7966.027;90.71754;16.1;18.1;21.2;83.6;4.7;8.5;0.4;11.65;0.08;0.0;"{""type"":""MultiPolygon"",""coordinates"":[[[[-53.983865827,-31.320020808],[-53.983068654,-31.320458337],[-53.983005674,-31.322223802],[-53.984569824,-31.321450693],[-53.984274088,-31.321116291],[-53.983865827,-31.320020808]]]]}";2017-05-21;0.1350047169811321;0.170363679245283;0.2239058823529411;0.3309156862745098;0.3659882352941176;0.37765;0.2850745098039215;0.1990078431372549;0.3782502674754194;0.3735435992831177;0.25557744867476;0.2966845636556847;2;5;2017;0;False;True;False;False
2017-06-26;3;31;1;28.2;7054.042;6550.6123;503.42947;13.8;17.8;23.7;76.1;5.0;11.1;0.0;11.75;0.29;0.0;"{""type"":""MultiPolygon"",""coordinates"":[[[[-53.983865827,-31.320020808],[-53.983068654,-31.320458337],[-53.983005674,-31.322223802],[-53.984569824,-31.321450693],[-53.984274088,-31.321116291],[-53.983865827,-31.320020808]]]]}";2017-07-02;0.1539646226415094;0.1967311320754717;0.2413941176470588;0.3426019607843137;0.3775980392156863;0.4137580188679245;0.3231235294117647;0.225378431372549;0.3554967135076497;0.3769371920724209;0.2630898864769613;0.293150392250228;6;6;2017;38;True;False;False;False
2017-06-26;3;31;0;23.6;6250.839;6250.839;0.0;13.8;17.8;23.7;76.1;5.0;11.1;0.0;11.75;0.29;0.0;"{""type"":""MultiPolygon"",""coordinates"":[[[[-53.983865827,-31.320020808],[-53.983068654,-31.320458337],[-53.983005674,-31.322223802],[-53.984569824,-31.321450693],[-53.984274088,-31.321116291],[-53.983865827,-31.320020808]]]]}";2017-07-02;0.1539646226415094;0.1967311320754717;0.2413941176470588;0.3426019607843137;0.3775980392156863;0.4137580188679245;0.3231235294117647;0.225378431372549;0.3554967135076497;0.3769371920724209;0.2630898864769613;0.293150392250228;6;6;2017;0;True;False;False;False
2017-07-26;3;31;0;19.2;1974.8662;1640.4233;334.4429;16.5;18.5;22.3;84.0;3.4;9.4;0.4;12.4;0.22;0.0;"{""type"":""MultiPolygon"",""coordinates"":[[[[-53.983865827,-31.320020808],[-53.983068654,-31.320458337],[-53.983005674,-31.322223802],[-53.984569824,-31.321450693],[-53.984274088,-31.321116291],[-53.983865827,-31.320020808]]]]}";2017-07-27;0.1590924528301886;0.2160179245283018;0.2662411764705882;0.3552411764705882;0.3892960784313725;0.409227358490566;0.3798529411764705;0.2600313725490196;0.3090138209910072;0.3194301471735074;0.2116844451210459;0.2575564237566652;1;7;2017;30;True;False;False;False
2017-07-26;3;31;1;29.6;12185.313;12044.276;141.03723;16.5;18.5;22.3;84.0;3.4;9.4;0.4;12.4;0.22;0.0;"{""type"":""MultiPolygon"",""coordinates"":[[[[-53.983865827,-31.320020808],[-53.983068654,-31.320458337],[-53.983005674,-31.322223802],[-53.984569824,-31.321450693],[-53.984274088,-31.321116291],[-53.983865827,-31.320020808]]]]}";2017-07-27;0.1590924528301886;0.2160179245283018;0.2662411764705882;0.3552411764705882;0.3892960784313725;0.409227358490566;0.3798529411764705;0.2600313725490196;0.3090138209910072;0.3194301471735074;0.2116844451210459;0.2575564237566652;1;7;2017;0;True;False;False;False
2017-10-02;3;31;1;38.6;4349.345;4349.345;0.0;10.4;14.5;18.8;78.8;4.5;17.6;1.2;4.6;0.01;0.0;"{""type"":""MultiPolygon"",""coordinates"":[[[[-53.983865827,-31.320020808],[-53.983068654,-31.320458337],[-53.983005674,-31.322223802],[-53.984569824,-31.321450693],[-53.984274088,-31.321116291],[-53.983865827,-31.320020808]]]]}";2017-10-03;0.1440443396226415;0.1611490566037735;0.2048666666666666;0.3158098039215686;0.3489078431372548;0.3669735849056604;0.3261882352941176;0.2290666666666666;0.3897286579375145;0.4104880724140591;0.2834828744448575;0.3002917939824374;1;10;2017;68;False;False;True;False
2017-10-02;3;31;0;29.6;3467.1528;3464.9102;2.2426603;10.4;14.5;18.8;78.8;4.5;17.6;1.2;4.6;0.01;0.0;"{""type"":""MultiPolygon"",""coordinates"":[[[[-53.983865827,-31.320020808],[-53.983068654,-31.320458337],[-53.983005674,-31.322223802],[-53.984569824,-31.321450693],[-53.984274088,-31.321116291],[-53.983865827,-31.320020808]]]]}";2017-10-03;0.1440443396226415;0.1611490566037735;0.2048666666666666;0.3158098039215686;0.3489078431372548;0.3669735849056604;0.3261882352941176;0.2290666666666666;0.3897286579375145;0.4104880724140591;0.2834828744448575;0.3002917939824374;1;10;2017;0;False;False;True;False
2017-11-13;3;31;1;37.6;10140.758;8870.68;1270.0786;11.3;24.61;29.5;37.43;1.46;32.31;0.0;10.4;4.96;0.0;"{""type"":""MultiPolygon"",""coordinates"":[[[[-53.983865827,-31.320020808],[-53.983068654,-31.320458337],[-53.983005674,-31.322223802],[-53.984569824,-31.321450693],[-53.984274088,-31.321116291],[-53.983865827,-31.320020808]]]]}";2017-11-12;0.1441462264150943;0.1664716981132075;0.2137431372549019;0.3370921568627451;0.3774627450980392;0.4078575471698113;0.3623627450980392;0.2518803921568627;0.4202917595423044;0.45524193017497;0.3122815253888608;0.3370277549221146;1;11;2017;42;False;False;True;False
2017-11-13;3;31;0;28.4;6858.5347;5583.0723;1275.4624;11.3;24.61;29.5;37.43;1.46;32.31;0.0;10.4;4.96;0.0;"{""type"":""MultiPolygon"",""coordinates"":[[[[-53.983865827,-31.320020808],[-53.983068654,-31.320458337],[-53.983005674,-31.322223802],[-53.984569824,-31.321450693],[-53.984274088,-31.321116291],[-53.983865827,-31.320020808]]]]}";2017-11-12;0.1441462264150943;0.1664716981132075;0.2137431372549019;0.3370921568627451;0.3774627450980392;0.4078575471698113;0.3623627450980392;0.2518803921568627;0.4202917595423044;0.45524193017497;0.3122815253888608;0.3370277549221146;1;11;2017;0;False;False;True;False
2017-12-11;3;31;0;28.2;5755.215;5755.215;0.0;13.9;21.58;26.5;47.93;5.81;34.17;0.0;10.2;6.98;0.0;"{""type"":""MultiPolygon"",""coordinates"":[[[[-53.983865827,-31.320020808],[-53.983068654,-31.320458337],[-53.983005674,-31.322223802],[-53.984569824,-31.321450693],[-53.984274088,-31.321116291],[-53.983865827,-31.320020808]]]]}";2017-12-12;0.1604793427230047;0.2078568075117371;0.248846;0.336442;0.37271;0.4056206572769953;0.421462;0.303586;0.3223653045403445;0.3411682837260014;0.2395456751445204;0.2664138108122124;1;12;2017;28;False;False;False;True
2017-12-11;3;31;1;25.8;6241.445;6241.445;0.0;13.9;21.58;26.5;47.93;5.81;34.17;0.0;10.2;6.98;0.0;"{""type"":""MultiPolygon"",""coordinates"":[[[[-53.983865827,-31.320020808],[-53.983068654,-31.320458337],[-53.983005674,-31.322223802],[-53.984569824,-31.321450693],[-53.984274088,-31.321116291],[-53.983865827,-31.320020808]]]]}";2017-12-12;0.1604793427230047;0.2078568075117371;0.248846;0.336442;0.37271;0.4056206572769953;0.421462;0.303586;0.3223653045403445;0.3411682837260014;0.2395456751445204;0.2664138108122124;1;12;2017;0;False;False;False;True
2018-01-15;3;31;0;18.4;3262.5156;3247.345;15.170778;20.6;23.07;25.2;80.27;4.47;14.04;1.8;12.9;1.68;0.0;"{""type"":""MultiPolygon"",""coordinates"":[[[[-53.983865827,-31.320020808],[-53.983068654,-31.320458337],[-53.983005674,-31.322223802],[-53.984569824,-31.321450693],[-53.984274088,-31.321116291],[-53.983865827,-31.320020808]]]]}";2018-01-11;0.1581179245283019;0.2011070754716981;0.2434058823529411;0.3347117647058823;0.3777372549019608;0.3901452830188679;0.4296588235294118;0.3061039215686274;0.3197250798792138;0.3349595384998571;0.231614127928895;0.2598457718001862;4;1;2018;35;False;False;False;True
2018-02-19;3;31;0;19.0;4254.904;4254.904;0.0;21.5;27.6;33.0;56.57;3.02;20.44;0.0;17.25;5.08;0.0;"{""type"":""MultiPolygon"",""coordinates"":[[[[-53.983865827,-31.320020808],[-53.983068654,-31.320458337],[-53.983005674,-31.322223802],[-53.984569824,-31.321450693],[-53.984274088,-31.321116291],[-53.983865827,-31.320020808]]]]}";2018-02-17;0.1633061032863849;0.1982211267605634;0.243782;0.348014;0.38825;0.4127821596244131;0.436274;0.30944;0.3511618311143759;0.3894557921679857;0.2574008299829974;0.2896855061005216;2;2;2018;35;False;False;False;True
2018-02-19;3;31;1;19.6;5053.965;5053.965;0.0;21.5;27.6;33.0;56.57;3.02;20.44;0.0;17.25;5.08;0.0;"{""type"":""MultiPolygon"",""coordinates"":[[[[-53.983865827,-31.320020808],[-53.983068654,-31.320458337],[-53.983005674,-31.322223802],[-53.984569824,-31.321450693],[-53.984274088,-31.321116291],[-53.983865827,-31.320020808]]]]}";2018-02-17;0.1633061032863849;0.1982211267605634;0.243782;0.348014;0.38825;0.4127821596244131;0.436274;0.30944;0.3511618311143759;0.3894557921679857;0.2574008299829974;0.2896855061005216;2;2;2018;0;False;False;False;True
2018-03-23;3;31;0;22.4;3962.8408;3962.8408;0.0;15.6;25.99;30.6;54.92;3.51;22.92;0.0;13.1;4.79;0.0;"{""type"":""MultiPolygon"",""coordinates"":[[[[-53.983865827,-31.320020808],[-53.983068654,-31.320458337],[-53.983005674,-31.322223802],[-53.984569824,-31.321450693],[-53.984274088,-31.321116291],[-53.983865827,-31.320020808]]]]}";2018-03-22;0.1397807511737089;0.1672507042253521;0.207254;0.304952;0.340952;0.3658882629107981;0.372184;0.264248;0.3725812047700482;0.375912220039139;0.2767799081944292;0.2883990900605565;1;3;2018;32;False;True;False;False
2018-04-25;3;31;0;18.0;3698.8599;3698.8599;0.0;20.2;24.08;26.2;79.33;1.73;10.16;0.0;13.2;1.16;0.0;"{""type"":""MultiPolygon"",""coordinates"":[[[[-53.983865827,-31.320020808],[-53.983068654,-31.320458337],[-53.983005674,-31.322223802],[-53.984569824,-31.321450693],[-53.984274088,-31.321116291],[-53.983865827,-31.320020808]]]]}";2018-04-18;0.1371882629107981;0.1506746478873239;0.191152;0.327912;0.377702;0.3891737089201878;0.35896;0.242502;0.4417889913442916;0.4715993939055236;0.3412251187159136;0.3440391949530381;7;4;2018;33;False;True;False;False
2018-06-08;3;31;0;27.0;4799.547;4751.103;48.444023;3.8;11.42;14.9;66.27;3.96;13.96;0.0;;1.02;0.0;"{""type"":""MultiPolygon"",""coordinates"":[[[[-53.983865827,-31.320020808],[-53.983068654,-31.320458337],[-53.983005674,-31.322223802],[-53.984569824,-31.321450693],[-53.984274088,-31.321116291],[-53.983865827,-31.320020808]]]]}";2018-06-07;0.1290528301886792;0.142791037735849;0.1806431372549019;0.2970470588235294;0.3352686274509803;0.3615070754716981;0.2996823529411765;0.2053058823529411;0.4337038589034638;0.4373071541450234;0.3336048459839002;0.3266699919966634;1;6;2018;44;True;False;False;False
2018-08-20;3;31;1;23.6;152.02791;0.0;152.02791;3.5;8.27;10.4;68.64;;17.46;0.0;;0.0;0.0;"{""type"":""MultiPolygon"",""coordinates"":[[[[-53.983865827,-31.320020808],[-53.983068654,-31.320458337],[-53.983005674,-31.322223802],[-53.984569824,-31.321450693],[-53.984274088,-31.321116291],[-53.983865827,-31.320020808]]]]}";2018-08-26;0.1409901408450704;0.1657732394366197;0.208002;0.30307;0.333568;0.3714281690140845;0.328878;0.228442;0.382826489920375;0.392878649023743;0.2820463582214891;0.2974180249398095;6;8;2018;73;True;False;False;False
2018-08-20;3;31;0;14.2;1327.5388;1216.6239;110.91483;3.5;8.27;10.4;68.64;;17.46;0.0;;0.0;0.0;"{""type"":""MultiPolygon"",""coordinates"":[[[[-53.983865827,-31.320020808],[-53.983068654,-31.320458337],[-53.983005674,-31.322223802],[-53.984569824,-31.321450693],[-53.984274088,-31.321116291],[-53.983865827,-31.320020808]]]]}";2018-08-26;0.1409901408450704;0.1657732394366197;0.208002;0.30307;0.333568;0.3714281690140845;0.328878;0.228442;0.382826489920375;0.392878649023743;0.2820463582214891;0.2974180249398095;6;8;2018;0;True;False;False;False
2018-10-04;3;31;1;20.2;2318.9585;2165.9128;153.04562;;;;;;;;;;;"{""type"":""MultiPolygon"",""coordinates"":[[[[-53.983865827,-31.320020808],[-53.983068654,-31.320458337],[-53.983005674,-31.322223802],[-53.984569824,-31.321450693],[-53.984274088,-31.321116291],[-53.983865827,-31.320020808]]]]}";2018-10-03;0.1275948113207547;0.1390745283018868;0.1902274509803921;0.333656862745098;0.3737960784313725;0.3928726415094339;0.2951647058823529;0.1977117647058823;0.4771115020643276;0.499461506286016;0.3475307123752129;0.3689114917393753;1;10;2018;45;False;False;True;False
2018-10-04;3;31;0;17.0;2172.3523;2109.1873;63.165077;;;;;;;;;;;"{""type"":""MultiPolygon"",""coordinates"":[[[[-53.983865827,-31.320020808],[-53.983068654,-31.320458337],[-53.983005674,-31.322223802],[-53.984569824,-31.321450693],[-53.984274088,-31.321116291],[-53.983865827,-31.320020808]]]]}";2018-10-03;0.1275948113207547;0.1390745283018868;0.1902274509803921;0.333656862745098;0.3737960784313725;0.3928726415094339;0.2951647058823529;0.1977117647058823;0.4771115020643276;0.499461506286016;0.3475307123752129;0.3689114917393753;1;10;2018;0;False;False;True;False
2018-11-05;3;31;1;29.6;5135.642;974.7582;4160.8843;14.0;20.475;28.7;68.833336;2.275;31.2215;0.0;11.35;0.84;0.0;"{""type"":""MultiPolygon"",""coordinates"":[[[[-53.983865827,-31.320020808],[-53.983068654,-31.320458337],[-53.983005674,-31.322223802],[-53.984569824,-31.321450693],[-53.984274088,-31.321116291],[-53.983865827,-31.320020808]]]]}";2018-11-02;0.1320919811320754;0.1453707547169811;0.198878431372549;0.3480725490196078;0.3936921568627451;0.4087924528301886;0.325321568627451;0.2189176470588235;0.4753503923134148;0.5103777435406078;0.3454403146746881;0.374830523718625;3;11;2018;32;False;False;True;False
2018-11-05;3;31;0;31.0;3066.7883;2744.96;321.8283;14.0;20.475;28.7;68.833336;2.275;31.2215;0.0;11.35;0.84;0.0;"{""type"":""MultiPolygon"",""coordinates"":[[[[-53.983865827,-31.320020808],[-53.983068654,-31.320458337],[-53.983005674,-31.322223802],[-53.984569824,-31.321450693],[-53.984274088,-31.321116291],[-53.983865827,-31.320020808]]]]}";2018-11-02;0.1320919811320754;0.1453707547169811;0.198878431372549;0.3480725490196078;0.3936921568627451;0.4087924528301886;0.325321568627451;0.2189176470588235;0.4753503923134148;0.5103777435406078;0.3454403146746881;0.374830523718625;3;11;2018;0;False;False;True;False
2018-12-10;3;31;0;28.4;5486.554;4726.0967;760.4575;16.6;24.591667;32.4;54.208332;2.8458333;28.325657;0.0;14.5;4.32;0.0;"{""type"":""MultiPolygon"",""coordinates"":[[[[-53.983865827,-31.320020808],[-53.983068654,-31.320458337],[-53.983005674,-31.322223802],[-53.984569824,-31.321450693],[-53.984274088,-31.321116291],[-53.983865827,-31.320020808]]]]}";2018-12-07;0.1371915492957746;0.1552887323943662;0.1982819999999999;0.336798;0.387166;0.415699530516432;0.327606;0.22404;0.4560703170929244;0.4937651220715036;0.3541108644319607;0.3647250027945757;3;12;2018;35;False;False;False;True
2018-12-10;3;31;1;47.4;2884.4646;2504.432;380.03265;16.6;24.591667;32.4;54.208332;2.8458333;28.325657;0.0;14.5;4.32;0.0;"{""type"":""MultiPolygon"",""coordinates"":[[[[-53.983865827,-31.320020808],[-53.983068654,-31.320458337],[-53.983005674,-31.322223802],[-53.984569824,-31.321450693],[-53.984274088,-31.321116291],[-53.983865827,-31.320020808]]]]}";2018-12-07;0.1371915492957746;0.1552887323943662;0.1982819999999999;0.336798;0.387166;0.415699530516432;0.327606;0.22404;0.4560703170929244;0.4937651220715036;0.3541108644319607;0.3647250027945757;3;12;2018;0;False;False;False;True
2019-01-14;3;31;1;38.4;5932.296;5905.2256;27.070452;20.9;24.233334;28.4;84.791664;3.0;18.755081;0.2;14.65;0.1;0.0;"{""type"":""MultiPolygon"",""coordinates"":[[[[-53.983865827,-31.320020808],[-53.983068654,-31.320458337],[-53.983005674,-31.322223802],[-53.984569824,-31.321450693],[-53.984274088,-31.321116291],[-53.983865827,-31.320020808]]]]}";2019-01-06;0.1326497652582159;0.1400572769953051;0.184866;0.33571;0.394572;0.3910122065727699;0.308552;0.20346;0.4725463189701355;0.5073967956964098;0.357968411063183;0.3650892596137471;8;1;2019;35;False;False;False;True
2019-01-14;3;31;0;18.4;2772.8323;2759.9385;12.893738;20.9;24.233334;28.4;84.791664;3.0;18.755081;0.2;14.65;0.1;0.0;"{""type"":""MultiPolygon"",""coordinates"":[[[[-53.983865827,-31.320020808],[-53.983068654,-31.320458337],[-53.983005674,-31.322223802],[-53.984569824,-31.321450693],[-53.984274088,-31.321116291],[-53.983865827,-31.320020808]]]]}";2019-01-06;0.1326497652582159;0.1400572769953051;0.184866;0.33571;0.394572;0.3910122065727699;0.308552;0.20346;0.4725463189701355;0.5073967956964098;0.357968411063183;0.3650892596137471;8;1;2019;0;False;False;False;True
2019-02-18;3;31;0;36.6;5937.644;5535.47;402.17343;17.7;23.795834;31.2;74.125;3.2083333;25.51021;0.0;14.45;2.06;0.0;"{""type"":""MultiPolygon"",""coordinates"":[[[[-53.983865827,-31.320020808],[-53.983068654,-31.320458337],[-53.983005674,-31.322223802],[-53.984569824,-31.321450693],[-53.984274088,-31.321116291],[-53.983865827,-31.320020808]]]]}";2019-02-17;0.1410849765258215;0.1573234741784037;0.216272;0.36138;0.405852;0.4169784037558686;0.317542;0.209342;0.4521227242220193;0.4982701337387256;0.3169463494463797;0.3625446463103236;1;2;2019;35;False;False;False;True
2019-02-18;3;31;1;41.0;5883.4116;5664.3037;219.10803;17.7;23.795834;31.2;74.125;3.2083333;25.51021;0.0;14.45;2.06;0.0;"{""type"":""MultiPolygon"",""coordinates"":[[[[-53.983865827,-31.320020808],[-53.983068654,-31.320458337],[-53.983005674,-31.322223802],[-53.984569824,-31.321450693],[-53.984274088,-31.321116291],[-53.983865827,-31.320020808]]]]}";2019-02-17;0.1410849765258215;0.1573234741784037;0.216272;0.36138;0.405852;0.4169784037558686;0.317542;0.209342;0.4521227242220193;0.4982701337387256;0.3169463494463797;0.3625446463103236;1;2;2019;0;False;False;False;True
2019-04-10;3;31;0;43.4;7299.2896;7287.2856;12.003765;15.0;21.191668;29.2;68.833336;4.225;19.95285;0.0;12.1;1.88;0.0;"{""type"":""MultiPolygon"",""coordinates"":[[[[-53.983865827,-31.320020808],[-53.983068654,-31.320458337],[-53.983005674,-31.322223802],[-53.984569824,-31.321450693],[-53.984274088,-31.321116291],[-53.983865827,-31.320020808]]]]}";2019-04-11;0.354077358490566;0.3578943396226415;0.4057764705882353;0.4327509803921569;0.4444980392156862;0.4475613207547169;0.4509843137254902;0.4075823529411765;0.1113245403105941;0.2386417503926853;0.048966365477289;0.1030295212471897;1;4;2019;51;False;True;False;False
2019-06-13;3;31;0;20.0;5263.1436;5109.908;153.23546;19.3;22.333334;28.2;73.333336;5.7458334;9.606022;0.0;13.75;0.33;0.0;"{""type"":""MultiPolygon"",""coordinates"":[[[[-53.983865827,-31.320020808],[-53.983068654,-31.320458337],[-53.983005674,-31.322223802],[-53.984569824,-31.321450693],[-53.984274088,-31.321116291],[-53.983865827,-31.320020808]]]]}";2019-06-20;0.1410089201877934;0.1886521126760563;0.2344;0.332358;0.367834;0.3895145539906103;0.3408739999999999;0.2337699999999999;0.3474126975748988;0.3430355297307829;0.2486150595437861;0.2794499879163682;7;6;2019;64;True;False;False;False
2019-06-13;3;31;1;30.8;6053.1997;6053.1997;0.0;19.3;22.333334;28.2;73.333336;5.7458334;9.606022;0.0;13.75;0.33;0.0;"{""type"":""MultiPolygon"",""coordinates"":[[[[-53.983865827,-31.320020808],[-53.983068654,-31.320458337],[-53.983005674,-31.322223802],[-53.984569824,-31.321450693],[-53.984274088,-31.321116291],[-53.983865827,-31.320020808]]]]}";2019-06-20;0.1410089201877934;0.1886521126760563;0.2344;0.332358;0.367834;0.3895145539906103;0.3408739999999999;0.2337699999999999;0.3474126975748988;0.3430355297307829;0.2486150595437861;0.2794499879163682;7;6;2019;0;True;False;False;False
2019-07-08;3;31;0;24.6;3383.4446;3267.41;116.03455;2.5;10.214286;19.9;61.285713;2.5619047;13.88923;0.0;1.2;0.41;0.0;"{""type"":""MultiPolygon"",""coordinates"":[[[[-53.983865827,-31.320020808],[-53.983068654,-31.320458337],[-53.983005674,-31.322223802],[-53.984569824,-31.321450693],[-53.984274088,-31.321116291],[-53.983865827,-31.320020808]]]]}";2019-07-07;0.1468558685446009;0.1972197183098591;0.244444;0.342842;0.378378;0.4140215962441314;0.345562;0.237378;0.3546911387893796;0.3623217629538104;0.2575344820008776;0.292648241783498;1;7;2019;25;True;False;False;False
2019-07-08;3;31;1;24.6;4643.9077;4640.3;3.607619;2.5;10.214286;19.9;61.285713;2.5619047;13.88923;0.0;1.2;0.41;0.0;"{""type"":""MultiPolygon"",""coordinates"":[[[[-53.983865827,-31.320020808],[-53.983068654,-31.320458337],[-53.983005674,-31.322223802],[-53.984569824,-31.321450693],[-53.984274088,-31.321116291],[-53.983865827,-31.320020808]]]]}";2019-07-07;0.1468558685446009;0.1972197183098591;0.244444;0.342842;0.378378;0.4140215962441314;0.345562;0.237378;0.3546911387893796;0.3623217629538104;0.2575344820008776;0.292648241783498;1;7;2019;0;True;False;False;False
2019-08-13;3;31;1;20.6;2314.9617;2294.8584;20.103207;4.1;7.1041665;12.0;73.125;;16.861422;0.0;-1.95;0.0;0.0;"{""type"":""MultiPolygon"",""coordinates"":[[[[-53.983865827,-31.320020808],[-53.983068654,-31.320458337],[-53.983005674,-31.322223802],[-53.984569824,-31.321450693],[-53.984274088,-31.321116291],[-53.983865827,-31.320020808]]]]}";2019-08-14;0.1596702830188679;0.203977358490566;0.2437313725490196;0.3173901960784314;0.3432098039215686;0.374354716981132;0.3600823529411764;0.2562372549019608;0.2946012606193477;0.3040950285177488;0.2113351952822751;0.2370012388104619;1;8;2019;36;True;False;False;False
2016-09-12;3;32;1;30.2;3054.558;2163.4055;891.15265;12.9;16.5;21.2;83.4;4.0;5.6;5.8;10.05;0.0;0.0;"{""type"":""MultiPolygon"",""coordinates"":[[[[-53.983861406,-31.320018582],[-53.984266106,-31.321120878],[-53.984564839,-31.321450339],[-53.987022313,-31.320265056],[-53.986858384,-31.320214431],[-53.986567402,-31.319988728],[-53.985097103,-31.319375392],[-53.983861406,-31.320018582]]]]}";2016-09-10;0.1329301630434782;0.1476220108695652;0.2004815217391304;0.3469141304347826;0.3859152173913043;0.4056119565217391;0.3208358695652174;0.2144304347826087;0.4663306319904553;0.4982933480515027;0.3384468603279018;0.3674254063764786;2;9;2016;0;False;False;True;False
2016-09-12;3;32;0;30.2;3993.0198;3373.0813;619.9385;12.9;16.5;21.2;83.4;4.0;5.6;5.8;10.05;0.0;0.0;"{""type"":""MultiPolygon"",""coordinates"":[[[[-53.983861406,-31.320018582],[-53.984266106,-31.321120878],[-53.984564839,-31.321450339],[-53.987022313,-31.320265056],[-53.986858384,-31.320214431],[-53.986567402,-31.319988728],[-53.985097103,-31.319375392],[-53.983861406,-31.320018582]]]]}";2016-09-10;0.1329301630434782;0.1476220108695652;0.2004815217391304;0.3469141304347826;0.3859152173913043;0.4056119565217391;0.3208358695652174;0.2144304347826087;0.4663306319904553;0.4982933480515027;0.3384468603279018;0.3674254063764786;2;9;2016;0;False;False;True;False
2016-11-23;3;32;1;40.2;3941.5918;3055.5361;886.05554;8.9;17.8;26.0;59.3;2.0;33.7;0.2;7.45;2.65;0.0;"{""type"":""MultiPolygon"",""coordinates"":[[[[-53.983861406,-31.320018582],[-53.984266106,-31.321120878],[-53.984564839,-31.321450339],[-53.987022313,-31.320265056],[-53.986858384,-31.320214431],[-53.986567402,-31.319988728],[-53.985097103,-31.319375392],[-53.983861406,-31.320018582]]]]}";2016-11-29;0.1484208219178082;0.1745654794520548;0.2318;0.3637516483516483;0.4044714285714286;0.4201002739726027;0.3775340659340659;0.2559571428571428;0.4128954679271883;0.4532379994861762;0.288848281693645;0.3364517348136542;6;11;2016;72;False;False;True;False
2016-11-23;3;32;0;31.2;5176.848;4572.199;604.6492;8.9;17.8;26.0;59.3;2.0;33.7;0.2;7.45;2.65;0.0;"{""type"":""MultiPolygon"",""coordinates"":[[[[-53.983861406,-31.320018582],[-53.984266106,-31.321120878],[-53.984564839,-31.321450339],[-53.987022313,-31.320265056],[-53.986858384,-31.320214431],[-53.986567402,-31.319988728],[-53.985097103,-31.319375392],[-53.983861406,-31.320018582]]]]}";2016-11-29;0.1484208219178082;0.1745654794520548;0.2318;0.3637516483516483;0.4044714285714286;0.4201002739726027;0.3775340659340659;0.2559571428571428;0.4128954679271883;0.4532379994861762;0.288848281693645;0.3364517348136542;6;11;2016;0;False;False;True;False
2016-12-29;3;32;0;29.4;5637.941;5604.5146;33.42653;20.1;23.0;27.6;83.4;3.3;12.4;10.8;13.85;0.0;0.0;"{""type"":""MultiPolygon"",""coordinates"":[[[[-53.983861406,-31.320018582],[-53.984266106,-31.321120878],[-53.984564839,-31.321450339],[-53.987022313,-31.320265056],[-53.986858384,-31.320214431],[-53.986567402,-31.319988728],[-53.985097103,-31.319375392],[-53.983861406,-31.320018582]]]]}";2016-12-22;0.8214029891304347;0.778760597826087;0.8471054347826086;0.8198967391304348;0.8073521739130435;0.7974891304347826;0.5469934782608696;0.4466304347826087;0.0118817039412653;0.151265745828949;-0.0301693228210731;0.0135305491100894;7;12;2016;36;False;False;False;True
2016-12-29;3;32;1;32.4;6583.7676;6330.3643;253.40344;20.1;23.0;27.6;83.4;3.3;12.4;10.8;13.85;0.0;0.0;"{""type"":""MultiPolygon"",""coordinates"":[[[[-53.983861406,-31.320018582],[-53.984266106,-31.321120878],[-53.984564839,-31.321450339],[-53.987022313,-31.320265056],[-53.986858384,-31.320214431],[-53.986567402,-31.319988728],[-53.985097103,-31.319375392],[-53.983861406,-31.320018582]]]]}";2016-12-22;0.8214029891304347;0.778760597826087;0.8471054347826086;0.8198967391304348;0.8073521739130435;0.7974891304347826;0.5469934782608696;0.4466304347826087;0.0118817039412653;0.151265745828949;-0.0301693228210731;0.0135305491100894;7;12;2016;0;False;False;False;True
2017-01-30;3;32;1;58.0;10060.846;9367.267;693.57965;21.1;25.6;31.5;74.8;3.7;24.2;0.0;16.3;2.64;0.0;"{""type"":""MultiPolygon"",""coordinates"":[[[[-53.983861406,-31.320018582],[-53.984266106,-31.321120878],[-53.984564839,-31.321450339],[-53.987022313,-31.320265056],[-53.986858384,-31.320214431],[-53.986567402,-31.319988728],[-53.985097103,-31.319375392],[-53.983861406,-31.320018582]]]]}";2017-02-07;0.1236797260273972;0.1235093150684931;0.1432791208791209;0.2314934065934066;0.2650186813186813;0.2717934246575342;0.191543956043956;0.1454241758241758;0.3751153095771924;0.3415893167860233;0.3096188971309937;0.2484368186470942;8;1;2017;32;False;False;False;True
2017-01-30;3;32;0;37.6;8032.29;7906.027;126.26333;21.1;25.6;31.5;74.8;3.7;24.2;0.0;16.3;2.64;0.0;"{""type"":""MultiPolygon"",""coordinates"":[[[[-53.983861406,-31.320018582],[-53.984266106,-31.321120878],[-53.984564839,-31.321450339],[-53.987022313,-31.320265056],[-53.986858384,-31.320214431],[-53.986567402,-31.319988728],[-53.985097103,-31.319375392],[-53.983861406,-31.320018582]]]]}";2017-02-07;0.1236797260273972;0.1235093150684931;0.1432791208791209;0.2314934065934066;0.2650186813186813;0.2717934246575342;0.191543956043956;0.1454241758241758;0.3751153095771924;0.3415893167860233;0.3096188971309937;0.2484368186470942;8;1;2017;0;False;False;False;True
2017-04-18;3;32;1;39.4;8650.715;8539.709;111.00589;12.2;16.6;23.0;83.7;4.0;13.2;0.0;7.6;0.21;0.0;"{""type"":""MultiPolygon"",""coordinates"":[[[[-53.983861406,-31.320018582],[-53.984266106,-31.321120878],[-53.984564839,-31.321450339],[-53.987022313,-31.320265056],[-53.986858384,-31.320214431],[-53.986567402,-31.319988728],[-53.985097103,-31.319375392],[-53.983861406,-31.320018582]]]]}";2017-04-11;0.1257097826086956;0.148564402173913;0.2018923913043478;0.3400597826086956;0.3847282608695652;0.4057711956521739;0.2732739130434782;0.1848195652173913;0.4639911174511201;0.4747845584325684;0.3355126236359685;0.3659273110126276;7;4;2017;78;False;True;False;False
2017-04-18;3;32;0;37.0;6561.011;6542.023;18.98807;12.2;16.6;23.0;83.7;4.0;13.2;0.0;7.6;0.21;0.0;"{""type"":""MultiPolygon"",""coordinates"":[[[[-53.983861406,-31.320018582],[-53.984266106,-31.321120878],[-53.984564839,-31.321450339],[-53.987022313,-31.320265056],[-53.986858384,-31.320214431],[-53.986567402,-31.319988728],[-53.985097103,-31.319375392],[-53.983861406,-31.320018582]]]]}";2017-04-11;0.1257097826086956;0.148564402173913;0.2018923913043478;0.3400597826086956;0.3847282608695652;0.4057711956521739;0.2732739130434782;0.1848195652173913;0.4639911174511201;0.4747845584325684;0.3355126236359685;0.3659273110126276;7;4;2017;0;False;True;False;False
2017-05-19;3;32;1;28.4;7945.609;7945.609;0.0;16.1;18.1;21.2;83.6;4.7;8.5;0.4;11.65;0.08;0.0;"{""type"":""MultiPolygon"",""coordinates"":[[[[-53.983861406,-31.320018582],[-53.984266106,-31.321120878],[-53.984564839,-31.321450339],[-53.987022313,-31.320265056],[-53.986858384,-31.320214431],[-53.986567402,-31.319988728],[-53.985097103,-31.319375392],[-53.983861406,-31.320018582]]]]}";2017-05-21;0.1353089673913043;0.1731888586956521;0.2250326086956521;0.3292565217391304;0.3640217391304348;0.3759570652173913;0.2856717391304348;0.1981086956521739;0.369242850929086;0.3620154998894335;0.2511265385627512;0.2899046766041839;2;5;2017;31;False;True;False;False
2017-05-19;3;32;0;28.0;9960.888;9916.283;44.604492;16.1;18.1;21.2;83.6;4.7;8.5;0.4;11.65;0.08;0.0;"{""type"":""MultiPolygon"",""coordinates"":[[[[-53.983861406,-31.320018582],[-53.984266106,-31.321120878],[-53.984564839,-31.321450339],[-53.987022313,-31.320265056],[-53.986858384,-31.320214431],[-53.986567402,-31.319988728],[-53.985097103,-31.319375392],[-53.983861406,-31.320018582]]]]}";2017-05-21;0.1353089673913043;0.1731888586956521;0.2250326086956521;0.3292565217391304;0.3640217391304348;0.3759570652173913;0.2856717391304348;0.1981086956521739;0.369242850929086;0.3620154998894335;0.2511265385627512;0.2899046766041839;2;5;2017;0;False;True;False;False
2017-06-26;3;32;1;29.2;5915.905;5863.2163;52.688267;13.8;17.8;23.7;76.1;5.0;11.1;0.0;11.75;0.29;0.0;"{""type"":""MultiPolygon"",""coordinates"":[[[[-53.983861406,-31.320018582],[-53.984266106,-31.321120878],[-53.984564839,-31.321450339],[-53.987022313,-31.320265056],[-53.986858384,-31.320214431],[-53.986567402,-31.319988728],[-53.985097103,-31.319375392],[-53.983861406,-31.320018582]]]]}";2017-07-02;0.1564896739130434;0.20354375;0.2444510869565217;0.3357880434782608;0.3685510869565217;0.404283152173913;0.3267532608695652;0.2281369565217391;0.3302575148549068;0.345655902148892;0.246375257503952;0.2718015807975023;6;6;2017;38;True;False;False;False
2017-06-26;3;32;0;27.0;5018.8877;4951.1724;67.71515;13.8;17.8;23.7;76.1;5.0;11.1;0.0;11.75;0.29;0.0;"{""type"":""MultiPolygon"",""coordinates"":[[[[-53.983861406,-31.320018582],[-53.984266106,-31.321120878],[-53.984564839,-31.321450339],[-53.987022313,-31.320265056],[-53.986858384,-31.320214431],[-53.986567402,-31.319988728],[-53.985097103,-31.319375392],[-53.983861406,-31.320018582]]]]}";2017-07-02;0.1564896739130434;0.20354375;0.2444510869565217;0.3357880434782608;0.3685510869565217;0.404283152173913;0.3267532608695652;0.2281369565217391;0.3302575148549068;0.345655902148892;0.246375257503952;0.2718015807975023;6;6;2017;0;True;False;False;False
2017-07-26;3;32;0;20.2;2258.387;2215.661;42.726242;16.5;18.5;22.3;84.0;3.4;9.4;0.4;12.4;0.22;0.0;"{""type"":""MultiPolygon"",""coordinates"":[[[[-53.983861406,-31.320018582],[-53.984266106,-31.321120878],[-53.984564839,-31.321450339],[-53.987022313,-31.320265056],[-53.986858384,-31.320214431],[-53.986567402,-31.319988728],[-53.985097103,-31.319375392],[-53.983861406,-31.320018582]]]]}";2017-07-27;0.1610605978260869;0.2219885869565217;0.2674108695652174;0.3480945652173913;0.3810336956521739;0.3997801630434782;0.3796173913043478;0.2582782608695652;0.2859448566480005;0.2916993205350083;0.1983978905722115;0.2377382719303196;1;7;2017;30;True;False;False;False
2017-07-26;3;32;1;27.6;3336.771;3323.5352;13.235902;16.5;18.5;22.3;84.0;3.4;9.4;0.4;12.4;0.22;0.0;"{""type"":""MultiPolygon"",""coordinates"":[[[[-53.983861406,-31.320018582],[-53.984266106,-31.321120878],[-53.984564839,-31.321450339],[-53.987022313,-31.320265056],[-53.986858384,-31.320214431],[-53.986567402,-31.319988728],[-53.985097103,-31.319375392],[-53.983861406,-31.320018582]]]]}";2017-07-27;0.1610605978260869;0.2219885869565217;0.2674108695652174;0.3480945652173913;0.3810336956521739;0.3997801630434782;0.3796173913043478;0.2582782608695652;0.2859448566480005;0.2916993205350083;0.1983978905722115;0.2377382719303196;1;7;2017;0;True;False;False;False
2017-10-02;3;32;1;39.4;4761.4824;4690.6504;70.83197;10.4;14.5;18.8;78.8;4.5;17.6;1.2;4.6;0.01;0.0;"{""type"":""MultiPolygon"",""coordinates"":[[[[-53.983861406,-31.320018582],[-53.984266106,-31.321120878],[-53.984564839,-31.321450339],[-53.987022313,-31.320265056],[-53.986858384,-31.320214431],[-53.986567402,-31.319988728],[-53.985097103,-31.319375392],[-53.983861406,-31.320018582]]]]}";2017-10-03;0.1462714673913043;0.1658584239130434;0.2082391304347826;0.3131510869565218;0.3452239130434782;0.3612576086956521;0.3312597826086956;0.2319086956521739;0.3706948237100259;0.3878900793712014;0.2686907013629501;0.2853609211312701;1;10;2017;68;False;False;True;False
2017-10-02;3;32;0;30.6;6432.7017;6337.637;95.06456;10.4;14.5;18.8;78.8;4.5;17.6;1.2;4.6;0.01;0.0;"{""type"":""MultiPolygon"",""coordinates"":[[[[-53.983861406,-31.320018582],[-53.984266106,-31.321120878],[-53.984564839,-31.321450339],[-53.987022313,-31.320265056],[-53.986858384,-31.320214431],[-53.986567402,-31.319988728],[-53.985097103,-31.319375392],[-53.983861406,-31.320018582]]]]}";2017-10-03;0.1462714673913043;0.1658584239130434;0.2082391304347826;0.3131510869565218;0.3452239130434782;0.3612576086956521;0.3312597826086956;0.2319086956521739;0.3706948237100259;0.3878900793712014;0.2686907013629501;0.2853609211312701;1;10;2017;0;False;False;True;False
2017-11-13;3;32;1;44.2;8059.551;6542.282;1517.2687;11.3;24.61;29.5;37.43;1.46;32.31;0.0;10.4;4.96;0.0;"{""type"":""MultiPolygon"",""coordinates"":[[[[-53.983861406,-31.320018582],[-53.984266106,-31.321120878],[-53.984564839,-31.321450339],[-53.987022313,-31.320265056],[-53.986858384,-31.320214431],[-53.986567402,-31.319988728],[-53.985097103,-31.319375392],[-53.983861406,-31.320018582]]]]}";2017-11-12;0.1460701086956521;0.1713980978260869;0.2186108695652173;0.3284641304347826;0.3641293478260869;0.3903619565217391;0.366579347826087;0.2535739130434782;0.3897818241096864;0.4136936342314262;0.2820340737699798;0.3093408785709332;1;11;2017;42;False;False;True;False
2017-11-13;3;32;0;29.2;6708.748;5548.14;1160.608;11.3;24.61;29.5;37.43;1.46;32.31;0.0;10.4;4.96;0.0;"{""type"":""MultiPolygon"",""coordinates"":[[[[-53.983861406,-31.320018582],[-53.984266106,-31.321120878],[-53.984564839,-31.321450339],[-53.987022313,-31.320265056],[-53.986858384,-31.320214431],[-53.986567402,-31.319988728],[-53.985097103,-31.319375392],[-53.983861406,-31.320018582]]]]}";2017-11-12;0.1460701086956521;0.1713980978260869;0.2186108695652173;0.3284641304347826;0.3641293478260869;0.3903619565217391;0.366579347826087;0.2535739130434782;0.3897818241096864;0.4136936342314262;0.2820340737699798;0.3093408785709332;1;11;2017;0;False;False;True;False
2017-12-11;3;32;1;30.2;4584.014;4533.527;50.487263;13.9;21.58;26.5;47.93;5.81;34.17;0.0;10.2;6.98;0.0;"{""type"":""MultiPolygon"",""coordinates"":[[[[-53.983861406,-31.320018582],[-53.984266106,-31.321120878],[-53.984564839,-31.321450339],[-53.987022313,-31.320265056],[-53.986858384,-31.320214431],[-53.986567402,-31.319988728],[-53.985097103,-31.319375392],[-53.983861406,-31.320018582]]]]}";2017-12-12;0.1612482191780821;0.209312602739726;0.2527582417582418;0.3342351648351648;0.3682747252747252;0.3971709589041096;0.4242186813186813;0.3023879120879121;0.3097501202756515;0.3253105162777899;0.2221976132149392;0.2546694266545999;1;12;2017;28;False;False;False;True
2017-12-11;3;32;0;21.0;7341.1533;6205.5396;1135.6138;13.9;21.58;26.5;47.93;5.81;34.17;0.0;10.2;6.98;0.0;"{""type"":""MultiPolygon"",""coordinates"":[[[[-53.983861406,-31.320018582],[-53.984266106,-31.321120878],[-53.984564839,-31.321450339],[-53.987022313,-31.320265056],[-53.986858384,-31.320214431],[-53.986567402,-31.319988728],[-53.985097103,-31.319375392],[-53.983861406,-31.320018582]]]]}";2017-12-12;0.1612482191780821;0.209312602739726;0.2527582417582418;0.3342351648351648;0.3682747252747252;0.3971709589041096;0.4242186813186813;0.3023879120879121;0.3097501202756515;0.3253105162777899;0.2221976132149392;0.2546694266545999;1;12;2017;0;False;False;False;True
2018-01-15;3;32;0;16.2;2768.8242;2768.8242;0.0;20.6;23.07;25.2;80.27;4.47;14.04;1.8;12.9;1.68;0.0;"{""type"":""MultiPolygon"",""coordinates"":[[[[-53.983861406,-31.320018582],[-53.984266106,-31.321120878],[-53.984564839,-31.321450339],[-53.987022313,-31.320265056],[-53.986858384,-31.320214431],[-53.986567402,-31.319988728],[-53.985097103,-31.319375392],[-53.983861406,-31.320018582]]]]}";2018-01-11;0.1597057065217391;0.2047584239130434;0.2480608695652174;0.3364489130434782;0.3768782608695652;0.3876608695652174;0.4324391304347826;0.3037880434782608;0.308738165123391;0.3223703563780124;0.2195929310061826;0.2511431921022919;4;1;2018;35;False;False;False;True
2018-02-19;3;32;0;17.8;3541.7405;3538.3936;3.3470535;21.5;27.6;33.0;56.57;3.02;20.44;0.0;17.25;5.08;0.0;"{""type"":""MultiPolygon"",""coordinates"":[[[[-53.983861406,-31.320018582],[-53.984266106,-31.321120878],[-53.984564839,-31.321450339],[-53.987022313,-31.320265056],[-53.986858384,-31.320214431],[-53.986567402,-31.319988728],[-53.985097103,-31.319375392],[-53.983861406,-31.320018582]]]]}";2018-02-17;0.1654186301369863;0.2026523287671232;0.2488142857142857;0.347643956043956;0.3852989010989011;0.4086219178082191;0.4421505494505494;0.3100813186813186;0.3369511969382619;0.3720828092851213;0.243077018329221;0.2780181260510272;2;2;2018;35;False;False;False;True
2018-02-19;3;32;1;21.2;3811.1726;3811.1726;0.0;21.5;27.6;33.0;56.57;3.02;20.44;0.0;17.25;5.08;0.0;"{""type"":""MultiPolygon"",""coordinates"":[[[[-53.983861406,-31.320018582],[-53.984266106,-31.321120878],[-53.984564839,-31.321450339],[-53.987022313,-31.320265056],[-53.986858384,-31.320214431],[-53.986567402,-31.319988728],[-53.985097103,-31.319375392],[-53.983861406,-31.320018582]]]]}";2018-02-17;0.1654186301369863;0.2026523287671232;0.2488142857142857;0.347643956043956;0.3852989010989011;0.4086219178082191;0.4421505494505494;0.3100813186813186;0.3369511969382619;0.3720828092851213;0.243077018329221;0.2780181260510272;2;2;2018;0;False;False;False;True
2018-03-23;3;32;0;20.4;3811.426;3811.426;0.0;15.6;25.99;30.6;54.92;3.51;22.92;0.0;13.1;4.79;0.0;"{""type"":""MultiPolygon"",""coordinates"":[[[[-53.983861406,-31.320018582],[-53.984266106,-31.321120878],[-53.984564839,-31.321450339],[-53.987022313,-31.320265056],[-53.986858384,-31.320214431],[-53.986567402,-31.319988728],[-53.985097103,-31.319375392],[-53.983861406,-31.320018582]]]]}";2018-03-22;0.1418734246575342;0.1707621917808219;0.2114692307692307;0.3038758241758241;0.3376021978021978;0.3593632876712329;0.378078021978022;0.2666769230769231;0.3557668951987588;0.3572299636560491;0.2590848491008437;0.2746283336143648;1;3;2018;32;False;True;False;False
2018-04-25;3;32;0;29.6;4960.34;4960.34;0.0;20.2;24.08;26.2;79.33;1.73;10.16;0.0;13.2;1.16;0.0;"{""type"":""MultiPolygon"",""coordinates"":[[[[-53.983861406,-31.320018582],[-53.984266106,-31.321120878],[-53.984564839,-31.321450339],[-53.987022313,-31.320265056],[-53.986858384,-31.320214431],[-53.986567402,-31.319988728],[-53.985097103,-31.319375392],[-53.983861406,-31.320018582]]]]}";2018-04-18;0.1380427397260274;0.1516249315068493;0.1918813186813187;0.3234296703296703;0.3707912087912088;0.381787397260274;0.3613494505494505;0.2417373626373626;0.4314907124201638;0.4580469947810234;0.3310378852841094;0.334081265550623;7;4;2018;33;False;True;False;False
2018-06-08;3;32;0;27.0;5681.1084;5681.1084;0.0;3.8;11.42;14.9;66.27;3.96;13.96;0.0;;1.02;0.0;"{""type"":""MultiPolygon"",""coordinates"":[[[[-53.983861406,-31.320018582],[-53.984266106,-31.321120878],[-53.984564839,-31.321450339],[-53.987022313,-31.320265056],[-53.986858384,-31.320214431],[-53.986567402,-31.319988728],[-53.985097103,-31.319375392],[-53.983861406,-31.320018582]]]]}";2018-06-07;0.1298339673913043;0.1446336956521739;0.1813771739130434;0.2901728260869565;0.3244413043478261;0.3505834239130435;0.3022097826086956;0.2076510869565217;0.415877642601867;0.413676331258952;0.3180804192857124;0.3104092426849177;1;6;2018;44;True;False;False;False
2018-08-20;3;32;0;10.6;672.4;666.4;6.0;3.5;8.27;10.4;68.64;;17.46;0.0;;0.0;0.0;"{""type"":""MultiPolygon"",""coordinates"":[[[[-53.983861406,-31.320018582],[-53.984266106,-31.321120878],[-53.984564839,-31.321450339],[-53.987022313,-31.320265056],[-53.986858384,-31.320214431],[-53.986567402,-31.319988728],[-53.985097103,-31.319375392],[-53.983861406,-31.320018582]]]]}";2018-08-26;0.1421695890410959;0.1702594520547945;0.2111516483516483;0.2982615384615384;0.3264252747252747;0.3551457534246575;0.3404670329670329;0.237721978021978;0.3518927856855687;0.3527205269668246;0.2542729396626977;0.2704584008086078;6;8;2018;73;True;False;False;False
2018-08-20;3;32;1;24.4;3322.855;3289.0469;33.808117;3.5;8.27;10.4;68.64;;17.46;0.0;;0.0;0.0;"{""type"":""MultiPolygon"",""coordinates"":[[[[-53.983861406,-31.320018582],[-53.984266106,-31.321120878],[-53.984564839,-31.321450339],[-53.987022313,-31.320265056],[-53.986858384,-31.320214431],[-53.986567402,-31.319988728],[-53.985097103,-31.319375392],[-53.983861406,-31.320018582]]]]}";2018-08-26;0.1421695890410959;0.1702594520547945;0.2111516483516483;0.2982615384615384;0.3264252747252747;0.3551457534246575;0.3404670329670329;0.237721978021978;0.3518927856855687;0.3527205269668246;0.2542729396626977;0.2704584008086078;6;8;2018;0;True;False;False;False
2018-10-04;3;32;0;21.6;2149.8572;2037.4464;112.410835;;;;;;;;;;;"{""type"":""MultiPolygon"",""coordinates"":[[[[-53.983861406,-31.320018582],[-53.984266106,-31.321120878],[-53.984564839,-31.321450339],[-53.987022313,-31.320265056],[-53.986858384,-31.320214431],[-53.986567402,-31.319988728],[-53.985097103,-31.319375392],[-53.983861406,-31.320018582]]]]}";2018-10-03;0.1288899456521739;0.1415032608695652;0.1913173913043478;0.3262282608695652;0.3633565217391304;0.3825948369565217;0.3003586956521739;0.2006;0.4600123089303;0.4764882372711281;0.3332869317522705;0.3531276592526669;1;10;2018;45;False;False;True;False
2018-10-04;3;32;1;21.4;5070.5303;4323.1543;747.3759;;;;;;;;;;;"{""type"":""MultiPolygon"",""coordinates"":[[[[-53.983861406,-31.320018582],[-53.984266106,-31.321120878],[-53.984564839,-31.321450339],[-53.987022313,-31.320265056],[-53.986858384,-31.320214431],[-53.986567402,-31.319988728],[-53.985097103,-31.319375392],[-53.983861406,-31.320018582]]]]}";2018-10-03;0.1288899456521739;0.1415032608695652;0.1913173913043478;0.3262282608695652;0.3633565217391304;0.3825948369565217;0.3003586956521739;0.2006;0.4600123089303;0.4764882372711281;0.3332869317522705;0.3531276592526669;1;10;2018;0;False;False;True;False
2018-11-05;3;32;0;26.6;3437.5542;3336.8118;100.74239;14.0;20.475;28.7;68.833336;2.275;31.2215;0.0;11.35;0.84;0.0;"{""type"":""MultiPolygon"",""coordinates"":[[[[-53.983861406,-31.320018582],[-53.984266106,-31.321120878],[-53.984564839,-31.321450339],[-53.987022313,-31.320265056],[-53.986858384,-31.320214431],[-53.986567402,-31.319988728],[-53.985097103,-31.319375392],[-53.983861406,-31.320018582]]]]}";2018-11-02;0.1329847826086956;0.1463619565217391;0.2008782608695652;0.3442597826086956;0.3862760869565217;0.4005826086956521;0.3279217391304348;0.2189369565217391;0.4648014960581412;0.49599443190407;0.332032153597039;0.3642322534829613;3;11;2018;32;False;False;True;False
2018-11-05;3;32;1;30.4;3454.4534;2974.4817;479.97165;14.0;20.475;28.7;68.833336;2.275;31.2215;0.0;11.35;0.84;0.0;"{""type"":""MultiPolygon"",""coordinates"":[[[[-53.983861406,-31.320018582],[-53.984266106,-31.321120878],[-53.984564839,-31.321450339],[-53.987022313,-31.320265056],[-53.986858384,-31.320214431],[-53.986567402,-31.319988728],[-53.985097103,-31.319375392],[-53.983861406,-31.320018582]]]]}";2018-11-02;0.1329847826086956;0.1463619565217391;0.2008782608695652;0.3442597826086956;0.3862760869565217;0.4005826086956521;0.3279217391304348;0.2189369565217391;0.4648014960581412;0.49599443190407;0.332032153597039;0.3642322534829613;3;11;2018;0;False;False;True;False
2018-12-10;3;32;1;36.4;5248.595;4466.6304;781.9646;16.6;24.591667;32.4;54.208332;2.8458333;28.325657;0.0;14.5;4.32;0.0;"{""type"":""MultiPolygon"",""coordinates"":[[[[-53.983861406,-31.320018582],[-53.984266106,-31.321120878],[-53.984564839,-31.321450339],[-53.987022313,-31.320265056],[-53.986858384,-31.320214431],[-53.986567402,-31.319988728],[-53.985097103,-31.319375392],[-53.983861406,-31.320018582]]]]}";2018-12-07;0.1370695890410959;0.154365205479452;0.201243956043956;0.3387054945054945;0.3864692307692308;0.4144317808219178;0.3332175824175824;0.2255373626373626;0.4572221400706802;0.4953267526529984;0.3462664061819365;0.3649896734492678;3;12;2018;35;False;False;False;True
2018-12-10;3;32;0;34.8;7425.055;6682.636;742.419;16.6;24.591667;32.4;54.208332;2.8458333;28.325657;0.0;14.5;4.32;0.0;"{""type"":""MultiPolygon"",""coordinates"":[[[[-53.983861406,-31.320018582],[-53.984266106,-31.321120878],[-53.984564839,-31.321450339],[-53.987022313,-31.320265056],[-53.986858384,-31.320214431],[-53.986567402,-31.319988728],[-53.985097103,-31.319375392],[-53.983861406,-31.320018582]]]]}";2018-12-07;0.1370695890410959;0.154365205479452;0.201243956043956;0.3387054945054945;0.3864692307692308;0.4144317808219178;0.3332175824175824;0.2255373626373626;0.4572221400706802;0.4953267526529984;0.3462664061819365;0.3649896734492678;3;12;2018;0;False;False;False;True
2019-01-14;3;32;1;32.8;6104.9243;6104.9243;0.0;20.9;24.233334;28.4;84.791664;3.0;18.755081;0.2;14.65;0.1;0.0;"{""type"":""MultiPolygon"",""coordinates"":[[[[-53.983861406,-31.320018582],[-53.984266106,-31.321120878],[-53.984564839,-31.321450339],[-53.987022313,-31.320265056],[-53.986858384,-31.320214431],[-53.986567402,-31.319988728],[-53.985097103,-31.319375392],[-53.983861406,-31.320018582]]]]}";2019-01-06;0.1320049315068493;0.1381720547945205;0.1832263736263736;0.329854945054945;0.3851758241758242;0.3803632876712328;0.3031428571428571;0.1992582417582417;0.467067937404301;0.4965545551793565;0.3497880241290658;0.356675742282633;8;1;2019;35;False;False;False;True
2019-01-14;3;32;0;16.2;3101.7756;3101.7756;0.0;20.9;24.233334;28.4;84.791664;3.0;18.755081;0.2;14.65;0.1;0.0;"{""type"":""MultiPolygon"",""coordinates"":[[[[-53.983861406,-31.320018582],[-53.984266106,-31.321120878],[-53.984564839,-31.321450339],[-53.987022313,-31.320265056],[-53.986858384,-31.320214431],[-53.986567402,-31.319988728],[-53.985097103,-31.319375392],[-53.983861406,-31.320018582]]]]}";2019-01-06;0.1320049315068493;0.1381720547945205;0.1832263736263736;0.329854945054945;0.3851758241758242;0.3803632876712328;0.3031428571428571;0.1992582417582417;0.467067937404301;0.4965545551793565;0.3497880241290658;0.356675742282633;8;1;2019;0;False;False;False;True
2019-02-18;3;32;1;32.8;4602.295;4533.374;68.92078;17.7;23.795834;31.2;74.125;3.2083333;25.51021;0.0;14.45;2.06;0.0;"{""type"":""MultiPolygon"",""coordinates"":[[[[-53.983861406,-31.320018582],[-53.984266106,-31.321120878],[-53.984564839,-31.321450339],[-53.987022313,-31.320265056],[-53.986858384,-31.320214431],[-53.986567402,-31.319988728],[-53.985097103,-31.319375392],[-53.983861406,-31.320018582]]]]}";2019-02-17;0.1388128767123287;0.1547767123287671;0.2125835164835165;0.346632967032967;0.3859901098901099;0.3917912328767123;0.3067461538461538;0.2033670329670329;0.4336414578041908;0.4631523956154701;0.2965175440947842;0.3397025319288905;1;2;2019;35;False;False;False;True
2019-02-18;3;32;0;37.8;8199.602;7768.103;431.49835;17.7;23.795834;31.2;74.125;3.2083333;25.51021;0.0;14.45;2.06;0.0;"{""type"":""MultiPolygon"",""coordinates"":[[[[-53.983861406,-31.320018582],[-53.984266106,-31.321120878],[-53.984564839,-31.321450339],[-53.987022313,-31.320265056],[-53.986858384,-31.320214431],[-53.986567402,-31.319988728],[-53.985097103,-31.319375392],[-53.983861406,-31.320018582]]]]}";2019-02-17;0.1388128767123287;0.1547767123287671;0.2125835164835165;0.346632967032967;0.3859901098901099;0.3917912328767123;0.3067461538461538;0.2033670329670329;0.4336414578041908;0.4631523956154701;0.2965175440947842;0.3397025319288905;1;2;2019;0;False;False;False;True
2019-04-10;3;32;1;46.8;7340.5454;7340.5454;0.0;15.0;21.191668;29.2;68.833336;4.225;19.95285;0.0;12.1;1.88;0.0;"{""type"":""MultiPolygon"",""coordinates"":[[[[-53.983861406,-31.320018582],[-53.984266106,-31.321120878],[-53.984564839,-31.321450339],[-53.987022313,-31.320265056],[-53.986858384,-31.320214431],[-53.986567402,-31.319988728],[-53.985097103,-31.319375392],[-53.983861406,-31.320018582]]]]}";2019-04-11;0.4576184782608696;0.4595521739130435;0.514725;0.5321891304347826;0.5372576086956522;0.5366391304347826;0.5449804347826087;0.5166760869565217;0.0773816797891098;0.2236184184388711;0.020843521098366;0.0772831886180562;1;4;2019;51;False;True;False;False
2019-04-10;3;32;0;41.6;4494.6523;4476.322;18.330557;15.0;21.191668;29.2;68.833336;4.225;19.95285;0.0;12.1;1.88;0.0;"{""type"":""MultiPolygon"",""coordinates"":[[[[-53.983861406,-31.320018582],[-53.984266106,-31.321120878],[-53.984564839,-31.321450339],[-53.987022313,-31.320265056],[-53.986858384,-31.320214431],[-53.986567402,-31.319988728],[-53.985097103,-31.319375392],[-53.983861406,-31.320018582]]]]}";2019-04-11;0.4576184782608696;0.4595521739130435;0.514725;0.5321891304347826;0.5372576086956522;0.5366391304347826;0.5449804347826087;0.5166760869565217;0.0773816797891098;0.2236184184388711;0.020843521098366;0.0772831886180562;1;4;2019;0;False;True;False;False
2019-06-13;3;32;0;19.0;2983.4648;2880.044;103.420784;19.3;22.333334;28.2;73.333336;5.7458334;9.606022;0.0;13.75;0.33;0.0;"{""type"":""MultiPolygon"",""coordinates"":[[[[-53.983861406,-31.320018582],[-53.984266106,-31.321120878],[-53.984564839,-31.321450339],[-53.987022313,-31.320265056],[-53.986858384,-31.320214431],[-53.986567402,-31.319988728],[-53.985097103,-31.319375392],[-53.983861406,-31.320018582]]]]}";2019-06-20;0.1381608219178082;0.1840857534246575;0.2267087912087912;0.3265516483516483;0.3621736263736264;0.3814230136986301;0.3387483516483516;0.2300351648351648;0.3489552624936594;0.3402997003034761;0.2544090298210792;0.2778070904194716;7;6;2019;64;True;False;False;False
2019-06-13;3;32;1;24.0;2548.2207;2494.4343;53.78624;19.3;22.333334;28.2;73.333336;5.7458334;9.606022;0.0;13.75;0.33;0.0;"{""type"":""MultiPolygon"",""coordinates"":[[[[-53.983861406,-31.320018582],[-53.984266106,-31.321120878],[-53.984564839,-31.321450339],[-53.987022313,-31.320265056],[-53.986858384,-31.320214431],[-53.986567402,-31.319988728],[-53.985097103,-31.319375392],[-53.983861406,-31.320018582]]]]}";2019-06-20;0.1381608219178082;0.1840857534246575;0.2267087912087912;0.3265516483516483;0.3621736263736264;0.3814230136986301;0.3387483516483516;0.2300351648351648;0.3489552624936594;0.3402997003034761;0.2544090298210792;0.2778070904194716;7;6;2019;0;True;False;False;False
2019-07-08;3;32;0;22.6;3073.5369;3018.8152;54.721725;2.5;10.214286;19.9;61.285713;2.5619047;13.88923;0.0;1.2;0.41;0.0;"{""type"":""MultiPolygon"",""coordinates"":[[[[-53.983861406,-31.320018582],[-53.984266106,-31.321120878],[-53.984564839,-31.321450339],[-53.987022313,-31.320265056],[-53.986858384,-31.320214431],[-53.986567402,-31.319988728],[-53.985097103,-31.319375392],[-53.983861406,-31.320018582]]]]}";2019-07-07;0.1431819178082191;0.191693698630137;0.236410989010989;0.3369505494505494;0.3719461538461538;0.4028361643835617;0.3423472527472527;0.2330164835164835;0.3551419010024728;0.3568683933712415;0.2603455869749538;0.2893604910496381;1;7;2019;25;True;False;False;False
2019-07-08;3;32;1;17.0;2852.6655;2845.2173;7.4482126;2.5;10.214286;19.9;61.285713;2.5619047;13.88923;0.0;1.2;0.41;0.0;"{""type"":""MultiPolygon"",""coordinates"":[[[[-53.983861406,-31.320018582],[-53.984266106,-31.321120878],[-53.984564839,-31.321450339],[-53.987022313,-31.320265056],[-53.986858384,-31.320214431],[-53.986567402,-31.319988728],[-53.985097103,-31.319375392],[-53.983861406,-31.320018582]]]]}";2019-07-07;0.1431819178082191;0.191693698630137;0.236410989010989;0.3369505494505494;0.3719461538461538;0.4028361643835617;0.3423472527472527;0.2330164835164835;0.3551419010024728;0.3568683933712415;0.2603455869749538;0.2893604910496381;1;7;2019;0;True;False;False;False
2019-08-13;3;32;1;23.6;2273.449;2208.6716;64.77729;4.1;7.1041665;12.0;73.125;;16.861422;0.0;-1.95;0.0;0.0;"{""type"":""MultiPolygon"",""coordinates"":[[[[-53.983861406,-31.320018582],[-53.984266106,-31.321120878],[-53.984564839,-31.321450339],[-53.987022313,-31.320265056],[-53.986858384,-31.320214431],[-53.986567402,-31.319988728],[-53.985097103,-31.319375392],[-53.983861406,-31.320018582]]]]}";2019-08-14;0.1584195652173913;0.2038108695652174;0.2407217391304348;0.3091184782608696;0.3334;0.3619038043478261;0.3612;0.2552532608695652;0.2794570161828775;0.2829915732249973;0.2010901571114083;0.2225167842563293;1;8;2019;36;True;False;False;False
2016-09-12;3;33;0;30.8;3435.8801;2654.7915;781.08856;12.9;16.5;21.2;83.4;4.0;5.6;5.8;10.05;0.0;0.0;"{""type"":""MultiPolygon"",""coordinates"":[[[[-53.987616484,-31.317997159],[-53.985087933,-31.319366693],[-53.986576492,-31.319988032],[-53.986851181,-31.320218541],[-53.987030934,-31.320265912],[-53.988961646,-31.319338584],[-53.987616484,-31.317997159]]]]}";2016-09-10;0.1323478070175438;0.1471785087719298;0.1995189655172413;0.3423603448275862;0.3797422413793103;0.3991804824561403;0.3130586206896552;0.2120008620689655;0.4612388150102131;0.4885111172478715;0.3334920678727199;0.3612555190859197;2;9;2016;0;False;False;True;False
2016-09-12;3;33;1;33.6;2661.316;1409.2078;1252.108;12.9;16.5;21.2;83.4;4.0;5.6;5.8;10.05;0.0;0.0;"{""type"":""MultiPolygon"",""coordinates"":[[[[-53.987616484,-31.317997159],[-53.985087933,-31.319366693],[-53.986576492,-31.319988032],[-53.986851181,-31.320218541],[-53.987030934,-31.320265912],[-53.988961646,-31.319338584],[-53.987616484,-31.317997159]]]]}";2016-09-10;0.1323478070175438;0.1471785087719298;0.1995189655172413;0.3423603448275862;0.3797422413793103;0.3991804824561403;0.3130586206896552;0.2120008620689655;0.4612388150102131;0.4885111172478715;0.3334920678727199;0.3612555190859197;2;9;2016;0;False;False;True;False
2016-11-23;3;33;0;33.6;6017.168;5422.187;594.98114;8.9;17.8;26.0;59.3;2.0;33.7;0.2;7.45;2.65;0.0;"{""type"":""MultiPolygon"",""coordinates"":[[[[-53.987616484,-31.317997159],[-53.985087933,-31.319366693],[-53.986576492,-31.319988032],[-53.986851181,-31.320218541],[-53.987030934,-31.320265912],[-53.988961646,-31.319338584],[-53.987616484,-31.317997159]]]]}";2016-11-29;0.1451724890829694;0.1697995633187773;0.2281898305084746;0.3525957627118644;0.3908169491525424;0.3981336244541484;0.3617110169491525;0.2498940677966101;0.4020438777856119;0.4298012993539726;0.2713355097899304;0.3207139693985076;6;11;2016;72;False;False;True;False
2016-11-23;3;33;1;55.0;7690.991;4352.0747;3338.9165;8.9;17.8;26.0;59.3;2.0;33.7;0.2;7.45;2.65;0.0;"{""type"":""MultiPolygon"",""coordinates"":[[[[-53.987616484,-31.317997159],[-53.985087933,-31.319366693],[-53.986576492,-31.319988032],[-53.986851181,-31.320218541],[-53.987030934,-31.320265912],[-53.988961646,-31.319338584],[-53.987616484,-31.317997159]]]]}";2016-11-29;0.1451724890829694;0.1697995633187773;0.2281898305084746;0.3525957627118644;0.3908169491525424;0.3981336244541484;0.3617110169491525;0.2498940677966101;0.4020438777856119;0.4298012993539726;0.2713355097899304;0.3207139693985076;6;11;2016;0;False;False;True;False
2016-12-29;3;33;0;26.0;3668.5874;3644.7795;23.807943;20.1;23.0;27.6;83.4;3.3;12.4;10.8;13.85;0.0;0.0;"{""type"":""MultiPolygon"",""coordinates"":[[[[-53.987616484,-31.317997159],[-53.985087933,-31.319366693],[-53.986576492,-31.319988032],[-53.986851181,-31.320218541],[-53.987030934,-31.320265912],[-53.988961646,-31.319338584],[-53.987616484,-31.317997159]]]]}";2016-12-22;0.2294285087719298;0.2299469298245614;0.2595387931034483;0.275551724137931;0.2872293103448275;0.2711256578947368;0.2399241379310344;0.1969051724137931;0.082181163127694;0.1106843870145094;0.0218346353698529;0.0617019113928459;7;12;2016;36;False;False;False;True
2016-12-29;3;33;1;35.2;6102.686;5766.915;335.77106;20.1;23.0;27.6;83.4;3.3;12.4;10.8;13.85;0.0;0.0;"{""type"":""MultiPolygon"",""coordinates"":[[[[-53.987616484,-31.317997159],[-53.985087933,-31.319366693],[-53.986576492,-31.319988032],[-53.986851181,-31.320218541],[-53.987030934,-31.320265912],[-53.988961646,-31.319338584],[-53.987616484,-31.317997159]]]]}";2016-12-22;0.2294285087719298;0.2299469298245614;0.2595387931034483;0.275551724137931;0.2872293103448275;0.2711256578947368;0.2399241379310344;0.1969051724137931;0.082181163127694;0.1106843870145094;0.0218346353698529;0.0617019113928459;7;12;2016;0;False;False;False;True
2017-01-30;3;33;1;45.8;11739.576;11739.576;0.0;21.1;25.6;31.5;74.8;3.7;24.2;0.0;16.3;2.64;0.0;"{""type"":""MultiPolygon"",""coordinates"":[[[[-53.987616484,-31.317997159],[-53.985087933,-31.319366693],[-53.986576492,-31.319988032],[-53.986851181,-31.320218541],[-53.987030934,-31.320265912],[-53.988961646,-31.319338584],[-53.987616484,-31.317997159]]]]}";2017-02-07;0.1930085152838428;0.1834015283842794;0.2057211864406779;0.28205;0.3060771186440678;0.3315292576419214;0.2529915254237288;0.2032211864406779;0.2876653198399073;0.3761975745244664;0.2341702507404557;0.2189229028675133;8;1;2017;32;False;False;False;True
2017-01-30;3;33;0;43.2;5456.6323;5400.81;55.822327;21.1;25.6;31.5;74.8;3.7;24.2;0.0;16.3;2.64;0.0;"{""type"":""MultiPolygon"",""coordinates"":[[[[-53.987616484,-31.317997159],[-53.985087933,-31.319366693],[-53.986576492,-31.319988032],[-53.986851181,-31.320218541],[-53.987030934,-31.320265912],[-53.988961646,-31.319338584],[-53.987616484,-31.317997159]]]]}";2017-02-07;0.1930085152838428;0.1834015283842794;0.2057211864406779;0.28205;0.3060771186440678;0.3315292576419214;0.2529915254237288;0.2032211864406779;0.2876653198399073;0.3761975745244664;0.2341702507404557;0.2189229028675133;8;1;2017;0;False;False;False;True
2017-04-18;3;33;0;29.8;10773.78;10773.78;0.0;12.2;16.6;23.0;83.7;4.0;13.2;0.0;7.6;0.21;0.0;"{""type"":""MultiPolygon"",""coordinates"":[[[[-53.987616484,-31.317997159],[-53.985087933,-31.319366693],[-53.986576492,-31.319988032],[-53.986851181,-31.320218541],[-53.987030934,-31.320265912],[-53.988961646,-31.319338584],[-53.987616484,-31.317997159]]]]}";2017-04-11;0.1253701754385965;0.1485600877192982;0.2015060344827586;0.33;0.370476724137931;0.3910938596491228;0.2719370689655173;0.1851051724137931;0.4494246231543769;0.4517540878501363;0.3199255130548031;0.3499247598834126;7;4;2017;78;False;True;False;False
2017-04-18;3;33;1;38.2;17385.064;17385.064;0.0;12.2;16.6;23.0;83.7;4.0;13.2;0.0;7.6;0.21;0.0;"{""type"":""MultiPolygon"",""coordinates"":[[[[-53.987616484,-31.317997159],[-53.985087933,-31.319366693],[-53.986576492,-31.319988032],[-53.986851181,-31.320218541],[-53.987030934,-31.320265912],[-53.988961646,-31.319338584],[-53.987616484,-31.317997159]]]]}";2017-04-11;0.1253701754385965;0.1485600877192982;0.2015060344827586;0.33;0.370476724137931;0.3910938596491228;0.2719370689655173;0.1851051724137931;0.4494246231543769;0.4517540878501363;0.3199255130548031;0.3499247598834126;7;4;2017;0;False;True;False;False
2017-05-19;3;33;1;31.4;10924.709;10715.611;209.0971;16.1;18.1;21.2;83.6;4.7;8.5;0.4;11.65;0.08;0.0;"{""type"":""MultiPolygon"",""coordinates"":[[[[-53.987616484,-31.317997159],[-53.985087933,-31.319366693],[-53.986576492,-31.319988032],[-53.986851181,-31.320218541],[-53.987030934,-31.320265912],[-53.988961646,-31.319338584],[-53.987616484,-31.317997159]]]]}";2017-05-21;0.1341561403508772;0.1707767543859649;0.2205206896551724;0.3170448275862069;0.3494344827586207;0.3612179824561403;0.2822163793103448;0.1975491379310344;0.3579757747240608;0.3450753767087035;0.2418565234632471;0.2768055222639854;2;5;2017;31;False;True;False;False
2017-05-19;3;33;0;29.4;7939.092;7676.256;262.83615;16.1;18.1;21.2;83.6;4.7;8.5;0.4;11.65;0.08;0.0;"{""type"":""MultiPolygon"",""coordinates"":[[[[-53.987616484,-31.317997159],[-53.985087933,-31.319366693],[-53.986576492,-31.319988032],[-53.986851181,-31.320218541],[-53.987030934,-31.320265912],[-53.988961646,-31.319338584],[-53.987616484,-31.317997159]]]]}";2017-05-21;0.1341561403508772;0.1707767543859649;0.2205206896551724;0.3170448275862069;0.3494344827586207;0.3612179824561403;0.2822163793103448;0.1975491379310344;0.3579757747240608;0.3450753767087035;0.2418565234632471;0.2768055222639854;2;5;2017;0;False;True;False;False
2017-06-26;3;33;1;28.4;5090.9697;5024.3564;66.61347;13.8;17.8;23.7;76.1;5.0;11.1;0.0;11.75;0.29;0.0;"{""type"":""MultiPolygon"",""coordinates"":[[[[-53.987616484,-31.317997159],[-53.985087933,-31.319366693],[-53.986576492,-31.319988032],[-53.986851181,-31.320218541],[-53.987030934,-31.320265912],[-53.988961646,-31.319338584],[-53.987616484,-31.317997159]]]]}";2017-07-02;0.1523828947368421;0.195928947368421;0.2348077586206896;0.3183508620689655;0.3491112068965517;0.3824026315789474;0.315678448275862;0.2229362068965517;0.3224338614708372;0.3294344522605963;0.2391321910678108;0.2593919456470278;6;6;2017;38;True;False;False;False
2017-06-26;3;33;0;27.6;4465.8345;4146.5264;319.3083;13.8;17.8;23.7;76.1;5.0;11.1;0.0;11.75;0.29;0.0;"{""type"":""MultiPolygon"",""coordinates"":[[[[-53.987616484,-31.317997159],[-53.985087933,-31.319366693],[-53.986576492,-31.319988032],[-53.986851181,-31.320218541],[-53.987030934,-31.320265912],[-53.988961646,-31.319338584],[-53.987616484,-31.317997159]]]]}";2017-07-02;0.1523828947368421;0.195928947368421;0.2348077586206896;0.3183508620689655;0.3491112068965517;0.3824026315789474;0.315678448275862;0.2229362068965517;0.3224338614708372;0.3294344522605963;0.2391321910678108;0.2593919456470278;6;6;2017;0;True;False;False;False
2017-07-26;3;33;0;30.0;5862.4497;5752.4946;109.95529;16.5;18.5;22.3;84.0;3.4;9.4;0.4;12.4;0.22;0.0;"{""type"":""MultiPolygon"",""coordinates"":[[[[-53.987616484,-31.317997159],[-53.985087933,-31.319366693],[-53.986576492,-31.319988032],[-53.986851181,-31.320218541],[-53.987030934,-31.320265912],[-53.988961646,-31.319338584],[-53.987616484,-31.317997159]]]]}";2017-07-27;0.1545037280701754;0.2091416666666666;0.2512775862068965;0.3263301724137931;0.3562672413793103;0.3732850877192982;0.3632137931034482;0.2510060344827586;0.2818267186672822;0.2792776140239754;0.1953486921423348;0.2274658590812636;1;7;2017;30;True;False;False;False
2017-10-02;3;33;1;28.0;9287.773;2051.005;7236.768;10.4;14.5;18.8;78.8;4.5;17.6;1.2;4.6;0.01;0.0;"{""type"":""MultiPolygon"",""coordinates"":[[[[-53.987616484,-31.317997159],[-53.985087933,-31.319366693],[-53.986576492,-31.319988032],[-53.986851181,-31.320218541],[-53.987030934,-31.320265912],[-53.988961646,-31.319338584],[-53.987616484,-31.317997159]]]]}";2017-10-03;0.1449188596491228;0.1648561403508772;0.2047715517241379;0.2960827586206896;0.3248370689655172;0.3395081140350877;0.3187318965517241;0.2272094827586206;0.3462814268962011;0.3516236766202857;0.2475502407810942;0.2608395902007489;1;10;2017;68;False;False;True;False
2017-10-02;3;33;0;29.0;6394.639;6394.639;0.0;10.4;14.5;18.8;78.8;4.5;17.6;1.2;4.6;0.01;0.0;"{""type"":""MultiPolygon"",""coordinates"":[[[[-53.987616484,-31.317997159],[-53.985087933,-31.319366693],[-53.986576492,-31.319988032],[-53.986851181,-31.320218541],[-53.987030934,-31.320265912],[-53.988961646,-31.319338584],[-53.987616484,-31.317997159]]]]}";2017-10-03;0.1449188596491228;0.1648561403508772;0.2047715517241379;0.2960827586206896;0.3248370689655172;0.3395081140350877;0.3187318965517241;0.2272094827586206;0.3462814268962011;0.3516236766202857;0.2475502407810942;0.2608395902007489;1;10;2017;0;False;False;True;False
2017-11-13;3;33;0;30.0;8755.456;7179.26;1576.1964;11.3;24.61;29.5;37.43;1.46;32.31;0.0;10.4;4.96;0.0;"{""type"":""MultiPolygon"",""coordinates"":[[[[-53.987616484,-31.317997159],[-53.985087933,-31.319366693],[-53.986576492,-31.319988032],[-53.986851181,-31.320218541],[-53.987030934,-31.320265912],[-53.988961646,-31.319338584],[-53.987616484,-31.317997159]]]]}";2017-11-12;0.1466309210526316;0.1723383771929824;0.2166077586206896;0.3136827586206897;0.3456258620689655;0.3695456140350877;0.3643439655172414;0.2585439655172414;0.3639288852124512;0.3781266038839104;0.2609178118714193;0.2839191865444493;1;11;2017;42;False;False;True;False
2017-11-13;3;33;1;42.0;8924.174;7257.7026;1666.4712;11.3;24.61;29.5;37.43;1.46;32.31;0.0;10.4;4.96;0.0;"{""type"":""MultiPolygon"",""coordinates"":[[[[-53.987616484,-31.317997159],[-53.985087933,-31.319366693],[-53.986576492,-31.319988032],[-53.986851181,-31.320218541],[-53.987030934,-31.320265912],[-53.988961646,-31.319338584],[-53.987616484,-31.317997159]]]]}";2017-11-12;0.1466309210526316;0.1723383771929824;0.2166077586206896;0.3136827586206897;0.3456258620689655;0.3695456140350877;0.3643439655172414;0.2585439655172414;0.3639288852124512;0.3781266038839104;0.2609178118714193;0.2839191865444493;1;11;2017;0;False;False;True;False
2017-12-11;3;33;0;17.8;12851.727;4843.244;8008.482;13.9;21.58;26.5;47.93;5.81;34.17;0.0;10.2;6.98;0.0;"{""type"":""MultiPolygon"",""coordinates"":[[[[-53.987616484,-31.317997159],[-53.985087933,-31.319366693],[-53.986576492,-31.319988032],[-53.986851181,-31.320218541],[-53.987030934,-31.320265912],[-53.988961646,-31.319338584],[-53.987616484,-31.317997159]]]]}";2017-12-12;0.1612041484716157;0.2073700873362445;0.2507194915254237;0.3276067796610169;0.3600271186440678;0.3878082969432314;0.4279262711864406;0.3138016949152543;0.3031666041189075;0.3170036899315894;0.214695128220778;0.2471353692654802;1;12;2017;28;False;False;False;True
2017-12-11;3;33;1;23.8;4089.3652;4089.3652;0.0;13.9;21.58;26.5;47.93;5.81;34.17;0.0;10.2;6.98;0.0;"{""type"":""MultiPolygon"",""coordinates"":[[[[-53.987616484,-31.317997159],[-53.985087933,-31.319366693],[-53.986576492,-31.319988032],[-53.986851181,-31.320218541],[-53.987030934,-31.320265912],[-53.988961646,-31.319338584],[-53.987616484,-31.317997159]]]]}";2017-12-12;0.1612041484716157;0.2073700873362445;0.2507194915254237;0.3276067796610169;0.3600271186440678;0.3878082969432314;0.4279262711864406;0.3138016949152543;0.3031666041189075;0.3170036899315894;0.214695128220778;0.2471353692654802;1;12;2017;0;False;False;False;True
2018-01-15;3;33;0;16.2;4546.4243;4546.4243;0.0;20.6;23.07;25.2;80.27;4.47;14.04;1.8;12.9;1.68;0.0;"{""type"":""MultiPolygon"",""coordinates"":[[[[-53.987616484,-31.317997159],[-53.985087933,-31.319366693],[-53.986576492,-31.319988032],[-53.986851181,-31.320218541],[-53.987030934,-31.320265912],[-53.988961646,-31.319338584],[-53.987616484,-31.317997159]]]]}";2018-01-11;0.1578745614035087;0.2008734649122807;0.2443853448275862;0.3280612068965517;0.3665793103448276;0.3772263157894737;0.4348931034482759;0.3127887931034482;0.3050560764149029;0.3152743408073719;0.2137041168597437;0.2453662277378469;4;1;2018;35;False;False;False;True
2018-02-19;3;33;0;14.0;3701.483;3701.483;0.0;21.5;27.6;33.0;56.57;3.02;20.44;0.0;17.25;5.08;0.0;"{""type"":""MultiPolygon"",""coordinates"":[[[[-53.987616484,-31.317997159],[-53.985087933,-31.319366693],[-53.986576492,-31.319988032],[-53.986851181,-31.320218541],[-53.987030934,-31.320265912],[-53.988961646,-31.319338584],[-53.987616484,-31.317997159]]]]}";2018-02-17;0.1655242358078602;0.202753711790393;0.2475906779661017;0.3401372881355932;0.3764805084745762;0.399553711790393;0.4507059322033899;0.325664406779661;0.3267434407997193;0.3579107924789749;0.2348209089496571;0.2678018796617179;2;2;2018;35;False;False;False;True
2018-02-19;3;33;1;18.4;4007.2688;4007.2688;0.0;21.5;27.6;33.0;56.57;3.02;20.44;0.0;17.25;5.08;0.0;"{""type"":""MultiPolygon"",""coordinates"":[[[[-53.987616484,-31.317997159],[-53.985087933,-31.319366693],[-53.986576492,-31.319988032],[-53.986851181,-31.320218541],[-53.987030934,-31.320265912],[-53.988961646,-31.319338584],[-53.987616484,-31.317997159]]]]}";2018-02-17;0.1655242358078602;0.202753711790393;0.2475906779661017;0.3401372881355932;0.3764805084745762;0.399553711790393;0.4507059322033899;0.325664406779661;0.3267434407997193;0.3579107924789749;0.2348209089496571;0.2678018796617179;2;2;2018;0;False;False;False;True
2018-03-23;3;33;0;30.4;5554.33;5554.33;0.0;15.6;25.99;30.6;54.92;3.51;22.92;0.0;13.1;4.79;0.0;"{""type"":""MultiPolygon"",""coordinates"":[[[[-53.987616484,-31.317997159],[-53.985087933,-31.319366693],[-53.986576492,-31.319988032],[-53.986851181,-31.320218541],[-53.987030934,-31.320265912],[-53.988961646,-31.319338584],[-53.987616484,-31.317997159]]]]}";2018-03-22;0.1419065502183406;0.1715829694323144;0.2119694915254237;0.3006186440677966;0.3334737288135593;0.3553281659388646;0.3835652542372881;0.2770059322033898;0.3487214146216745;0.3478634222512419;0.2527045062273421;0.2683949810907472;1;3;2018;32;False;True;False;False
2018-04-25;3;33;0;20.8;6088.803;6088.803;0.0;20.2;24.08;26.2;79.33;1.73;10.16;0.0;13.2;1.16;0.0;"{""type"":""MultiPolygon"",""coordinates"":[[[[-53.987616484,-31.317997159],[-53.985087933,-31.319366693],[-53.986576492,-31.319988032],[-53.986851181,-31.320218541],[-53.987030934,-31.320265912],[-53.988961646,-31.319338584],[-53.987616484,-31.317997159]]]]}";2018-04-18;0.1387017467248908;0.1538089519650655;0.1955466101694915;0.3218406779661017;0.3672881355932203;0.3772161572052402;0.3637076271186441;0.2488771186440677;0.4207093061743065;0.4433362536536501;0.3171811391798986;0.3250268154283215;7;4;2018;33;False;True;False;False
2018-06-08;3;33;0;24.8;4802.712;4721.627;81.08475;3.8;11.42;14.9;66.27;3.96;13.96;0.0;;1.02;0.0;"{""type"":""MultiPolygon"",""coordinates"":[[[[-53.987616484,-31.317997159],[-53.985087933,-31.319366693],[-53.986576492,-31.319988032],[-53.986851181,-31.320218541],[-53.987030934,-31.320265912],[-53.988961646,-31.319338584],[-53.987616484,-31.317997159]]]]}";2018-06-07;0.1310620614035088;0.1468614035087719;0.1844525862068965;0.2866836206896551;0.3196431034482758;0.3441109649122807;0.2980318965517241;0.2072681034482758;0.4017528767206502;0.3969398502352581;0.3020608938458288;0.2985697195338443;1;6;2018;44;True;False;False;False
2018-08-20;3;33;0;14.8;1396.5807;1263.6589;132.92175;3.5;8.27;10.4;68.64;;17.46;0.0;;0.0;0.0;"{""type"":""MultiPolygon"",""coordinates"":[[[[-53.987616484,-31.317997159],[-53.985087933,-31.319366693],[-53.986576492,-31.319988032],[-53.986851181,-31.320218541],[-53.987030934,-31.320265912],[-53.988961646,-31.319338584],[-53.987616484,-31.317997159]]]]}";2018-08-26;0.139536462882096;0.1645598253275109;0.2061474576271186;0.2928228813559322;0.3208567796610169;0.3496155021834061;0.3212474576271186;0.2261576271186441;0.3599077337135864;0.3585096980837833;0.2581461071194809;0.2737036760351033;6;8;2018;73;True;False;False;False
2018-08-20;3;33;1;21.2;2463.6165;2454.9382;8.678101;3.5;8.27;10.4;68.64;;17.46;0.0;;0.0;0.0;"{""type"":""MultiPolygon"",""coordinates"":[[[[-53.987616484,-31.317997159],[-53.985087933,-31.319366693],[-53.986576492,-31.319988032],[-53.986851181,-31.320218541],[-53.987030934,-31.320265912],[-53.988961646,-31.319338584],[-53.987616484,-31.317997159]]]]}";2018-08-26;0.139536462882096;0.1645598253275109;0.2061474576271186;0.2928228813559322;0.3208567796610169;0.3496155021834061;0.3212474576271186;0.2261576271186441;0.3599077337135864;0.3585096980837833;0.2581461071194809;0.2737036760351033;6;8;2018;0;True;False;False;False
2018-10-04;3;33;0;17.4;1963.3527;1847.4102;115.94247;;;;;;;;;;;"{""type"":""MultiPolygon"",""coordinates"":[[[[-53.987616484,-31.317997159],[-53.985087933,-31.319366693],[-53.986576492,-31.319988032],[-53.986851181,-31.320218541],[-53.987030934,-31.320265912],[-53.988961646,-31.319338584],[-53.987616484,-31.317997159]]]]}";2018-10-03;0.1287013157894737;0.1416822368421052;0.1928568965517241;0.3293086206896551;0.3667422413793103;0.3845480263157894;0.2942594827586207;0.1989198275862069;0.4615199969995124;0.4783151762669347;0.3319873492108225;0.354987274580574;1;10;2018;45;False;False;True;False
2018-10-04;3;33;1;24.4;3359.0854;2996.8787;362.20685;;;;;;;;;;;"{""type"":""MultiPolygon"",""coordinates"":[[[[-53.987616484,-31.317997159],[-53.985087933,-31.319366693],[-53.986576492,-31.319988032],[-53.986851181,-31.320218541],[-53.987030934,-31.320265912],[-53.988961646,-31.319338584],[-53.987616484,-31.317997159]]]]}";2018-10-03;0.1287013157894737;0.1416822368421052;0.1928568965517241;0.3293086206896551;0.3667422413793103;0.3845480263157894;0.2942594827586207;0.1989198275862069;0.4615199969995124;0.4783151762669347;0.3319873492108225;0.354987274580574;1;10;2018;0;False;False;True;False
2018-11-05;3;33;0;23.0;3700.134;3556.814;143.32018;14.0;20.475;28.7;68.833336;2.275;31.2215;0.0;11.35;0.84;0.0;"{""type"":""MultiPolygon"",""coordinates"":[[[[-53.987616484,-31.317997159],[-53.985087933,-31.319366693],[-53.986576492,-31.319988032],[-53.986851181,-31.320218541],[-53.987030934,-31.320265912],[-53.988961646,-31.319338584],[-53.987616484,-31.317997159]]]]}";2018-11-02;0.1342078947368421;0.1486912280701754;0.2044543103448275;0.3404508620689655;0.380453448275862;0.3945355263157895;0.3258586206896551;0.2204655172413793;0.4525629421980579;0.4801182520055285;0.3173362957720106;0.3534863785059597;3;11;2018;32;False;False;True;False
2018-11-05;3;33;1;20.6;3406.3962;2873.4866;532.90967;14.0;20.475;28.7;68.833336;2.275;31.2215;0.0;11.35;0.84;0.0;"{""type"":""MultiPolygon"",""coordinates"":[[[[-53.987616484,-31.317997159],[-53.985087933,-31.319366693],[-53.986576492,-31.319988032],[-53.986851181,-31.320218541],[-53.987030934,-31.320265912],[-53.988961646,-31.319338584],[-53.987616484,-31.317997159]]]]}";2018-11-02;0.1342078947368421;0.1486912280701754;0.2044543103448275;0.3404508620689655;0.380453448275862;0.3945355263157895;0.3258586206896551;0.2204655172413793;0.4525629421980579;0.4801182520055285;0.3173362957720106;0.3534863785059597;3;11;2018;0;False;False;True;False
2018-12-10;3;33;0;30.2;5715.0566;5179.046;536.01044;16.6;24.591667;32.4;54.208332;2.8458333;28.325657;0.0;14.5;4.32;0.0;"{""type"":""MultiPolygon"",""coordinates"":[[[[-53.987616484,-31.317997159],[-53.985087933,-31.319366693],[-53.986576492,-31.319988032],[-53.986851181,-31.320218541],[-53.987030934,-31.320265912],[-53.988961646,-31.319338584],[-53.987616484,-31.317997159]]]]}";2018-12-07;0.1388100436681222;0.1578192139737991;0.2079330508474576;0.339043220338983;0.3835042372881356;0.4112379912663755;0.3448194915254237;0.2377677966101695;0.4453309350254499;0.4810246382051573;0.3283502079245184;0.355573269676869;3;12;2018;35;False;False;False;True
2018-12-10;3;33;1;34.0;4989.0054;4251.4585;737.54663;16.6;24.591667;32.4;54.208332;2.8458333;28.325657;0.0;14.5;4.32;0.0;"{""type"":""MultiPolygon"",""coordinates"":[[[[-53.987616484,-31.317997159],[-53.985087933,-31.319366693],[-53.986576492,-31.319988032],[-53.986851181,-31.320218541],[-53.987030934,-31.320265912],[-53.988961646,-31.319338584],[-53.987616484,-31.317997159]]]]}";2018-12-07;0.1388100436681222;0.1578192139737991;0.2079330508474576;0.339043220338983;0.3835042372881356;0.4112379912663755;0.3448194915254237;0.2377677966101695;0.4453309350254499;0.4810246382051573;0.3283502079245184;0.355573269676869;3;12;2018;0;False;False;False;True
2019-01-14;3;33;0;16.2;4546.4243;4546.4243;0.0;20.9;24.233334;28.4;84.791664;3.0;18.755081;0.2;14.65;0.1;0.0;"{""type"":""MultiPolygon"",""coordinates"":[[[[-53.987616484,-31.317997159],[-53.985087933,-31.319366693],[-53.986576492,-31.319988032],[-53.986851181,-31.320218541],[-53.987030934,-31.320265912],[-53.988961646,-31.319338584],[-53.987616484,-31.317997159]]]]}";2019-01-06;0.1340019650655022;0.1410124454148471;0.1893406779661017;0.3363177966101695;0.3898135593220339;0.3861899563318777;0.3121161016949152;0.2077915254237288;0.4650538580717944;0.4994449637947734;0.3420309304749499;0.3580270701764044;8;1;2019;35;False;False;False;True
2019-01-14;3;33;1;41.8;5474.4995;5358.7407;115.75902;20.9;24.233334;28.4;84.791664;3.0;18.755081;0.2;14.65;0.1;0.0;"{""type"":""MultiPolygon"",""coordinates"":[[[[-53.987616484,-31.317997159],[-53.985087933,-31.319366693],[-53.986576492,-31.319988032],[-53.986851181,-31.320218541],[-53.987030934,-31.320265912],[-53.988961646,-31.319338584],[-53.987616484,-31.317997159]]]]}";2019-01-06;0.1340019650655022;0.1410124454148471;0.1893406779661017;0.3363177966101695;0.3898135593220339;0.3861899563318777;0.3121161016949152;0.2077915254237288;0.4650538580717944;0.4994449637947734;0.3420309304749499;0.3580270701764044;8;1;2019;0;False;False;False;True
2019-02-18;3;33;0;36.6;11037.291;10826.667;210.62375;17.7;23.795834;31.2;74.125;3.2083333;25.51021;0.0;14.45;2.06;0.0;"{""type"":""MultiPolygon"",""coordinates"":[[[[-53.987616484,-31.317997159],[-53.985087933,-31.319366693],[-53.986576492,-31.319988032],[-53.986851181,-31.320218541],[-53.987030934,-31.320265912],[-53.988961646,-31.319338584],[-53.987616484,-31.317997159]]]]}";2019-02-17;0.1413231441048034;0.1577617903930131;0.220472033898305;0.3628940677966101;0.4041194915254237;0.4116554585152838;0.3170033898305084;0.2108483050847457;0.4458833458400548;0.4888953934815124;0.3024444070404252;0.3561196554218506;1;2;2019;35;False;False;False;True
2019-02-18;3;33;1;35.6;8727.34;8407.8545;319.48532;17.7;23.795834;31.2;74.125;3.2083333;25.51021;0.0;14.45;2.06;0.0;"{""type"":""MultiPolygon"",""coordinates"":[[[[-53.987616484,-31.317997159],[-53.985087933,-31.319366693],[-53.986576492,-31.319988032],[-53.986851181,-31.320218541],[-53.987030934,-31.320265912],[-53.988961646,-31.319338584],[-53.987616484,-31.317997159]]]]}";2019-02-17;0.1413231441048034;0.1577617903930131;0.220472033898305;0.3628940677966101;0.4041194915254237;0.4116554585152838;0.3170033898305084;0.2108483050847457;0.4458833458400548;0.4888953934815124;0.3024444070404252;0.3561196554218506;1;2;2019;0;False;False;False;True
2019-04-10;3;33;0;43.0;7617.5073;7561.752;55.755695;15.0;21.191668;29.2;68.833336;4.225;19.95285;0.0;12.1;1.88;0.0;"{""type"":""MultiPolygon"",""coordinates"":[[[[-53.987616484,-31.317997159],[-53.985087933,-31.319366693],[-53.986576492,-31.319988032],[-53.986851181,-31.320218541],[-53.987030934,-31.320265912],[-53.988961646,-31.319338584],[-53.987616484,-31.317997159]]]]}";2019-04-11;0.6215271929824561;0.5989780701754386;0.6634137931034483;0.6623905172413793;0.6564155172413794;0.6775736842105263;0.6718655172413793;0.6521413793103449;0.0615686859267943;0.3221194256719106;0.0105593015196835;0.0663608142918299;1;4;2019;51;False;True;False;False
2019-04-10;3;33;1;61.2;12880.3955;12768.181;112.21506;15.0;21.191668;29.2;68.833336;4.225;19.95285;0.0;12.1;1.88;0.0;"{""type"":""MultiPolygon"",""coordinates"":[[[[-53.987616484,-31.317997159],[-53.985087933,-31.319366693],[-53.986576492,-31.319988032],[-53.986851181,-31.320218541],[-53.987030934,-31.320265912],[-53.988961646,-31.319338584],[-53.987616484,-31.317997159]]]]}";2019-04-11;0.6215271929824561;0.5989780701754386;0.6634137931034483;0.6623905172413793;0.6564155172413794;0.6775736842105263;0.6718655172413793;0.6521413793103449;0.0615686859267943;0.3221194256719106;0.0105593015196835;0.0663608142918299;1;4;2019;0;False;True;False;False
2019-06-13;3;33;0;20.8;2495.8625;2368.057;127.80569;19.3;22.333334;28.2;73.333336;5.7458334;9.606022;0.0;13.75;0.33;0.0;"{""type"":""MultiPolygon"",""coordinates"":[[[[-53.987616484,-31.317997159],[-53.985087933,-31.319366693],[-53.986576492,-31.319988032],[-53.986851181,-31.320218541],[-53.987030934,-31.320265912],[-53.988961646,-31.319338584],[-53.987616484,-31.317997159]]]]}";2019-06-20;0.1375377729257642;0.1827724890829694;0.223072033898305;0.3100838983050847;0.3423618644067797;0.361453711790393;0.3296330508474576;0.2289059322033898;0.3283216104272081;0.313134051877951;0.2367418012170607;0.2566702825852954;7;6;2019;64;True;False;False;False
2019-06-13;3;33;1;29.0;3298.1482;3081.4075;216.74072;19.3;22.333334;28.2;73.333336;5.7458334;9.606022;0.0;13.75;0.33;0.0;"{""type"":""MultiPolygon"",""coordinates"":[[[[-53.987616484,-31.317997159],[-53.985087933,-31.319366693],[-53.986576492,-31.319988032],[-53.986851181,-31.320218541],[-53.987030934,-31.320265912],[-53.988961646,-31.319338584],[-53.987616484,-31.317997159]]]]}";2019-06-20;0.1375377729257642;0.1827724890829694;0.223072033898305;0.3100838983050847;0.3423618644067797;0.361453711790393;0.3296330508474576;0.2289059322033898;0.3283216104272081;0.313134051877951;0.2367418012170607;0.2566702825852954;7;6;2019;0;True;False;False;False
2019-07-08;3;33;1;22.2;3879.8044;3807.2139;72.59078;2.5;10.214286;19.9;61.285713;2.5619047;13.88923;0.0;1.2;0.41;0.0;"{""type"":""MultiPolygon"",""coordinates"":[[[[-53.987616484,-31.317997159],[-53.985087933,-31.319366693],[-53.986576492,-31.319988032],[-53.986851181,-31.320218541],[-53.987030934,-31.320265912],[-53.988961646,-31.319338584],[-53.987616484,-31.317997159]]]]}";2019-07-07;0.1423120087336244;0.1900296943231441;0.2318677966101694;0.3236398305084746;0.3557635593220339;0.3866163755458515;0.3344771186440677;0.2321338983050847;0.3409139357654317;0.3367468538036473;0.2502062072117904;0.2738876127323268;1;7;2019;25;True;False;False;False
2019-07-08;3;33;0;27.2;4073.2942;3836.8184;236.47571;2.5;10.214286;19.9;61.285713;2.5619047;13.88923;0.0;1.2;0.41;0.0;"{""type"":""MultiPolygon"",""coordinates"":[[[[-53.987616484,-31.317997159],[-53.985087933,-31.319366693],[-53.986576492,-31.319988032],[-53.986851181,-31.320218541],[-53.987030934,-31.320265912],[-53.988961646,-31.319338584],[-53.987616484,-31.317997159]]]]}";2019-07-07;0.1423120087336244;0.1900296943231441;0.2318677966101694;0.3236398305084746;0.3557635593220339;0.3866163755458515;0.3344771186440677;0.2321338983050847;0.3409139357654317;0.3367468538036473;0.2502062072117904;0.2738876127323268;1;7;2019;0;True;False;False;False
2019-08-13;3;33;1;26.6;2884.8682;2795.8564;89.011665;4.1;7.1041665;12.0;73.125;;16.861422;0.0;-1.95;0.0;0.0;"{""type"":""MultiPolygon"",""coordinates"":[[[[-53.987616484,-31.317997159],[-53.985087933,-31.319366693],[-53.986576492,-31.319988032],[-53.986851181,-31.320218541],[-53.987030934,-31.320265912],[-53.988961646,-31.319338584],[-53.987616484,-31.317997159]]]]}";2019-08-14;0.1547964912280701;0.1970041666666666;0.2335241379310344;0.3019706896551724;0.3269129310344827;0.3541671052631578;0.3463887931034483;0.247875;0.2851435599069127;0.2857054126649099;0.2052829078691224;0.2242683130618079;1;8;2019;36;True;False;False;False
2016-08-09;4;19;0;8.0;1496.1042;310.24158;1185.8625;8.0;12.2;18.2;75.0;2.1;14.1;0.2;6.1;0.07;0.0;"{""type"":""MultiPolygon"",""coordinates"":[[[[-53.983922653,-31.319101747],[-53.983788514,-31.318150713],[-53.983136626,-31.318537389],[-53.983067218,-31.320468687],[-53.983910128,-31.320001126],[-53.983922653,-31.319101747]]]]}";2016-08-14;0.1418073619631902;0.1483435582822086;0.2318;0.4338441176470588;0.4826029411764706;0.4964662576687116;0.3192235294117647;0.2092941176470588;0.5398843050692648;0.6578419574809465;0.3634196351701747;0.4561317013568842;5;8;2016;0;True;False;False;False
2016-08-09;4;19;1;17.0;2541.4336;9.908123;2531.5254;8.0;12.2;18.2;75.0;2.1;14.1;0.2;6.1;0.07;0.0;"{""type"":""MultiPolygon"",""coordinates"":[[[[-53.983922653,-31.319101747],[-53.983788514,-31.318150713],[-53.983136626,-31.318537389],[-53.983067218,-31.320468687],[-53.983910128,-31.320001126],[-53.983922653,-31.319101747]]]]}";2016-08-14;0.1418073619631902;0.1483435582822086;0.2318;0.4338441176470588;0.4826029411764706;0.4964662576687116;0.3192235294117647;0.2092941176470588;0.5398843050692648;0.6578419574809465;0.3634196351701747;0.4561317013568842;5;8;2016;0;True;False;False;False
2016-08-09;4;20;1;15.2;2861.6045;261.76645;2599.8381;8.0;12.2;18.2;75.0;2.1;14.1;0.2;6.1;0.07;0.0;"{""type"":""MultiPolygon"",""coordinates"":[[[[-53.985780093,-31.318132649],[-53.983922096,-31.319102875],[-53.983910727,-31.319991849],[-53.986325441,-31.318700589],[-53.985780093,-31.318132649]]]]}";2016-08-14;0.1403441624365482;0.145953807106599;0.2317574468085106;0.4578829787234043;0.5132127659574468;0.5222791878172588;0.3210787234042553;0.2062702127659574;0.5631649193759737;0.6992707733205958;0.3852886287851716;0.4831981920719346;5;8;2016;0;True;False;False;False
2016-08-09;4;20;0;8.8;1201.0151;152.91302;1048.1022;8.0;12.2;18.2;75.0;2.1;14.1;0.2;6.1;0.07;0.0;"{""type"":""MultiPolygon"",""coordinates"":[[[[-53.985780093,-31.318132649],[-53.983922096,-31.319102875],[-53.983910727,-31.319991849],[-53.986325441,-31.318700589],[-53.985780093,-31.318132649]]]]}";2016-08-14;0.1403441624365482;0.145953807106599;0.2317574468085106;0.4578829787234043;0.5132127659574468;0.5222791878172588;0.3210787234042553;0.2062702127659574;0.5631649193759737;0.6992707733205958;0.3852886287851716;0.4831981920719346;5;8;2016;0;True;False;False;False
2016-08-09;4;21;0;8.2;1616.4794;199.00084;1417.4785;8.0;12.2;18.2;75.0;2.1;14.1;0.2;6.1;0.07;0.0;"{""type"":""MultiPolygon"",""coordinates"":[[[[-53.98474514,-31.317575805],[-53.983790938,-31.31814584],[-53.983922186,-31.319104639],[-53.985782656,-31.318129598],[-53.985540729,-31.317629476],[-53.985000723,-31.317749729],[-53.98474514,-31.317575805]]]]}";2016-08-14;0.1378603448275862;0.1422022988505747;0.2292795454545454;0.4638045454545454;0.5238431818181818;0.5370827586206897;0.3131454545454545;0.199675;0.581317747868787;0.7278398212571531;0.4016419016558605;0.5022710038616812;5;8;2016;0;True;False;False;False
2016-08-09;4;21;1;26.0;3196.9146;0.0;3196.9146;8.0;12.2;18.2;75.0;2.1;14.1;0.2;6.1;0.07;0.0;"{""type"":""MultiPolygon"",""coordinates"":[[[[-53.98474514,-31.317575805],[-53.983790938,-31.31814584],[-53.983922186,-31.319104639],[-53.985782656,-31.318129598],[-53.985540729,-31.317629476],[-53.985000723,-31.317749729],[-53.98474514,-31.317575805]]]]}";2016-08-14;0.1378603448275862;0.1422022988505747;0.2292795454545454;0.4638045454545454;0.5238431818181818;0.5370827586206897;0.3131454545454545;0.199675;0.581317747868787;0.7278398212571531;0.4016419016558605;0.5022710038616812;5;8;2016;0;True;False;False;False
2016-08-09;4;22;0;6.2;1592.459;148.76225;1443.6967;8.0;12.2;18.2;75.0;2.1;14.1;0.2;6.1;0.07;0.0;"{""type"":""MultiPolygon"",""coordinates"":[[[[-53.987372763,-31.318135555],[-53.985972124,-31.316855167],[-53.985220682,-31.317297253],[-53.985546871,-31.317629084],[-53.985783228,-31.31812843],[-53.986327662,-31.31870162],[-53.987372763,-31.318135555]]]]}";2016-08-14;0.1408301020408163;0.1523102040816326;0.2186;0.3716448979591836;0.4131918367346939;0.4219775510204082;0.2997918367346939;0.2020734693877551;0.4695683384209722;0.5268533235993105;0.3174909122188841;0.3765294898755891;5;8;2016;0;True;False;False;False
2016-08-09;4;22;1;15.0;3216.0999;0.0;3216.0999;8.0;12.2;18.2;75.0;2.1;14.1;0.2;6.1;0.07;0.0;"{""type"":""MultiPolygon"",""coordinates"":[[[[-53.987372763,-31.318135555],[-53.985972124,-31.316855167],[-53.985220682,-31.317297253],[-53.985546871,-31.317629084],[-53.985783228,-31.31812843],[-53.986327662,-31.31870162],[-53.987372763,-31.318135555]]]]}";2016-08-14;0.1408301020408163;0.1523102040816326;0.2186;0.3716448979591836;0.4131918367346939;0.4219775510204082;0.2997918367346939;0.2020734693877551;0.4695683384209722;0.5268533235993105;0.3174909122188841;0.3765294898755891;5;8;2016;0;True;False;False;False
2016-08-09;4;23;0;9.4;1523.6594;0.0;1523.6594;8.0;12.2;18.2;75.0;2.1;14.1;0.2;6.1;0.07;0.0;"{""type"":""MultiPolygon"",""coordinates"":[[[[-53.985544766,-31.317627349],[-53.985221696,-31.317300839],[-53.98474514,-31.317575805],[-53.984997115,-31.31775369],[-53.985544766,-31.317627349]]]]}";2016-08-14;0.1375380952380952;0.1432190476190476;0.2275666666666666;0.453;0.5147166666666667;0.5193523809523809;0.3140333333333333;0.2020166666666666;0.5676872215035217;0.6980266704371724;0.3906523942799947;0.4853035143769969;5;8;2016;0;True;False;False;False
2016-08-09;4;23;1;10.4;1633.0117;0.0;1633.0117;8.0;12.2;18.2;75.0;2.1;14.1;0.2;6.1;0.07;0.0;"{""type"":""MultiPolygon"",""coordinates"":[[[[-53.985544766,-31.317627349],[-53.985221696,-31.317300839],[-53.98474514,-31.317575805],[-53.984997115,-31.31775369],[-53.985544766,-31.317627349]]]]}";2016-08-14;0.1375380952380952;0.1432190476190476;0.2275666666666666;0.453;0.5147166666666667;0.5193523809523809;0.3140333333333333;0.2020166666666666;0.5676872215035217;0.6980266704371724;0.3906523942799947;0.4853035143769969;5;8;2016;0;True;False;False;False
2016-08-09;4;24;0;5.6;1223.9365;5.896121;1218.0404;8.0;12.2;18.2;75.0;2.1;14.1;0.2;6.1;0.07;0.0;"{""type"":""MultiPolygon"",""coordinates"":[[[[-53.987622775,-31.317992448],[-53.986285131,-31.316664331],[-53.985967617,-31.316851604],[-53.987372111,-31.318137876],[-53.987622775,-31.317992448]]]]}";2016-08-14;0.1425129032258064;0.1536338709677419;0.2273176470588235;0.3945823529411765;0.4398823529411765;0.4599677419354839;0.3164941176470588;0.2111294117647059;0.4992390250057173;0.583304566388989;0.3385058064701378;0.4126258449407836;5;8;2016;0;True;False;False;False
2016-08-09;4;24;1;17.0;2552.232;237.56105;2314.671;8.0;12.2;18.2;75.0;2.1;14.1;0.2;6.1;0.07;0.0;"{""type"":""MultiPolygon"",""coordinates"":[[[[-53.987622775,-31.317992448],[-53.986285131,-31.316664331],[-53.985967617,-31.316851604],[-53.987372111,-31.318137876],[-53.987622775,-31.317992448]]]]}";2016-08-14;0.1425129032258064;0.1536338709677419;0.2273176470588235;0.3945823529411765;0.4398823529411765;0.4599677419354839;0.3164941176470588;0.2111294117647059;0.4992390250057173;0.583304566388989;0.3385058064701378;0.4126258449407836;5;8;2016;0;True;False;False;False
2016-09-12;4;34;1;36.4;3434.2327;153.42812;3280.8047;12.9;16.5;21.2;83.4;4.0;5.6;5.8;10.05;0.0;0.0;"{""type"":""MultiPolygon"",""coordinates"":[[[[-53.984682337,-31.319584757],[-53.983638816,-31.318231273],[-53.983140656,-31.318530297],[-53.983073663,-31.320449385],[-53.984682337,-31.319584757]]]]}";2016-09-10;0.1222327014218009;0.1238834123222748;0.2002905660377358;0.4851792452830188;0.5689094339622641;0.5935279620853081;0.3019830188679245;0.1926679245283019;0.6546377246260583;0.8267905674705991;0.4953744238968171;0.5786596375340732;2;9;2016;0;False;False;True;False
2016-09-12;4;34;0;27.8;2929.8342;0.0;2929.8342;12.9;16.5;21.2;83.4;4.0;5.6;5.8;10.05;0.0;0.0;"{""type"":""MultiPolygon"",""coordinates"":[[[[-53.984682337,-31.319584757],[-53.983638816,-31.318231273],[-53.983140656,-31.318530297],[-53.983073663,-31.320449385],[-53.984682337,-31.319584757]]]]}";2016-09-10;0.1222327014218009;0.1238834123222748;0.2002905660377358;0.4851792452830188;0.5689094339622641;0.5935279620853081;0.3019830188679245;0.1926679245283019;0.6546377246260583;0.8267905674705991;0.4953744238968171;0.5786596375340732;2;9;2016;0;False;False;True;False
2016-11-23;4;34;1;39.0;4634.5967;0.0;4634.5967;8.9;17.8;26.0;59.3;2.0;33.7;0.2;7.45;2.65;0.0;"{""type"":""MultiPolygon"",""coordinates"":[[[[-53.984682337,-31.319584757],[-53.983638816,-31.318231273],[-53.983140656,-31.318530297],[-53.983073663,-31.320449385],[-53.984682337,-31.319584757]]]]}";2016-11-29;0.1446610091743119;0.1653738532110091;0.2347666666666666;0.3975625;0.44480625;0.4613302752293578;0.36925625;0.248875;0.4722426558045403;0.5406126695005082;0.3254770922360018;0.3940117212866138;6;11;2016;72;False;False;True;False
2016-11-23;4;34;0;23.0;3241.3472;0.0;3241.3472;8.9;17.8;26.0;59.3;2.0;33.7;0.2;7.45;2.65;0.0;"{""type"":""MultiPolygon"",""coordinates"":[[[[-53.984682337,-31.319584757],[-53.983638816,-31.318231273],[-53.983140656,-31.318530297],[-53.983073663,-31.320449385],[-53.984682337,-31.319584757]]]]}";2016-11-29;0.1446610091743119;0.1653738532110091;0.2347666666666666;0.3975625;0.44480625;0.4613302752293578;0.36925625;0.248875;0.4722426558045403;0.5406126695005082;0.3254770922360018;0.3940117212866138;6;11;2016;0;False;False;True;False
2016-12-29;4;34;0;14.2;1516.5203;1292.1069;224.41336;20.1;23.0;27.6;83.4;3.3;12.4;10.8;13.85;0.0;0.0;"{""type"":""MultiPolygon"",""coordinates"":[[[[-53.984682337,-31.319584757],[-53.983638816,-31.318231273],[-53.983140656,-31.318530297],[-53.983073663,-31.320449385],[-53.984682337,-31.319584757]]]]}";2016-12-22;0.8265099526066352;0.77380663507109;0.8401339622641509;0.8131075471698113;0.8023867924528302;0.786750710900474;0.5110018867924528;0.4054905660377358;0.0082945210970925;0.1402295262427204;-0.0328131749251995;0.0094227485500633;7;12;2016;36;False;False;False;True
2016-12-29;4;34;1;19.0;1038.0935;816.14514;221.94838;20.1;23.0;27.6;83.4;3.3;12.4;10.8;13.85;0.0;0.0;"{""type"":""MultiPolygon"",""coordinates"":[[[[-53.984682337,-31.319584757],[-53.983638816,-31.318231273],[-53.983140656,-31.318530297],[-53.983073663,-31.320449385],[-53.984682337,-31.319584757]]]]}";2016-12-22;0.8265099526066352;0.77380663507109;0.8401339622641509;0.8131075471698113;0.8023867924528302;0.786750710900474;0.5110018867924528;0.4054905660377358;0.0082945210970925;0.1402295262427204;-0.0328131749251995;0.0094227485500633;7;12;2016;0;False;False;False;True
2017-01-30;4;34;0;25.2;4201.018;3223.3472;977.6711;21.1;25.6;31.5;74.8;3.7;24.2;0.0;16.3;2.64;0.0;"{""type"":""MultiPolygon"",""coordinates"":[[[[-53.984682337,-31.319584757],[-53.983638816,-31.318231273],[-53.983140656,-31.318530297],[-53.983073663,-31.320449385],[-53.984682337,-31.319584757]]]]}";2017-02-07;0.1763009174311926;0.1658729357798165;0.2011291666666666;0.3248354166666666;0.3621729166666667;0.3881385321100917;0.2590416666666666;0.1812375;0.401193132656314;0.5236583752658609;0.3173589284320721;0.3163138207242318;8;1;2017;32;False;False;False;True
2017-01-30;4;34;1;41.6;6857.318;3092.8625;3764.4556;21.1;25.6;31.5;74.8;3.7;24.2;0.0;16.3;2.64;0.0;"{""type"":""MultiPolygon"",""coordinates"":[[[[-53.984682337,-31.319584757],[-53.983638816,-31.318231273],[-53.983140656,-31.318530297],[-53.983073663,-31.320449385],[-53.984682337,-31.319584757]]]]}";2017-02-07;0.1763009174311926;0.1658729357798165;0.2011291666666666;0.3248354166666666;0.3621729166666667;0.3881385321100917;0.2590416666666666;0.1812375;0.401193132656314;0.5236583752658609;0.3173589284320721;0.3163138207242318;8;1;2017;0;False;False;False;True
2017-04-18;4;34;1;19.0;3749.2224;70.83666;3678.3857;12.2;16.6;23.0;83.7;4.0;13.2;0.0;7.6;0.21;0.0;"{""type"":""MultiPolygon"",""coordinates"":[[[[-53.984682337,-31.319584757],[-53.983638816,-31.318231273],[-53.983140656,-31.318530297],[-53.983073663,-31.320449385],[-53.984682337,-31.319584757]]]]}";2017-04-11;0.132391943127962;0.1563104265402843;0.2169679245283018;0.3703716981132075;0.4136075471698113;0.4363810426540284;0.3250320754716981;0.2174849056603773;0.4725403193240891;0.506895314767984;0.3358283691362979;0.384468933833974;7;4;2017;78;False;True;False;False
2017-04-18;4;34;0;9.8;2781.0076;153.359;2627.6487;12.2;16.6;23.0;83.7;4.0;13.2;0.0;7.6;0.21;0.0;"{""type"":""MultiPolygon"",""coordinates"":[[[[-53.984682337,-31.319584757],[-53.983638816,-31.318231273],[-53.983140656,-31.318530297],[-53.983073663,-31.320449385],[-53.984682337,-31.319584757]]]]}";2017-04-11;0.132391943127962;0.1563104265402843;0.2169679245283018;0.3703716981132075;0.4136075471698113;0.4363810426540284;0.3250320754716981;0.2174849056603773;0.4725403193240891;0.506895314767984;0.3358283691362979;0.384468933833974;7;4;2017;0;False;True;False;False
2017-05-19;4;34;0;9.2;2238.9548;0.0;2238.9548;16.1;18.1;21.2;83.6;4.7;8.5;0.4;11.65;0.08;0.0;"{""type"":""MultiPolygon"",""coordinates"":[[[[-53.984682337,-31.319584757],[-53.983638816,-31.318231273],[-53.983140656,-31.318530297],[-53.983073663,-31.320449385],[-53.984682337,-31.319584757]]]]}";2017-05-21;0.1292563981042654;0.1490407582938388;0.2217490566037736;0.3898754716981132;0.4321698113207547;0.4460530805687203;0.3136037735849056;0.2103641509433962;0.4991016590636866;0.5416474866168915;0.3358839564585113;0.4068313304319826;2;5;2017;31;False;True;False;False
2017-06-26;4;34;0;6.4;806.5864;0.0;806.5864;13.8;17.8;23.7;76.1;5.0;11.1;0.0;11.75;0.29;0.0;"{""type"":""MultiPolygon"",""coordinates"":[[[[-53.984682337,-31.319584757],[-53.983638816,-31.318231273],[-53.983140656,-31.318530297],[-53.983073663,-31.320449385],[-53.984682337,-31.319584757]]]]}";2017-07-02;0.1331464454976303;0.1460502369668246;0.2103452830188679;0.3882830188679245;0.4328735849056604;0.4716729857819905;0.3120566037735849;0.2103962264150943;0.527133733723289;0.603283911978276;0.3831681858355428;0.436990225560084;6;6;2017;38;True;False;False;False
2017-06-26;4;34;1;16.0;2191.4814;0.0;2191.4814;13.8;17.8;23.7;76.1;5.0;11.1;0.0;11.75;0.29;0.0;"{""type"":""MultiPolygon"",""coordinates"":[[[[-53.984682337,-31.319584757],[-53.983638816,-31.318231273],[-53.983140656,-31.318530297],[-53.983073663,-31.320449385],[-53.984682337,-31.319584757]]]]}";2017-07-02;0.1331464454976303;0.1460502369668246;0.2103452830188679;0.3882830188679245;0.4328735849056604;0.4716729857819905;0.3120566037735849;0.2103962264150943;0.527133733723289;0.603283911978276;0.3831681858355428;0.436990225560084;6;6;2017;0;True;False;False;False
2017-07-26;4;34;1;15.6;2414.8662;0.0;2414.8662;16.5;18.5;22.3;84.0;3.4;9.4;0.4;12.4;0.22;0.0;"{""type"":""MultiPolygon"",""coordinates"":[[[[-53.984682337,-31.319584757],[-53.983638816,-31.318231273],[-53.983140656,-31.318530297],[-53.983073663,-31.320449385],[-53.984682337,-31.319584757]]]]}";2017-07-27;0.1327720379146919;0.1507421800947867;0.2286962264150943;0.4334830188679245;0.4853377358490566;0.5054464454976303;0.3653452830188679;0.2374584905660377;0.5405522917783148;0.6270807355994704;0.3769706212029535;0.4601813115326628;1;7;2017;30;True;False;False;False
2017-07-26;4;34;0;5.6;799.8492;134.29454;665.5546;16.5;18.5;22.3;84.0;3.4;9.4;0.4;12.4;0.22;0.0;"{""type"":""MultiPolygon"",""coordinates"":[[[[-53.984682337,-31.319584757],[-53.983638816,-31.318231273],[-53.983140656,-31.318530297],[-53.983073663,-31.320449385],[-53.984682337,-31.319584757]]]]}";2017-07-27;0.1327720379146919;0.1507421800947867;0.2286962264150943;0.4334830188679245;0.4853377358490566;0.5054464454976303;0.3653452830188679;0.2374584905660377;0.5405522917783148;0.6270807355994704;0.3769706212029535;0.4601813115326628;1;7;2017;0;True;False;False;False
2017-10-02;4;34;0;16.2;1376.0;458.0;918.0;10.4;14.5;18.8;78.8;4.5;17.6;1.2;4.6;0.01;0.0;"{""type"":""MultiPolygon"",""coordinates"":[[[[-53.984682337,-31.319584757],[-53.983638816,-31.318231273],[-53.983140656,-31.318530297],[-53.983073663,-31.320449385],[-53.984682337,-31.319584757]]]]}";2017-10-03;0.1346431279620853;0.1384156398104265;0.2071245283018868;0.4085358490566038;0.4643811320754716;0.4904938388625592;0.3161509433962264;0.2095452830188679;0.5598233306882673;0.6713083575195374;0.4061953123632068;0.4678119092409359;1;10;2017;68;False;False;True;False
2017-12-11;4;34;0;12.2;2572.4285;1699.7579;872.6707;13.9;21.58;26.5;47.93;5.81;34.17;0.0;10.2;6.98;0.0;"{""type"":""MultiPolygon"",""coordinates"":[[[[-53.984682337,-31.319584757],[-53.983638816,-31.318231273],[-53.983140656,-31.318530297],[-53.983073663,-31.320449385],[-53.984682337,-31.319584757]]]]}";2017-12-12;0.1607697247706422;0.2121541284403669;0.2649479166666666;0.3638104166666666;0.4041270833333333;0.4429477064220183;0.4486229166666667;0.3161479166666666;0.3523018341570258;0.3820833853531133;0.2514492023254845;0.2997054948092268;1;12;2017;70;False;False;False;True
2017-12-11;4;34;1;12.2;2336.4075;916.2283;1420.1791;13.9;21.58;26.5;47.93;5.81;34.17;0.0;10.2;6.98;0.0;"{""type"":""MultiPolygon"",""coordinates"":[[[[-53.984682337,-31.319584757],[-53.983638816,-31.318231273],[-53.983140656,-31.318530297],[-53.983073663,-31.320449385],[-53.984682337,-31.319584757]]]]}";2017-12-12;0.1607697247706422;0.2121541284403669;0.2649479166666666;0.3638104166666666;0.4041270833333333;0.4429477064220183;0.4486229166666667;0.3161479166666666;0.3523018341570258;0.3820833853531133;0.2514492023254845;0.2997054948092268;1;12;2017;0;False;False;False;True
2018-01-15;4;34;1;19.0;4656.47;3273.5864;1382.8838;20.6;23.07;25.2;80.27;4.47;14.04;1.8;12.9;1.68;0.0;"{""type"":""MultiPolygon"",""coordinates"":[[[[-53.984682337,-31.319584757],[-53.983638816,-31.318231273],[-53.983140656,-31.318530297],[-53.983073663,-31.320449385],[-53.984682337,-31.319584757]]]]}";2018-01-11;0.164342654028436;0.2099691943127962;0.258366037735849;0.3474396226415094;0.3875245283018868;0.3998502369668246;0.4573849056603773;0.3275169811320755;0.3113725685250626;0.3326354875502774;0.2149509282414601;0.2566377520103821;4;1;2018;35;False;False;False;True
2018-01-15;4;34;0;14.4;2066.6501;733.98035;1332.6697;20.6;23.07;25.2;80.27;4.47;14.04;1.8;12.9;1.68;0.0;"{""type"":""MultiPolygon"",""coordinates"":[[[[-53.984682337,-31.319584757],[-53.983638816,-31.318231273],[-53.983140656,-31.318530297],[-53.983073663,-31.320449385],[-53.984682337,-31.319584757]]]]}";2018-01-11;0.164342654028436;0.2099691943127962;0.258366037735849;0.3474396226415094;0.3875245283018868;0.3998502369668246;0.4573849056603773;0.3275169811320755;0.3113725685250626;0.3326354875502774;0.2149509282414601;0.2566377520103821;4;1;2018;0;False;False;False;True
2018-02-19;4;34;0;8.2;2344.8;1207.2;1137.6;21.5;27.6;33.0;56.57;3.02;20.44;0.0;17.25;5.08;0.0;"{""type"":""MultiPolygon"",""coordinates"":[[[[-53.984682337,-31.319584757],[-53.983638816,-31.318231273],[-53.983140656,-31.318530297],[-53.983073663,-31.320449385],[-53.984682337,-31.319584757]]]]}";2018-02-17;0.1753004587155963;0.2198316513761467;0.2669395833333333;0.3525479166666666;0.3870958333333333;0.4113532110091744;0.4791979166666667;0.3499229166666666;0.3034318011196361;0.338236359179264;0.2129075067291936;0.2539658627005945;2;2;2018;35;False;False;False;True
2018-02-19;4;34;1;16.4;3748.0579;994.9106;2753.1472;21.5;27.6;33.0;56.57;3.02;20.44;0.0;17.25;5.08;0.0;"{""type"":""MultiPolygon"",""coordinates"":[[[[-53.984682337,-31.319584757],[-53.983638816,-31.318231273],[-53.983140656,-31.318530297],[-53.983073663,-31.320449385],[-53.984682337,-31.319584757]]]]}";2018-02-17;0.1753004587155963;0.2198316513761467;0.2669395833333333;0.3525479166666666;0.3870958333333333;0.4113532110091744;0.4791979166666667;0.3499229166666666;0.3034318011196361;0.338236359179264;0.2129075067291936;0.2539658627005945;2;2;2018;0;False;False;False;True
2018-03-23;4;34;1;10.0;4380.703;2551.2983;1829.4047;15.6;25.99;30.6;54.92;3.51;22.92;0.0;13.1;4.79;0.0;"{""type"":""MultiPolygon"",""coordinates"":[[[[-53.984682337,-31.319584757],[-53.983638816,-31.318231273],[-53.983140656,-31.318530297],[-53.983073663,-31.320449385],[-53.984682337,-31.319584757]]]]}";2018-03-22;0.1539321100917431;0.1908683486238532;0.2334166666666666;0.3234979166666666;0.35778125;0.3836100917431193;0.4354979166666667;0.3209104166666666;0.3355073568925303;0.3506105396527013;0.2434147677217989;0.2690725135258711;1;3;2018;32;False;True;False;False
2018-03-23;4;34;0;7.8;983.2;238.8;744.4;15.6;25.99;30.6;54.92;3.51;22.92;0.0;13.1;4.79;0.0;"{""type"":""MultiPolygon"",""coordinates"":[[[[-53.984682337,-31.319584757],[-53.983638816,-31.318231273],[-53.983140656,-31.318530297],[-53.983073663,-31.320449385],[-53.984682337,-31.319584757]]]]}";2018-03-22;0.1539321100917431;0.1908683486238532;0.2334166666666666;0.3234979166666666;0.35778125;0.3836100917431193;0.4354979166666667;0.3209104166666666;0.3355073568925303;0.3506105396527013;0.2434147677217989;0.2690725135258711;1;3;2018;0;False;True;False;False
2018-04-25;4;34;1;19.2;4746.809;282.9708;4463.8384;20.2;24.08;26.2;79.33;1.73;10.16;0.0;13.2;1.16;0.0;"{""type"":""MultiPolygon"",""coordinates"":[[[[-53.984682337,-31.319584757],[-53.983638816,-31.318231273],[-53.983140656,-31.318530297],[-53.983073663,-31.320449385],[-53.984682337,-31.319584757]]]]}";2018-04-18;0.1430752293577981;0.156791743119266;0.20710625;0.3758604166666666;0.4328354166666667;0.4434577981651376;0.39700625;0.2680375;0.4775781326420815;0.546595276762992;0.3633025046984193;0.3908195972223147;7;4;2018;33;False;True;False;False
2018-04-25;4;34;0;12.4;1382.4;593.6;788.8;20.2;24.08;26.2;79.33;1.73;10.16;0.0;13.2;1.16;0.0;"{""type"":""MultiPolygon"",""coordinates"":[[[[-53.984682337,-31.319584757],[-53.983638816,-31.318231273],[-53.983140656,-31.318530297],[-53.983073663,-31.320449385],[-53.984682337,-31.319584757]]]]}";2018-04-18;0.1430752293577981;0.156791743119266;0.20710625;0.3758604166666666;0.4328354166666667;0.4434577981651376;0.39700625;0.2680375;0.4775781326420815;0.546595276762992;0.3633025046984193;0.3908195972223147;7;4;2018;0;False;True;False;False
2018-06-08;4;34;0;6.0;1355.4537;611.3962;744.0576;3.8;11.42;14.9;66.27;3.96;13.96;0.0;;1.02;0.0;"{""type"":""MultiPolygon"",""coordinates"":[[[[-53.984682337,-31.319584757],[-53.983638816,-31.318231273],[-53.983140656,-31.318530297],[-53.983073663,-31.320449385],[-53.984682337,-31.319584757]]]]}";2018-06-07;0.135403317535545;0.1491142180094786;0.2047830188679245;0.3619584905660377;0.4060679245283018;0.4377687203791469;0.3269471698113207;0.2244320754716981;0.4918434043460389;0.5479689303044333;0.3625944609289052;0.3983701816098298;1;6;2018;44;True;False;False;False
2018-08-20;4;34;1;;1216.8;1164.8;52.0;3.5;8.27;10.4;68.64;;17.46;0.0;;0.0;0.0;"{""type"":""MultiPolygon"",""coordinates"":[[[[-53.984682337,-31.319584757],[-53.983638816,-31.318231273],[-53.983140656,-31.318530297],[-53.983073663,-31.320449385],[-53.984682337,-31.319584757]]]]}";2018-08-26;0.1365871559633027;0.1484628440366972;0.2245604166666666;0.4168354166666667;0.464925;0.5077844036697248;0.3319666666666666;0.2208354166666666;0.5475399110454985;0.6537123322241748;0.3867358369148614;0.4661479977735628;6;8;2018;73;True;False;False;False
2018-08-20;4;34;0;4.0;621.6;0.0;621.6;3.5;8.27;10.4;68.64;;17.46;0.0;;0.0;0.0;"{""type"":""MultiPolygon"",""coordinates"":[[[[-53.984682337,-31.319584757],[-53.983638816,-31.318231273],[-53.983140656,-31.318530297],[-53.983073663,-31.320449385],[-53.984682337,-31.319584757]]]]}";2018-08-26;0.1365871559633027;0.1484628440366972;0.2245604166666666;0.4168354166666667;0.464925;0.5077844036697248;0.3319666666666666;0.2208354166666666;0.5475399110454985;0.6537123322241748;0.3867358369148614;0.4661479977735628;6;8;2018;0;True;False;False;False
2018-10-04;4;34;1;24.2;3827.479;0.0;3827.479;;;;;;;;;;;"{""type"":""MultiPolygon"",""coordinates"":[[[[-53.984682337,-31.319584757],[-53.983638816,-31.318231273],[-53.983140656,-31.318530297],[-53.983073663,-31.320449385],[-53.984682337,-31.319584757]]]]}";2018-10-03;0.1276758293838862;0.1342075829383886;0.2131452830188679;0.4302452830188679;0.489554716981132;0.5216853080568721;0.303566037735849;0.1969245283018867;0.590763721391338;0.7074055307864664;0.4198791242296042;0.5028291048466256;1;10;2018;45;False;False;True;False
2018-10-04;4;34;0;9.0;1551.2249;103.41499;1447.8098;;;;;;;;;;;"{""type"":""MultiPolygon"",""coordinates"":[[[[-53.984682337,-31.319584757],[-53.983638816,-31.318231273],[-53.983140656,-31.318530297],[-53.983073663,-31.320449385],[-53.984682337,-31.319584757]]]]}";2018-10-03;0.1276758293838862;0.1342075829383886;0.2131452830188679;0.4302452830188679;0.489554716981132;0.5216853080568721;0.303566037735849;0.1969245283018867;0.590763721391338;0.7074055307864664;0.4198791242296042;0.5028291048466256;1;10;2018;0;False;False;True;False
2018-11-05;4;34;1;25.2;5232.9136;4902.9424;329.97125;14.0;20.475;28.7;68.833336;2.275;31.2215;0.0;11.35;0.84;0.0;"{""type"":""MultiPolygon"",""coordinates"":[[[[-53.984682337,-31.319584757],[-53.983638816,-31.318231273],[-53.983140656,-31.318530297],[-53.983073663,-31.320449385],[-53.984682337,-31.319584757]]]]}";2018-11-02;0.1321895734597156;0.1433265402843601;0.2167471698113207;0.4107641509433962;0.4684981132075471;0.4940398104265403;0.3374509433962264;0.220677358490566;0.5502538214497901;0.6434741036466302;0.3901205963598617;0.4625333823920982;3;11;2018;32;False;False;True;False
2018-11-05;4;34;0;6.6;1062.8;340.4;722.4;14.0;20.475;28.7;68.833336;2.275;31.2215;0.0;11.35;0.84;0.0;"{""type"":""MultiPolygon"",""coordinates"":[[[[-53.984682337,-31.319584757],[-53.983638816,-31.318231273],[-53.983140656,-31.318530297],[-53.983073663,-31.320449385],[-53.984682337,-31.319584757]]]]}";2018-11-02;0.1321895734597156;0.1433265402843601;0.2167471698113207;0.4107641509433962;0.4684981132075471;0.4940398104265403;0.3374509433962264;0.220677358490566;0.5502538214497901;0.6434741036466302;0.3901205963598617;0.4625333823920982;3;11;2018;0;False;False;True;False
2018-12-10;4;34;1;26.6;1983.3566;489.95187;1493.4047;16.6;24.591667;32.4;54.208332;2.8458333;28.325657;0.0;14.5;4.32;0.0;"{""type"":""MultiPolygon"",""coordinates"":[[[[-53.984682337,-31.319584757],[-53.983638816,-31.318231273],[-53.983140656,-31.318530297],[-53.983073663,-31.320449385],[-53.984682337,-31.319584757]]]]}";2018-12-07;0.1468133027522936;0.1758821100917431;0.2328729166666666;0.3741104166666666;0.4230229166666667;0.4587192660550458;0.3904541666666666;0.26519375;0.4456926294119475;0.5004507087888782;0.3265600089630521;0.3739249245279128;3;12;2018;35;False;False;False;True
2018-12-10;4;34;0;7.0;1830.4;677.6;1152.8;16.6;24.591667;32.4;54.208332;2.8458333;28.325657;0.0;14.5;4.32;0.0;"{""type"":""MultiPolygon"",""coordinates"":[[[[-53.984682337,-31.319584757],[-53.983638816,-31.318231273],[-53.983140656,-31.318530297],[-53.983073663,-31.320449385],[-53.984682337,-31.319584757]]]]}";2018-12-07;0.1468133027522936;0.1758821100917431;0.2328729166666666;0.3741104166666666;0.4230229166666667;0.4587192660550458;0.3904541666666666;0.26519375;0.4456926294119475;0.5004507087888782;0.3265600089630521;0.3739249245279128;3;12;2018;0;False;False;False;True
2019-01-14;4;34;1;22.0;3930.8777;2575.6167;1355.261;20.9;24.233334;28.4;84.791664;3.0;18.755081;0.2;14.65;0.1;0.0;"{""type"":""MultiPolygon"",""coordinates"":[[[[-53.984682337,-31.319584757],[-53.983638816,-31.318231273],[-53.983140656,-31.318530297],[-53.983073663,-31.320449385],[-53.984682337,-31.319584757]]]]}";2019-01-06;0.1406770642201834;0.1503068807339449;0.2074708333333333;0.3885604166666666;0.4518770833333333;0.4486605504587156;0.3670125;0.2371645833333333;0.4981133433761007;0.5757838814401012;0.3675936300005179;0.4072281779101234;8;1;2019;35;False;False;False;True
2019-02-18;4;34;1;35.4;7966.688;3677.2505;4289.4375;17.7;23.795834;31.2;74.125;3.2083333;25.51021;0.0;14.45;2.06;0.0;"{""type"":""MultiPolygon"",""coordinates"":[[[[-53.984682337,-31.319584757],[-53.983638816,-31.318231273],[-53.983140656,-31.318530297],[-53.983073663,-31.320449385],[-53.984682337,-31.319584757]]]]}";2019-02-17;0.1512582568807339;0.1797894495412844;0.24560625;0.4024791666666666;0.449725;0.4618238532110092;0.3840208333333333;0.2534729166666666;0.4395706922844292;0.5014395585234246;0.3056381149594884;0.3705734721947091;1;2;2019;35;False;False;False;True
2019-02-18;4;34;0;10.4;2165.2;1047.6;1117.6;17.7;23.795834;31.2;74.125;3.2083333;25.51021;0.0;14.45;2.06;0.0;"{""type"":""MultiPolygon"",""coordinates"":[[[[-53.984682337,-31.319584757],[-53.983638816,-31.318231273],[-53.983140656,-31.318530297],[-53.983073663,-31.320449385],[-53.984682337,-31.319584757]]]]}";2019-02-17;0.1512582568807339;0.1797894495412844;0.24560625;0.4024791666666666;0.449725;0.4618238532110092;0.3840208333333333;0.2534729166666666;0.4395706922844292;0.5014395585234246;0.3056381149594884;0.3705734721947091;1;2;2019;0;False;False;False;True
2019-04-10;4;34;1;25.8;4616.9023;2284.4355;2332.4666;15.0;21.191668;29.2;68.833336;4.225;19.95285;0.0;12.1;1.88;0.0;"{""type"":""MultiPolygon"",""coordinates"":[[[[-53.984682337,-31.319584757],[-53.983638816,-31.318231273],[-53.983140656,-31.318530297],[-53.983073663,-31.320449385],[-53.984682337,-31.319584757]]]]}";2019-04-11;0.4885620853080569;0.4906142180094786;0.5467339622641509;0.5606924528301888;0.567366037735849;0.5593857819905214;0.5736396226415094;0.5693283018867924;0.065496727600993;0.2049565391797108;0.0114380199721464;0.0665531264332671;1;4;2019;51;False;True;False;False
2019-04-10;4;34;0;9.2;1645.6;453.6;1192.0;15.0;21.191668;29.2;68.833336;4.225;19.95285;0.0;12.1;1.88;0.0;"{""type"":""MultiPolygon"",""coordinates"":[[[[-53.984682337,-31.319584757],[-53.983638816,-31.318231273],[-53.983140656,-31.318530297],[-53.983073663,-31.320449385],[-53.984682337,-31.319584757]]]]}";2019-04-11;0.4885620853080569;0.4906142180094786;0.5467339622641509;0.5606924528301888;0.567366037735849;0.5593857819905214;0.5736396226415094;0.5693283018867924;0.065496727600993;0.2049565391797108;0.0114380199721464;0.0665531264332671;1;4;2019;0;False;True;False;False
2019-06-13;4;34;1;13.2;2202.6592;1028.3043;1174.3549;19.3;22.333334;28.2;73.333336;5.7458334;9.606022;0.0;13.75;0.33;0.0;"{""type"":""MultiPolygon"",""coordinates"":[[[[-53.984682337,-31.319584757],[-53.983638816,-31.318231273],[-53.983140656,-31.318530297],[-53.983073663,-31.320449385],[-53.984682337,-31.319584757]]]]}";2019-06-20;0.1186151376146789;0.1341339449541284;0.2012958333333333;0.42656875;0.4907083333333333;0.5138669724770643;0.31669375;0.2060291666666666;0.586006928860957;0.6643069490388623;0.437062912953836;0.4961664512942722;7;6;2019;64;True;False;False;False
2019-06-13;4;34;0;8.0;1301.2;0.0;1301.2;19.3;22.333334;28.2;73.333336;5.7458334;9.606022;0.0;13.75;0.33;0.0;"{""type"":""MultiPolygon"",""coordinates"":[[[[-53.984682337,-31.319584757],[-53.983638816,-31.318231273],[-53.983140656,-31.318530297],[-53.983073663,-31.320449385],[-53.984682337,-31.319584757]]]]}";2019-06-20;0.1186151376146789;0.1341339449541284;0.2012958333333333;0.42656875;0.4907083333333333;0.5138669724770643;0.31669375;0.2060291666666666;0.586006928860957;0.6643069490388623;0.437062912953836;0.4961664512942722;7;6;2019;0;True;False;False;False
2019-07-08;4;34;0;9.4;2806.1663;425.5494;2380.617;2.5;10.214286;19.9;61.285713;2.5619047;13.88923;0.0;1.2;0.41;0.0;"{""type"":""MultiPolygon"",""coordinates"":[[[[-53.984682337,-31.319584757],[-53.983638816,-31.318231273],[-53.983140656,-31.318530297],[-53.983073663,-31.320449385],[-53.984682337,-31.319584757]]]]}";2019-07-07;0.1201747706422018;0.1389807339449541;0.2039145833333333;0.4097541666666667;0.4698729166666667;0.5092495412844037;0.3100125;0.2036479166666666;0.5711994972904351;0.6420149438091967;0.4281412194068691;0.4837036812134509;1;7;2019;25;True;False;False;False
2019-07-08;4;34;1;9.6;1742.4;194.8;1547.6;2.5;10.214286;19.9;61.285713;2.5619047;13.88923;0.0;1.2;0.41;0.0;"{""type"":""MultiPolygon"",""coordinates"":[[[[-53.984682337,-31.319584757],[-53.983638816,-31.318231273],[-53.983140656,-31.318530297],[-53.983073663,-31.320449385],[-53.984682337,-31.319584757]]]]}";2019-07-07;0.1201747706422018;0.1389807339449541;0.2039145833333333;0.4097541666666667;0.4698729166666667;0.5092495412844037;0.3100125;0.2036479166666666;0.5711994972904351;0.6420149438091967;0.4281412194068691;0.4837036812134509;1;7;2019;0;True;False;False;False
2019-08-13;4;34;1;15.4;2237.6934;299.2133;1938.4801;4.1;7.1041665;12.0;73.125;;16.861422;0.0;-1.95;0.0;0.0;"{""type"":""MultiPolygon"",""coordinates"":[[[[-53.984682337,-31.319584757],[-53.983638816,-31.318231273],[-53.983140656,-31.318530297],[-53.983073663,-31.320449385],[-53.984682337,-31.319584757]]]]}";2019-08-14;0.1385947867298578;0.1604208530805687;0.2200735849056604;0.3477867924528302;0.3837415094339622;0.4198236966824644;0.3317716981132075;0.2296433962264151;0.4470577857350552;0.4829197596535866;0.3121596505005546;0.3602001653127516;1;8;2019;36;True;False;False;False
2019-08-13;4;34;0;3.2;1119.2;149.2;970.0;4.1;7.1041665;12.0;73.125;;16.861422;0.0;-1.95;0.0;0.0;"{""type"":""MultiPolygon"",""coordinates"":[[[[-53.984682337,-31.319584757],[-53.983638816,-31.318231273],[-53.983140656,-31.318530297],[-53.983073663,-31.320449385],[-53.984682337,-31.319584757]]]]}";2019-08-14;0.1385947867298578;0.1604208530805687;0.2200735849056604;0.3477867924528302;0.3837415094339622;0.4198236966824644;0.3317716981132075;0.2296433962264151;0.4470577857350552;0.4829197596535866;0.3121596505005546;0.3602001653127516;1;8;2019;0;True;False;False;False
2016-09-12;4;35;1;24.0;2747.3545;363.36853;2383.986;12.9;16.5;21.2;83.4;4.0;5.6;5.8;10.05;0.0;0.0;"{""type"":""MultiPolygon"",""coordinates"":[[[[-53.984454825,-31.317742923],[-53.983647906,-31.318230731],[-53.98468277,-31.319586233],[-53.985742506,-31.319002873],[-53.984454825,-31.317742923]]]]}";2016-09-10;0.1218564102564102;0.1228389743589743;0.1991270833333333;0.4945541666666667;0.5830666666666667;0.6083446153846154;0.3017291666666666;0.190125;0.6639996409053673;0.8479231107089146;0.506788699468986;0.5915108580111362;2;9;2016;0;False;False;True;False
2016-09-12;4;35;0;22.6;2624.5247;0.0;2624.5247;12.9;16.5;21.2;83.4;4.0;5.6;5.8;10.05;0.0;0.0;"{""type"":""MultiPolygon"",""coordinates"":[[[[-53.984454825,-31.317742923],[-53.983647906,-31.318230731],[-53.98468277,-31.319586233],[-53.985742506,-31.319002873],[-53.984454825,-31.317742923]]]]}";2016-09-10;0.1218564102564102;0.1228389743589743;0.1991270833333333;0.4945541666666667;0.5830666666666667;0.6083446153846154;0.3017291666666666;0.190125;0.6639996409053673;0.8479231107089146;0.506788699468986;0.5915108580111362;2;9;2016;0;False;False;True;False
2016-11-23;4;35;0;20.4;2797.6267;107.737335;2689.8894;8.9;17.8;26.0;59.3;2.0;33.7;0.2;7.45;2.65;0.0;"{""type"":""MultiPolygon"",""coordinates"":[[[[-53.984454825,-31.317742923],[-53.983647906,-31.318230731],[-53.98468277,-31.319586233],[-53.985742506,-31.319002873],[-53.984454825,-31.317742923]]]]}";2016-11-29;0.1430664974619289;0.1618812182741116;0.2310199999999999;0.398134;0.4462319999999999;0.4627289340101522;0.362158;0.242086;0.4816567816514178;0.5526154383225896;0.333995373039033;0.4012693400352609;6;11;2016;72;False;False;True;False
2016-11-23;4;35;1;39.0;4684.999;564.78064;4120.2188;8.9;17.8;26.0;59.3;2.0;33.7;0.2;7.45;2.65;0.0;"{""type"":""MultiPolygon"",""coordinates"":[[[[-53.984454825,-31.317742923],[-53.983647906,-31.318230731],[-53.98468277,-31.319586233],[-53.985742506,-31.319002873],[-53.984454825,-31.317742923]]]]}";2016-11-29;0.1430664974619289;0.1618812182741116;0.2310199999999999;0.398134;0.4462319999999999;0.4627289340101522;0.362158;0.242086;0.4816567816514178;0.5526154383225896;0.333995373039033;0.4012693400352609;6;11;2016;0;False;False;True;False
2016-12-29;4;35;0;13.2;1847.1426;1521.7338;325.4088;20.1;23.0;27.6;83.4;3.3;12.4;10.8;13.85;0.0;0.0;"{""type"":""MultiPolygon"",""coordinates"":[[[[-53.984454825,-31.317742923],[-53.983647906,-31.318230731],[-53.98468277,-31.319586233],[-53.985742506,-31.319002873],[-53.984454825,-31.317742923]]]]}";2016-12-22;0.8955651282051281;0.8455261538461538;0.9227333333333334;0.89124375;0.8741;0.8816164102564102;0.6660041666666667;0.5802083333333333;0.0208959336422869;0.3790437944882028;-0.0227876680909551;0.024307103410418;7;12;2016;36;False;False;False;True
2016-12-29;4;35;1;17.8;1221.7865;312.73074;909.0558;20.1;23.0;27.6;83.4;3.3;12.4;10.8;13.85;0.0;0.0;"{""type"":""MultiPolygon"",""coordinates"":[[[[-53.984454825,-31.317742923],[-53.983647906,-31.318230731],[-53.98468277,-31.319586233],[-53.985742506,-31.319002873],[-53.984454825,-31.317742923]]]]}";2016-12-22;0.8955651282051281;0.8455261538461538;0.9227333333333334;0.89124375;0.8741;0.8816164102564102;0.6660041666666667;0.5802083333333333;0.0208959336422869;0.3790437944882028;-0.0227876680909551;0.024307103410418;7;12;2016;0;False;False;False;True
2017-01-30;4;35;0;26.4;3553.0215;2007.7792;1545.2424;21.1;25.6;31.5;74.8;3.7;24.2;0.0;16.3;2.64;0.0;"{""type"":""MultiPolygon"",""coordinates"":[[[[-53.984454825,-31.317742923],[-53.983647906,-31.318230731],[-53.98468277,-31.319586233],[-53.985742506,-31.319002873],[-53.984454825,-31.317742923]]]]}";2017-02-07;0.2686710659898477;0.2386538071065989;0.271156;0.361238;0.385858;0.4313573604060913;0.316668;0.24099;0.2876124498265807;0.5679463234726491;0.2280403041922023;0.2470534794669841;8;1;2017;32;False;False;False;True
2017-01-30;4;35;1;52.4;8340.31;3172.773;5167.536;21.1;25.6;31.5;74.8;3.7;24.2;0.0;16.3;2.64;0.0;"{""type"":""MultiPolygon"",""coordinates"":[[[[-53.984454825,-31.317742923],[-53.983647906,-31.318230731],[-53.98468277,-31.319586233],[-53.985742506,-31.319002873],[-53.984454825,-31.317742923]]]]}";2017-02-07;0.2686710659898477;0.2386538071065989;0.271156;0.361238;0.385858;0.4313573604060913;0.316668;0.24099;0.2876124498265807;0.5679463234726491;0.2280403041922023;0.2470534794669841;8;1;2017;0;False;False;False;True
2017-04-18;4;35;1;23.0;4281.935;2463.5918;1818.3434;12.2;16.6;23.0;83.7;4.0;13.2;0.0;7.6;0.21;0.0;"{""type"":""MultiPolygon"",""coordinates"":[[[[-53.984454825,-31.317742923],[-53.983647906,-31.318230731],[-53.98468277,-31.319586233],[-53.985742506,-31.319002873],[-53.984454825,-31.317742923]]]]}";2017-04-11;0.131965641025641;0.1550933333333333;0.21295625;0.3656541666666666;0.4102770833333333;0.4339353846153846;0.32198125;0.2151875;0.4733929650376195;0.5070766088157183;0.3416014720097127;0.3840698321628399;7;4;2017;78;False;True;False;False
2017-04-18;4;35;0;16.8;2775.4224;1081.3998;1694.0226;12.2;16.6;23.0;83.7;4.0;13.2;0.0;7.6;0.21;0.0;"{""type"":""MultiPolygon"",""coordinates"":[[[[-53.984454825,-31.317742923],[-53.983647906,-31.318230731],[-53.98468277,-31.319586233],[-53.985742506,-31.319002873],[-53.984454825,-31.317742923]]]]}";2017-04-11;0.131965641025641;0.1550933333333333;0.21295625;0.3656541666666666;0.4102770833333333;0.4339353846153846;0.32198125;0.2151875;0.4733929650376195;0.5070766088157183;0.3416014720097127;0.3840698321628399;7;4;2017;0;False;True;False;False
2017-05-19;4;35;0;10.8;3330.991;2412.621;918.3698;16.1;18.1;21.2;83.6;4.7;8.5;0.4;11.65;0.08;0.0;"{""type"":""MultiPolygon"",""coordinates"":[[[[-53.984454825,-31.317742923],[-53.983647906,-31.318230731],[-53.98468277,-31.319586233],[-53.985742506,-31.319002873],[-53.984454825,-31.317742923]]]]}";2017-05-21;0.1309666666666666;0.1542661538461538;0.2199895833333333;0.37055625;0.4096958333333333;0.4226420512820513;0.3149833333333333;0.2132708333333333;0.4651968806307008;0.491175079875443;0.3153477934057908;0.3738144479138046;2;5;2017;31;False;True;False;False
2017-06-26;4;35;1;17.6;1894.4485;246.59743;1647.8511;13.8;17.8;23.7;76.1;5.0;11.1;0.0;11.75;0.29;0.0;"{""type"":""MultiPolygon"",""coordinates"":[[[[-53.984454825,-31.317742923],[-53.983647906,-31.318230731],[-53.98468277,-31.319586233],[-53.985742506,-31.319002873],[-53.984454825,-31.317742923]]]]}";2017-07-02;0.1357164102564102;0.1518220512820512;0.2132708333333333;0.3867375;0.4321645833333333;0.4691323076923077;0.32;0.2166520833333333;0.511004153243023;0.5823524949520447;0.3749418180790003;0.4246072828967625;6;6;2017;38;True;False;False;False
2017-06-26;4;35;0;12.8;1468.0276;656.52344;811.5041;13.8;17.8;23.7;76.1;5.0;11.1;0.0;11.75;0.29;0.0;"{""type"":""MultiPolygon"",""coordinates"":[[[[-53.984454825,-31.317742923],[-53.983647906,-31.318230731],[-53.98468277,-31.319586233],[-53.985742506,-31.319002873],[-53.984454825,-31.317742923]]]]}";2017-07-02;0.1357164102564102;0.1518220512820512;0.2132708333333333;0.3867375;0.4321645833333333;0.4691323076923077;0.32;0.2166520833333333;0.511004153243023;0.5823524949520447;0.3749418180790003;0.4246072828967625;6;6;2017;0;True;False;False;False
2017-07-26;4;35;0;10.8;1332.3102;270.60846;1061.7017;16.5;18.5;22.3;84.0;3.4;9.4;0.4;12.4;0.22;0.0;"{""type"":""MultiPolygon"",""coordinates"":[[[[-53.984454825,-31.317742923],[-53.983647906,-31.318230731],[-53.98468277,-31.319586233],[-53.985742506,-31.319002873],[-53.984454825,-31.317742923]]]]}";2017-07-27;0.1341;0.1542794871794872;0.22921875;0.43304375;0.4857104166666667;0.5035389743589743;0.367875;0.23814375;0.5309359764131012;0.6133963023079997;0.3743668817670302;0.4524795969077123;1;7;2017;30;True;False;False;False
2017-07-26;4;35;1;14.4;1944.6838;411.04608;1533.6378;16.5;18.5;22.3;84.0;3.4;9.4;0.4;12.4;0.22;0.0;"{""type"":""MultiPolygon"",""coordinates"":[[[[-53.984454825,-31.317742923],[-53.983647906,-31.318230731],[-53.98468277,-31.319586233],[-53.985742506,-31.319002873],[-53.984454825,-31.317742923]]]]}";2017-07-27;0.1341;0.1542794871794872;0.22921875;0.43304375;0.4857104166666667;0.5035389743589743;0.367875;0.23814375;0.5309359764131012;0.6133963023079997;0.3743668817670302;0.4524795969077123;1;7;2017;0;True;False;False;False
2017-10-02;4;35;0;21.8;2909.72;1085.242;1824.4779;10.4;14.5;18.8;78.8;4.5;17.6;1.2;4.6;0.01;0.0;"{""type"":""MultiPolygon"",""coordinates"":[[[[-53.984454825,-31.317742923],[-53.983647906,-31.318230731],[-53.98468277,-31.319586233],[-53.985742506,-31.319002873],[-53.984454825,-31.317742923]]]]}";2017-10-03;0.1346071794871794;0.1390928205128205;0.20593125;0.4045645833333333;0.4595;0.4834184615384615;0.3182166666666666;0.210225;0.5531235351928541;0.657902730320582;0.4025347467240935;0.4601187264636023;1;10;2017;68;False;False;True;False
2017-12-11;4;35;1;16.0;1553.4376;0.0;1553.4376;13.9;21.58;26.5;47.93;5.81;34.17;0.0;10.2;6.98;0.0;"{""type"":""MultiPolygon"",""coordinates"":[[[[-53.984454825,-31.317742923],[-53.983647906,-31.318230731],[-53.98468277,-31.319586233],[-53.985742506,-31.319002873],[-53.984454825,-31.317742923]]]]}";2017-12-12;0.1566639593908629;0.203384771573604;0.2568;0.357944;0.3987219999999999;0.4339908629441624;0.432414;0.303434;0.3618056274539474;0.3897164288704509;0.2565043524012058;0.3041291958065366;1;12;2017;70;False;False;False;True
2017-12-11;4;35;0;18.8;1929.6;1117.2;812.4;13.9;21.58;26.5;47.93;5.81;34.17;0.0;10.2;6.98;0.0;"{""type"":""MultiPolygon"",""coordinates"":[[[[-53.984454825,-31.317742923],[-53.983647906,-31.318230731],[-53.98468277,-31.319586233],[-53.985742506,-31.319002873],[-53.984454825,-31.317742923]]]]}";2017-12-12;0.1566639593908629;0.203384771573604;0.2568;0.357944;0.3987219999999999;0.4339908629441624;0.432414;0.303434;0.3618056274539474;0.3897164288704509;0.2565043524012058;0.3041291958065366;1;12;2017;0;False;False;False;True
2018-01-15;4;35;0;8.0;2109.2;1348.0;761.2;20.6;23.07;25.2;80.27;4.47;14.04;1.8;12.9;1.68;0.0;"{""type"":""MultiPolygon"",""coordinates"":[[[[-53.984454825,-31.317742923],[-53.983647906,-31.318230731],[-53.98468277,-31.319586233],[-53.985742506,-31.319002873],[-53.984454825,-31.317742923]]]]}";2018-01-11;0.1609451282051282;0.2047892307692307;0.2529291666666666;0.34323125;0.3827354166666666;0.3933271794871795;0.4419604166666667;0.3129916666666666;0.3152194881881324;0.3331120131038005;0.2172481766037312;0.257538199443616;4;1;2018;35;False;False;False;True
2018-01-15;4;35;1;9.8;1991.1062;958.4076;1032.6986;20.6;23.07;25.2;80.27;4.47;14.04;1.8;12.9;1.68;0.0;"{""type"":""MultiPolygon"",""coordinates"":[[[[-53.984454825,-31.317742923],[-53.983647906,-31.318230731],[-53.98468277,-31.319586233],[-53.985742506,-31.319002873],[-53.984454825,-31.317742923]]]]}";2018-01-11;0.1609451282051282;0.2047892307692307;0.2529291666666666;0.34323125;0.3827354166666666;0.3933271794871795;0.4419604166666667;0.3129916666666666;0.3152194881881324;0.3331120131038005;0.2172481766037312;0.257538199443616;4;1;2018;0;False;False;False;True
2018-02-19;4;35;0;5.8;1206.8;359.2;847.6;21.5;27.6;33.0;56.57;3.02;20.44;0.0;17.25;5.08;0.0;"{""type"":""MultiPolygon"",""coordinates"":[[[[-53.984454825,-31.317742923],[-53.983647906,-31.318230731],[-53.98468277,-31.319586233],[-53.985742506,-31.319002873],[-53.984454825,-31.317742923]]]]}";2018-02-17;0.1733101522842639;0.2157380710659898;0.264136;0.351808;0.385644;0.4080598984771573;0.466118;0.336638;0.3083078765902666;0.34278001819962;0.2141100515537408;0.2567033834684956;2;2;2018;35;False;False;False;True
2018-02-19;4;35;1;12.8;2142.0;424.4;1717.6;21.5;27.6;33.0;56.57;3.02;20.44;0.0;17.25;5.08;0.0;"{""type"":""MultiPolygon"",""coordinates"":[[[[-53.984454825,-31.317742923],[-53.983647906,-31.318230731],[-53.98468277,-31.319586233],[-53.985742506,-31.319002873],[-53.984454825,-31.317742923]]]]}";2018-02-17;0.1733101522842639;0.2157380710659898;0.264136;0.351808;0.385644;0.4080598984771573;0.466118;0.336638;0.3083078765902666;0.34278001819962;0.2141100515537408;0.2567033834684956;2;2;2018;0;False;False;False;True
2018-03-23;4;35;0;10.4;2025.6;1608.0;417.6;15.6;25.99;30.6;54.92;3.51;22.92;0.0;13.1;4.79;0.0;"{""type"":""MultiPolygon"",""coordinates"":[[[[-53.984454825,-31.317742923],[-53.983647906,-31.318230731],[-53.98468277,-31.319586233],[-53.985742506,-31.319002873],[-53.984454825,-31.317742923]]]]}";2018-03-22;0.1532563451776649;0.1904040609137055;0.231944;0.316012;0.3473;0.3711116751269035;0.4278119999999999;0.313874;0.3218211042265947;0.3311814240557496;0.2307708572639132;0.2553531823568061;1;3;2018;32;False;True;False;False
2018-03-23;4;35;1;6.0;2330.8298;1420.7878;910.0419;15.6;25.99;30.6;54.92;3.51;22.92;0.0;13.1;4.79;0.0;"{""type"":""MultiPolygon"",""coordinates"":[[[[-53.984454825,-31.317742923],[-53.983647906,-31.318230731],[-53.98468277,-31.319586233],[-53.985742506,-31.319002873],[-53.984454825,-31.317742923]]]]}";2018-03-22;0.1532563451776649;0.1904040609137055;0.231944;0.316012;0.3473;0.3711116751269035;0.4278119999999999;0.313874;0.3218211042265947;0.3311814240557496;0.2307708572639132;0.2553531823568061;1;3;2018;0;False;True;False;False
2018-04-25;4;35;1;11.2;1891.1854;1089.5244;801.661;20.2;24.08;26.2;79.33;1.73;10.16;0.0;13.2;1.16;0.0;"{""type"":""MultiPolygon"",""coordinates"":[[[[-53.984454825,-31.317742923],[-53.983647906,-31.318230731],[-53.98468277,-31.319586233],[-53.985742506,-31.319002873],[-53.984454825,-31.317742923]]]]}";2018-04-18;0.1429015228426396;0.157353807106599;0.205234;0.362926;0.416718;0.4266121827411168;0.395176;0.266642;0.4610857144347292;0.518213716569662;0.3503672076971634;0.3726016934429078;7;4;2018;33;False;True;False;False
2018-04-25;4;35;0;7.0;1569.775;517.8778;1051.8972;20.2;24.08;26.2;79.33;1.73;10.16;0.0;13.2;1.16;0.0;"{""type"":""MultiPolygon"",""coordinates"":[[[[-53.984454825,-31.317742923],[-53.983647906,-31.318230731],[-53.98468277,-31.319586233],[-53.985742506,-31.319002873],[-53.984454825,-31.317742923]]]]}";2018-04-18;0.1429015228426396;0.157353807106599;0.205234;0.362926;0.416718;0.4266121827411168;0.395176;0.266642;0.4610857144347292;0.518213716569662;0.3503672076971634;0.3726016934429078;7;4;2018;0;False;True;False;False
2018-06-08;4;35;0;11.6;1608.2931;522.20044;1086.0927;3.8;11.42;14.9;66.27;3.96;13.96;0.0;;1.02;0.0;"{""type"":""MultiPolygon"",""coordinates"":[[[[-53.984454825,-31.317742923],[-53.983647906,-31.318230731],[-53.98468277,-31.319586233],[-53.985742506,-31.319002873],[-53.984454825,-31.317742923]]]]}";2018-06-07;0.1357143589743589;0.1514297435897436;0.2034041666666666;0.3474666666666666;0.3884729166666666;0.4211882051282051;0.3323645833333333;0.22930625;0.4710967620599943;0.5140571236473763;0.3486818736445646;0.3772430740985988;1;6;2018;44;True;False;False;False
2018-08-20;4;35;0;5.6;1555.5946;45.03531;1510.5593;3.5;8.27;10.4;68.64;;17.46;0.0;;0.0;0.0;"{""type"":""MultiPolygon"",""coordinates"":[[[[-53.984454825,-31.317742923],[-53.983647906,-31.318230731],[-53.98468277,-31.319586233],[-53.985742506,-31.319002873],[-53.984454825,-31.317742923]]]]}";2018-08-26;0.1378532994923857;0.15088730964467;0.225742;0.4150399999999999;0.462338;0.5047736040609138;0.338286;0.225594;0.5397398060777981;0.6428696443282723;0.3819652893241235;0.4593297526367667;6;8;2018;73;True;False;False;False
2018-08-20;4;35;1;7.0;758.8;58.4;700.4;3.5;8.27;10.4;68.64;;17.46;0.0;;0.0;0.0;"{""type"":""MultiPolygon"",""coordinates"":[[[[-53.984454825,-31.317742923],[-53.983647906,-31.318230731],[-53.98468277,-31.319586233],[-53.985742506,-31.319002873],[-53.984454825,-31.317742923]]]]}";2018-08-26;0.1378532994923857;0.15088730964467;0.225742;0.4150399999999999;0.462338;0.5047736040609138;0.338286;0.225594;0.5397398060777981;0.6428696443282723;0.3819652893241235;0.4593297526367667;6;8;2018;0;True;False;False;False
2018-10-04;4;35;0;8.8;1702.1616;702.6365;999.52515;;;;;;;;;;;"{""type"":""MultiPolygon"",""coordinates"":[[[[-53.984454825,-31.317742923],[-53.983647906,-31.318230731],[-53.98468277,-31.319586233],[-53.985742506,-31.319002873],[-53.984454825,-31.317742923]]]]}";2018-10-03;0.1275507692307692;0.1348682051282051;0.21331875;0.4284666666666667;0.4864020833333333;0.5159261538461538;0.30518125;0.1974395833333333;0.5855274303829087;0.6961210514639973;0.4149599157294815;0.496689020605165;1;10;2018;45;False;False;True;False
2018-10-04;4;35;1;23.4;4268.809;24.963795;4243.845;;;;;;;;;;;"{""type"":""MultiPolygon"",""coordinates"":[[[[-53.984454825,-31.317742923],[-53.983647906,-31.318230731],[-53.98468277,-31.319586233],[-53.985742506,-31.319002873],[-53.984454825,-31.317742923]]]]}";2018-10-03;0.1275507692307692;0.1348682051282051;0.21331875;0.4284666666666667;0.4864020833333333;0.5159261538461538;0.30518125;0.1974395833333333;0.5855274303829087;0.6961210514639973;0.4149599157294815;0.496689020605165;1;10;2018;0;False;False;True;False
2018-11-05;4;35;0;9.6;1041.4167;300.0847;741.3321;14.0;20.475;28.7;68.833336;2.275;31.2215;0.0;11.35;0.84;0.0;"{""type"":""MultiPolygon"",""coordinates"":[[[[-53.984454825,-31.317742923],[-53.983647906,-31.318230731],[-53.98468277,-31.319586233],[-53.985742506,-31.319002873],[-53.984454825,-31.317742923]]]]}";2018-11-02;0.1307984615384615;0.1414989743589743;0.2142020833333333;0.40989375;0.4673895833333333;0.4896964102564102;0.32979375;0.21453125;0.5516476266847357;0.6411522714572154;0.3913836006639396;0.4617205488543773;3;11;2018;32;False;False;True;False
2018-11-05;4;35;1;23.4;2459.7102;100.57226;2359.138;14.0;20.475;28.7;68.833336;2.275;31.2215;0.0;11.35;0.84;0.0;"{""type"":""MultiPolygon"",""coordinates"":[[[[-53.984454825,-31.317742923],[-53.983647906,-31.318230731],[-53.98468277,-31.319586233],[-53.985742506,-31.319002873],[-53.984454825,-31.317742923]]]]}";2018-11-02;0.1307984615384615;0.1414989743589743;0.2142020833333333;0.40989375;0.4673895833333333;0.4896964102564102;0.32979375;0.21453125;0.5516476266847357;0.6411522714572154;0.3913836006639396;0.4617205488543773;3;11;2018;0;False;False;True;False
2018-12-10;4;35;0;11.6;4226.5347;3265.4414;961.093;16.6;24.591667;32.4;54.208332;2.8458333;28.325657;0.0;14.5;4.32;0.0;"{""type"":""MultiPolygon"",""coordinates"":[[[[-53.984454825,-31.317742923],[-53.983647906,-31.318230731],[-53.98468277,-31.319586233],[-53.985742506,-31.319002873],[-53.984454825,-31.317742923]]]]}";2018-12-07;0.1438162436548223;0.1701654822335025;0.227294;0.369014;0.418124;0.4538172588832487;0.378812;0.25568;0.4545827279486775;0.5079038615287234;0.3325789376241653;0.378544660349392;3;12;2018;35;False;False;False;True
2018-12-10;4;35;1;16.4;1507.2065;260.10345;1247.1031;16.6;24.591667;32.4;54.208332;2.8458333;28.325657;0.0;14.5;4.32;0.0;"{""type"":""MultiPolygon"",""coordinates"":[[[[-53.984454825,-31.317742923],[-53.983647906,-31.318230731],[-53.98468277,-31.319586233],[-53.985742506,-31.319002873],[-53.984454825,-31.317742923]]]]}";2018-12-07;0.1438162436548223;0.1701654822335025;0.227294;0.369014;0.418124;0.4538172588832487;0.378812;0.25568;0.4545827279486775;0.5079038615287234;0.3325789376241653;0.378544660349392;3;12;2018;0;False;False;False;True
2019-01-14;4;35;1;22.6;3781.0483;2928.5176;852.5307;20.9;24.233334;28.4;84.791664;3.0;18.755081;0.2;14.65;0.1;0.0;"{""type"":""MultiPolygon"",""coordinates"":[[[[-53.984454825,-31.317742923],[-53.983647906,-31.318230731],[-53.98468277,-31.319586233],[-53.985742506,-31.319002873],[-53.984454825,-31.317742923]]]]}";2019-01-06;0.1381558375634517;0.1466192893401015;0.203036;0.382002;0.444426;0.4414893401015229;0.356162;0.22953;0.5013870499424292;0.5736609386884527;0.3699673624375462;0.4064898156070189;8;1;2019;35;False;False;False;True
2019-01-14;4;35;0;6.4;1139.2367;0.0;1139.2367;20.9;24.233334;28.4;84.791664;3.0;18.755081;0.2;14.65;0.1;0.0;"{""type"":""MultiPolygon"",""coordinates"":[[[[-53.984454825,-31.317742923],[-53.983647906,-31.318230731],[-53.98468277,-31.319586233],[-53.985742506,-31.319002873],[-53.984454825,-31.317742923]]]]}";2019-01-06;0.1381558375634517;0.1466192893401015;0.203036;0.382002;0.444426;0.4414893401015229;0.356162;0.22953;0.5013870499424292;0.5736609386884527;0.3699673624375462;0.4064898156070189;8;1;2019;0;False;False;False;True
2019-02-18;4;35;1;30.6;4341.734;3462.5522;879.18176;17.7;23.795834;31.2;74.125;3.2083333;25.51021;0.0;14.45;2.06;0.0;"{""type"":""MultiPolygon"",""coordinates"":[[[[-53.984454825,-31.317742923],[-53.983647906,-31.318230731],[-53.98468277,-31.319586233],[-53.985742506,-31.319002873],[-53.984454825,-31.317742923]]]]}";2019-02-17;0.1507167512690355;0.178646192893401;0.244004;0.399442;0.4457359999999999;0.4567289340101522;0.37918;0.249362;0.4376670243167432;0.4972047700610706;0.3035749051964357;0.367388805506711;1;2;2019;35;False;False;False;True
2019-02-18;4;35;0;11.6;2343.537;976.3168;1367.2203;17.7;23.795834;31.2;74.125;3.2083333;25.51021;0.0;14.45;2.06;0.0;"{""type"":""MultiPolygon"",""coordinates"":[[[[-53.984454825,-31.317742923],[-53.983647906,-31.318230731],[-53.98468277,-31.319586233],[-53.985742506,-31.319002873],[-53.984454825,-31.317742923]]]]}";2019-02-17;0.1507167512690355;0.178646192893401;0.244004;0.399442;0.4457359999999999;0.4567289340101522;0.37918;0.249362;0.4376670243167432;0.4972047700610706;0.3035749051964357;0.367388805506711;1;2;2019;0;False;False;False;True
2019-04-10;4;35;0;14.6;1620.4;566.4;1054.0;15.0;21.191668;29.2;68.833336;4.225;19.95285;0.0;12.1;1.88;0.0;"{""type"":""MultiPolygon"",""coordinates"":[[[[-53.984454825,-31.317742923],[-53.983647906,-31.318230731],[-53.98468277,-31.319586233],[-53.985742506,-31.319002873],[-53.984454825,-31.317742923]]]]}";2019-04-11;0.5233764102564102;0.5138420512820513;0.57540625;0.5866083333333333;0.58993125;0.5945107692307693;0.6079958333333333;0.5979854166666667;0.0727825259752518;0.2680950160477972;0.0163298070860877;0.0752341621687804;1;4;2019;51;False;True;False;False
2019-04-10;4;35;1;26.2;3964.469;1388.3624;2576.1067;15.0;21.191668;29.2;68.833336;4.225;19.95285;0.0;12.1;1.88;0.0;"{""type"":""MultiPolygon"",""coordinates"":[[[[-53.984454825,-31.317742923],[-53.983647906,-31.318230731],[-53.98468277,-31.319586233],[-53.985742506,-31.319002873],[-53.984454825,-31.317742923]]]]}";2019-04-11;0.5233764102564102;0.5138420512820513;0.57540625;0.5866083333333333;0.58993125;0.5945107692307693;0.6079958333333333;0.5979854166666667;0.0727825259752518;0.2680950160477972;0.0163298070860877;0.0752341621687804;1;4;2019;0;False;True;False;False
2019-06-13;4;35;0;11.8;1916.3593;67.064865;1849.2944;19.3;22.333334;28.2;73.333336;5.7458334;9.606022;0.0;13.75;0.33;0.0;"{""type"":""MultiPolygon"",""coordinates"":[[[[-53.984454825,-31.317742923],[-53.983647906,-31.318230731],[-53.98468277,-31.319586233],[-53.985742506,-31.319002873],[-53.984454825,-31.317742923]]]]}";2019-06-20;0.1180340101522842;0.131643654822335;0.19893;0.4361819999999999;0.50021;0.5202314720812182;0.315736;0.2033579999999999;0.5961077531899386;0.6818103683684479;0.4467723655320236;0.5060285722595775;7;6;2019;64;True;False;False;False
2019-06-13;4;35;1;17.4;1961.1893;534.7851;1426.4042;19.3;22.333334;28.2;73.333336;5.7458334;9.606022;0.0;13.75;0.33;0.0;"{""type"":""MultiPolygon"",""coordinates"":[[[[-53.984454825,-31.317742923],[-53.983647906,-31.318230731],[-53.98468277,-31.319586233],[-53.985742506,-31.319002873],[-53.984454825,-31.317742923]]]]}";2019-06-20;0.1180340101522842;0.131643654822335;0.19893;0.4361819999999999;0.50021;0.5202314720812182;0.315736;0.2033579999999999;0.5961077531899386;0.6818103683684479;0.4467723655320236;0.5060285722595775;7;6;2019;0;True;False;False;False
2019-07-08;4;35;1;11.0;1688.8;0.0;1688.8;2.5;10.214286;19.9;61.285713;2.5619047;13.88923;0.0;1.2;0.41;0.0;"{""type"":""MultiPolygon"",""coordinates"":[[[[-53.984454825,-31.317742923],[-53.983647906,-31.318230731],[-53.98468277,-31.319586233],[-53.985742506,-31.319002873],[-53.984454825,-31.317742923]]]]}";2019-07-07;0.1185934010152284;0.1354583756345177;0.19916;0.4112439999999999;0.472484;0.5088406091370558;0.303802;0.199196;0.5795170290931235;0.6517905736559509;0.4374016139823791;0.4894466898138596;1;7;2019;25;True;False;False;False
2019-07-08;4;35;0;11.2;3549.117;766.9896;2782.1274;2.5;10.214286;19.9;61.285713;2.5619047;13.88923;0.0;1.2;0.41;0.0;"{""type"":""MultiPolygon"",""coordinates"":[[[[-53.984454825,-31.317742923],[-53.983647906,-31.318230731],[-53.98468277,-31.319586233],[-53.985742506,-31.319002873],[-53.984454825,-31.317742923]]]]}";2019-07-07;0.1185934010152284;0.1354583756345177;0.19916;0.4112439999999999;0.472484;0.5088406091370558;0.303802;0.199196;0.5795170290931235;0.6517905736559509;0.4374016139823791;0.4894466898138596;1;7;2019;0;True;False;False;False
2019-08-13;4;35;0;4.0;1195.2;80.8;1114.4;4.1;7.1041665;12.0;73.125;;16.861422;0.0;-1.95;0.0;0.0;"{""type"":""MultiPolygon"",""coordinates"":[[[[-53.984454825,-31.317742923],[-53.983647906,-31.318230731],[-53.98468277,-31.319586233],[-53.985742506,-31.319002873],[-53.984454825,-31.317742923]]]]}";2019-08-14;0.1383446153846154;0.1606076923076923;0.21954375;0.3435916666666666;0.3788875;0.4146533333333334;0.3327625;0.2301833333333333;0.4416180302542704;0.4737130287171713;0.3076481877019039;0.3543962372404269;1;8;2019;36;True;False;False;False
2019-08-13;4;35;1;11.6;2015.5518;70.47384;1945.0779;4.1;7.1041665;12.0;73.125;;16.861422;0.0;-1.95;0.0;0.0;"{""type"":""MultiPolygon"",""coordinates"":[[[[-53.984454825,-31.317742923],[-53.983647906,-31.318230731],[-53.98468277,-31.319586233],[-53.985742506,-31.319002873],[-53.984454825,-31.317742923]]]]}";2019-08-14;0.1383446153846154;0.1606076923076923;0.21954375;0.3435916666666666;0.3788875;0.4146533333333334;0.3327625;0.2301833333333333;0.4416180302542704;0.4737130287171713;0.3076481877019039;0.3543962372404269;1;8;2019;0;True;False;False;False
2016-09-12;4;36;0;27.6;2659.154;5.530687;2653.6235;12.9;16.5;21.2;83.4;4.0;5.6;5.8;10.05;0.0;0.0;"{""type"":""MultiPolygon"",""coordinates"":[[[[-53.986249581,-31.316681304],[-53.984469219,-31.317738076],[-53.985732008,-31.318996279],[-53.987606311,-31.317999887],[-53.986249581,-31.316681304]]]]}";2016-09-10;0.1238764102564102;0.1299728205128205;0.196820202020202;0.4271848484848485;0.4952575757575758;0.5181417948717949;0.2940969696969697;0.1921777777777777;0.5989202606218351;0.7089038183598653;0.4494247166260672;0.5071387941032423;2;9;2016;0;False;False;True;False
2016-09-12;4;36;1;32.6;3295.0571;180.46463;3114.5925;12.9;16.5;21.2;83.4;4.0;5.6;5.8;10.05;0.0;0.0;"{""type"":""MultiPolygon"",""coordinates"":[[[[-53.986249581,-31.316681304],[-53.984469219,-31.317738076],[-53.985732008,-31.318996279],[-53.987606311,-31.317999887],[-53.986249581,-31.316681304]]]]}";2016-09-10;0.1238764102564102;0.1299728205128205;0.196820202020202;0.4271848484848485;0.4952575757575758;0.5181417948717949;0.2940969696969697;0.1921777777777777;0.5989202606218351;0.7089038183598653;0.4494247166260672;0.5071387941032423;2;9;2016;0;False;False;True;False
2016-11-23;4;36;0;19.2;3004.0142;279.8771;2724.137;8.9;17.8;26.0;59.3;2.0;33.7;0.2;7.45;2.65;0.0;"{""type"":""MultiPolygon"",""coordinates"":[[[[-53.986249581,-31.316681304],[-53.984469219,-31.317738076],[-53.985732008,-31.318996279],[-53.987606311,-31.317999887],[-53.986249581,-31.316681304]]]]}";2016-11-29;0.1386743589743589;0.1592994871794872;0.219681914893617;0.3519393617021276;0.3918744680851064;0.4035679487179487;0.3368329787234043;0.2318648936170212;0.433971564101945;0.462872607184268;0.295043841259365;0.3447303774043269;6;11;2016;72;False;False;True;False
2016-11-23;4;36;1;39.8;4981.661;11.760295;4969.901;8.9;17.8;26.0;59.3;2.0;33.7;0.2;7.45;2.65;0.0;"{""type"":""MultiPolygon"",""coordinates"":[[[[-53.986249581,-31.316681304],[-53.984469219,-31.317738076],[-53.985732008,-31.318996279],[-53.987606311,-31.317999887],[-53.986249581,-31.316681304]]]]}";2016-11-29;0.1386743589743589;0.1592994871794872;0.219681914893617;0.3519393617021276;0.3918744680851064;0.4035679487179487;0.3368329787234043;0.2318648936170212;0.433971564101945;0.462872607184268;0.295043841259365;0.3447303774043269;6;11;2016;0;False;False;True;False
2016-12-29;4;36;0;13.8;1430.0;586.0;844.0;20.1;23.0;27.6;83.4;3.3;12.4;10.8;13.85;0.0;0.0;"{""type"":""MultiPolygon"",""coordinates"":[[[[-53.986249581,-31.316681304],[-53.984469219,-31.317738076],[-53.985732008,-31.318996279],[-53.987606311,-31.317999887],[-53.986249581,-31.316681304]]]]}";2016-12-22;0.3537307692307692;0.3540279487179487;0.3934939393939394;0.4078909090909091;0.4204040404040404;0.3974589743589743;0.3571979797979798;0.3093636363636363;0.0577934549588695;0.1249963470996265;0.0050129848390363;0.0520553089770752;7;12;2016;36;False;False;False;True
2016-12-29;4;36;1;18.8;2042.7634;75.03128;1967.7322;20.1;23.0;27.6;83.4;3.3;12.4;10.8;13.85;0.0;0.0;"{""type"":""MultiPolygon"",""coordinates"":[[[[-53.986249581,-31.316681304],[-53.984469219,-31.317738076],[-53.985732008,-31.318996279],[-53.987606311,-31.317999887],[-53.986249581,-31.316681304]]]]}";2016-12-22;0.3537307692307692;0.3540279487179487;0.3934939393939394;0.4078909090909091;0.4204040404040404;0.3974589743589743;0.3571979797979798;0.3093636363636363;0.0577934549588695;0.1249963470996265;0.0050129848390363;0.0520553089770752;7;12;2016;0;False;False;False;True
2017-01-30;4;36;1;43.6;4597.4067;1880.919;2716.4878;21.1;25.6;31.5;74.8;3.7;24.2;0.0;16.3;2.64;0.0;"{""type"":""MultiPolygon"",""coordinates"":[[[[-53.986249581,-31.316681304],[-53.984469219,-31.317738076],[-53.985732008,-31.318996279],[-53.987606311,-31.317999887],[-53.986249581,-31.316681304]]]]}";2017-02-07;0.4624643589743589;0.4224989743589744;0.4599797872340426;0.5306265957446809;0.548813829787234;0.5856497435897436;0.4744563829787234;0.4028840425531915;0.1618320455366272;0.6254237637990464;0.1201859288123715;0.1622692450244654;8;1;2017;32;False;False;False;True
2017-01-30;4;36;0;18.0;4054.5037;1019.5331;3034.9707;21.1;25.6;31.5;74.8;3.7;24.2;0.0;16.3;2.64;0.0;"{""type"":""MultiPolygon"",""coordinates"":[[[[-53.986249581,-31.316681304],[-53.984469219,-31.317738076],[-53.985732008,-31.318996279],[-53.987606311,-31.317999887],[-53.986249581,-31.316681304]]]]}";2017-02-07;0.4624643589743589;0.4224989743589744;0.4599797872340426;0.5306265957446809;0.548813829787234;0.5856497435897436;0.4744563829787234;0.4028840425531915;0.1618320455366272;0.6254237637990464;0.1201859288123715;0.1622692450244654;8;1;2017;0;False;False;False;True
2017-04-18;4;36;1;15.8;4801.4023;0.0;4801.4023;12.2;16.6;23.0;83.7;4.0;13.2;0.0;7.6;0.21;0.0;"{""type"":""MultiPolygon"",""coordinates"":[[[[-53.986249581,-31.316681304],[-53.984469219,-31.317738076],[-53.985732008,-31.318996279],[-53.987606311,-31.317999887],[-53.986249581,-31.316681304]]]]}";2017-04-11;0.1302661538461538;0.1553523076923076;0.2085888888888888;0.3430767676767676;0.3847797979797979;0.4087117948717949;0.3081363636363636;0.2093484848484848;0.4491678978112144;0.4644266192386257;0.3241903196408737;0.3571582105377303;7;4;2017;78;False;True;False;False
2017-04-18;4;36;0;29.4;3606.023;2251.9556;1354.0673;12.2;16.6;23.0;83.7;4.0;13.2;0.0;7.6;0.21;0.0;"{""type"":""MultiPolygon"",""coordinates"":[[[[-53.986249581,-31.316681304],[-53.984469219,-31.317738076],[-53.985732008,-31.318996279],[-53.987606311,-31.317999887],[-53.986249581,-31.316681304]]]]}";2017-04-11;0.1302661538461538;0.1553523076923076;0.2085888888888888;0.3430767676767676;0.3847797979797979;0.4087117948717949;0.3081363636363636;0.2093484848484848;0.4491678978112144;0.4644266192386257;0.3241903196408737;0.3571582105377303;7;4;2017;0;False;True;False;False
2017-05-19;4;36;0;11.6;1645.7688;0.0;1645.7688;16.1;18.1;21.2;83.6;4.7;8.5;0.4;11.65;0.08;0.0;"{""type"":""MultiPolygon"",""coordinates"":[[[[-53.986249581,-31.316681304],[-53.984469219,-31.317738076],[-53.985732008,-31.318996279],[-53.987606311,-31.317999887],[-53.986249581,-31.316681304]]]]}";2017-05-21;0.1311692307692307;0.158531282051282;0.2145070707070707;0.3353242424242424;0.3710242424242424;0.3851171794871794;0.3032686868686869;0.2101454545454545;0.4167875262530603;0.4188168698905321;0.2845283670979601;0.3256641088253265;2;5;2017;31;False;True;False;False
2017-06-26;4;36;0;7.6;927.6;0.0;927.6;13.8;17.8;23.7;76.1;5.0;11.1;0.0;11.75;0.29;0.0;"{""type"":""MultiPolygon"",""coordinates"":[[[[-53.986249581,-31.316681304],[-53.984469219,-31.317738076],[-53.985732008,-31.318996279],[-53.987606311,-31.317999887],[-53.986249581,-31.316681304]]]]}";2017-07-02;0.1371133333333333;0.1583941025641025;0.2105060606060606;0.3486717171717172;0.3881363636363636;0.4236346153846154;0.3092989898989899;0.214459595959596;0.4557172260422431;0.4927742437546114;0.3360903390175976;0.3676988998822724;6;6;2017;38;True;False;False;False
2017-06-26;4;36;1;15.8;2697.4753;0.0;2697.4753;13.8;17.8;23.7;76.1;5.0;11.1;0.0;11.75;0.29;0.0;"{""type"":""MultiPolygon"",""coordinates"":[[[[-53.986249581,-31.316681304],[-53.984469219,-31.317738076],[-53.985732008,-31.318996279],[-53.987606311,-31.317999887],[-53.986249581,-31.316681304]]]]}";2017-07-02;0.1371133333333333;0.1583941025641025;0.2105060606060606;0.3486717171717172;0.3881363636363636;0.4236346153846154;0.3092989898989899;0.214459595959596;0.4557172260422431;0.4927742437546114;0.3360903390175976;0.3676988998822724;6;6;2017;0;True;False;False;False
2017-07-26;4;36;1;17.0;2301.478;0.0;2301.478;16.5;18.5;22.3;84.0;3.4;9.4;0.4;12.4;0.22;0.0;"{""type"":""MultiPolygon"",""coordinates"":[[[[-53.986249581,-31.316681304],[-53.984469219,-31.317738076],[-53.985732008,-31.318996279],[-53.987606311,-31.317999887],[-53.986249581,-31.316681304]]]]}";2017-07-27;0.1360653846153846;0.1625776923076923;0.2245959595959595;0.376289898989899;0.4207373737373737;0.4384558974358974;0.349589898989899;0.2344616161616161;0.4590063015378209;0.494961848018271;0.322538781200733;0.3758443988876653;1;7;2017;30;True;False;False;False
2017-07-26;4;36;0;8.6;1287.0542;58.78238;1228.2719;16.5;18.5;22.3;84.0;3.4;9.4;0.4;12.4;0.22;0.0;"{""type"":""MultiPolygon"",""coordinates"":[[[[-53.986249581,-31.316681304],[-53.984469219,-31.317738076],[-53.985732008,-31.318996279],[-53.987606311,-31.317999887],[-53.986249581,-31.316681304]]]]}";2017-07-27;0.1360653846153846;0.1625776923076923;0.2245959595959595;0.376289898989899;0.4207373737373737;0.4384558974358974;0.349589898989899;0.2344616161616161;0.4590063015378209;0.494961848018271;0.322538781200733;0.3758443988876653;1;7;2017;0;True;False;False;False
2017-10-02;4;36;0;5.4;2145.7627;800.3349;1345.4279;10.4;14.5;18.8;78.8;4.5;17.6;1.2;4.6;0.01;0.0;"{""type"":""MultiPolygon"",""coordinates"":[[[[-53.986249581,-31.316681304],[-53.984469219,-31.317738076],[-53.985732008,-31.318996279],[-53.987606311,-31.317999887],[-53.986249581,-31.316681304]]]]}";2017-10-03;0.1360479487179487;0.1442241025641025;0.2021828282828283;0.3601242424242424;0.4057020202020202;0.42675;0.3088555555555555;0.2119393939393939;0.4948138561226226;0.5553945936769403;0.3570606615181881;0.3957041025914821;1;10;2017;68;False;False;True;False
2017-12-11;4;36;1;29.8;3768.2634;1031.7783;2736.485;13.9;21.58;26.5;47.93;5.81;34.17;0.0;10.2;6.98;0.0;"{""type"":""MultiPolygon"",""coordinates"":[[[[-53.986249581,-31.316681304],[-53.984469219,-31.317738076],[-53.985732008,-31.318996279],[-53.987606311,-31.317999887],[-53.986249581,-31.316681304]]]]}";2017-12-12;0.1548889743589743;0.198521282051282;0.2512744680851064;0.3472968085106383;0.3851765957446808;0.4180584615384615;0.4114521276595745;0.2927404255319148;0.3560564254171377;0.3791611765029939;0.2491794233807594;0.2949236461804948;1;12;2017;70;False;False;False;True
2017-12-11;4;36;0;13.4;2232.8;919.6;1313.2;13.9;21.58;26.5;47.93;5.81;34.17;0.0;10.2;6.98;0.0;"{""type"":""MultiPolygon"",""coordinates"":[[[[-53.986249581,-31.316681304],[-53.984469219,-31.317738076],[-53.985732008,-31.318996279],[-53.987606311,-31.317999887],[-53.986249581,-31.316681304]]]]}";2017-12-12;0.1548889743589743;0.198521282051282;0.2512744680851064;0.3472968085106383;0.3851765957446808;0.4180584615384615;0.4114521276595745;0.2927404255319148;0.3560564254171377;0.3791611765029939;0.2491794233807594;0.2949236461804948;1;12;2017;0;False;False;False;True
2018-01-15;4;36;0;9.6;1834.4363;0.0;1834.4363;20.6;23.07;25.2;80.27;4.47;14.04;1.8;12.9;1.68;0.0;"{""type"":""MultiPolygon"",""coordinates"":[[[[-53.986249581,-31.316681304],[-53.984469219,-31.317738076],[-53.985732008,-31.318996279],[-53.987606311,-31.317999887],[-53.986249581,-31.316681304]]]]}";2018-01-11;0.1552310256410256;0.1946317948717948;0.2417989898989898;0.3322272727272727;0.3709888888888888;0.3811758974358974;0.4158848484848485;0.2945222222222222;0.3239694520517445;0.3367868955668148;0.2237279710152808;0.2600986736262557;4;1;2018;35;False;False;False;True
2018-01-15;4;36;1;11.2;2124.037;551.51843;1572.5187;20.6;23.07;25.2;80.27;4.47;14.04;1.8;12.9;1.68;0.0;"{""type"":""MultiPolygon"",""coordinates"":[[[[-53.986249581,-31.316681304],[-53.984469219,-31.317738076],[-53.985732008,-31.318996279],[-53.987606311,-31.317999887],[-53.986249581,-31.316681304]]]]}";2018-01-11;0.1552310256410256;0.1946317948717948;0.2417989898989898;0.3322272727272727;0.3709888888888888;0.3811758974358974;0.4158848484848485;0.2945222222222222;0.3239694520517445;0.3367868955668148;0.2237279710152808;0.2600986736262557;4;1;2018;0;False;False;False;True
2018-02-19;4;36;1;9.8;2258.9873;148.50076;2110.4866;21.5;27.6;33.0;56.57;3.02;20.44;0.0;17.25;5.08;0.0;"{""type"":""MultiPolygon"",""coordinates"":[[[[-53.986249581,-31.316681304],[-53.984469219,-31.317738076],[-53.985732008,-31.318996279],[-53.987606311,-31.317999887],[-53.986249581,-31.316681304]]]]}";2018-02-17;0.1671171794871795;0.2056787179487179;0.2524276595744681;0.3386680851063829;0.3715925531914893;0.393085641025641;0.440595744680851;0.3169117021276595;0.3129894427883748;0.3410426806011529;0.2179009810028833;0.2558422853083685;2;2;2018;35;False;False;False;True
2018-02-19;4;36;0;4.4;1982.8206;619.3565;1363.464;21.5;27.6;33.0;56.57;3.02;20.44;0.0;17.25;5.08;0.0;"{""type"":""MultiPolygon"",""coordinates"":[[[[-53.986249581,-31.316681304],[-53.984469219,-31.317738076],[-53.985732008,-31.318996279],[-53.987606311,-31.317999887],[-53.986249581,-31.316681304]]]]}";2018-02-17;0.1671171794871795;0.2056787179487179;0.2524276595744681;0.3386680851063829;0.3715925531914893;0.393085641025641;0.440595744680851;0.3169117021276595;0.3129894427883748;0.3410426806011529;0.2179009810028833;0.2558422853083685;2;2;2018;0;False;False;False;True
2018-03-23;4;36;0;9.8;1615.884;473.56082;1142.3232;15.6;25.99;30.6;54.92;3.51;22.92;0.0;13.1;4.79;0.0;"{""type"":""MultiPolygon"",""coordinates"":[[[[-53.986249581,-31.316681304],[-53.984469219,-31.317738076],[-53.985732008,-31.318996279],[-53.987606311,-31.317999887],[-53.986249581,-31.316681304]]]]}";2018-03-22;0.1485692307692307;0.1827776923076923;0.2249531914893617;0.3100531914893616;0.3416212765957446;0.3644307692307692;0.4027117021276595;0.2913808510638297;0.3319632090709348;0.3371869281433978;0.2366497682953379;0.2601961551994276;1;3;2018;32;False;True;False;False
2018-03-23;4;36;1;7.0;1753.8463;193.43587;1560.4105;15.6;25.99;30.6;54.92;3.51;22.92;0.0;13.1;4.79;0.0;"{""type"":""MultiPolygon"",""coordinates"":[[[[-53.986249581,-31.316681304],[-53.984469219,-31.317738076],[-53.985732008,-31.318996279],[-53.987606311,-31.317999887],[-53.986249581,-31.316681304]]]]}";2018-03-22;0.1485692307692307;0.1827776923076923;0.2249531914893617;0.3100531914893616;0.3416212765957446;0.3644307692307692;0.4027117021276595;0.2913808510638297;0.3319632090709348;0.3371869281433978;0.2366497682953379;0.2601961551994276;1;3;2018;0;False;True;False;False
2018-04-25;4;36;1;20.8;3680.6765;1409.7363;2270.9402;20.2;24.08;26.2;79.33;1.73;10.16;0.0;13.2;1.16;0.0;"{""type"":""MultiPolygon"",""coordinates"":[[[[-53.986249581,-31.316681304],[-53.984469219,-31.317738076],[-53.985732008,-31.318996279],[-53.987606311,-31.317999887],[-53.986249581,-31.316681304]]]]}";2018-04-18;0.1388002564102564;0.1510492307692307;0.2000489361702127;0.3592531914893617;0.4128;0.4226282051282051;0.3683670212765957;0.2463659574468084;0.4734001328361958;0.5271651634331559;0.3574553395261403;0.3794141964043061;7;4;2018;33;False;True;False;False
2018-04-25;4;36;0;11.0;2210.144;274.9487;1935.1954;20.2;24.08;26.2;79.33;1.73;10.16;0.0;13.2;1.16;0.0;"{""type"":""MultiPolygon"",""coordinates"":[[[[-53.986249581,-31.316681304],[-53.984469219,-31.317738076],[-53.985732008,-31.318996279],[-53.987606311,-31.317999887],[-53.986249581,-31.316681304]]]]}";2018-04-18;0.1388002564102564;0.1510492307692307;0.2000489361702127;0.3592531914893617;0.4128;0.4226282051282051;0.3683670212765957;0.2463659574468084;0.4734001328361958;0.5271651634331559;0.3574553395261403;0.3794141964043061;7;4;2018;0;False;True;False;False
2018-06-08;4;36;0;8.0;1305.8871;796.0633;509.82382;3.8;11.42;14.9;66.27;3.96;13.96;0.0;;1.02;0.0;"{""type"":""MultiPolygon"",""coordinates"":[[[[-53.986249581,-31.316681304],[-53.984469219,-31.317738076],[-53.985732008,-31.318996279],[-53.987606311,-31.317999887],[-53.986249581,-31.316681304]]]]}";2018-06-07;0.1344351282051282;0.1505348717948718;0.1999969696969697;0.3306808080808081;0.3678777777777778;0.3980792307692307;0.3138949494949495;0.2189838383838384;0.4512176369827;0.4786147966480906;0.3311990360389795;0.3541021788221083;1;6;2018;44;True;False;False;False
2018-08-20;4;36;0;10.8;1478.059;4.2610707;1473.7979;3.5;8.27;10.4;68.64;;17.46;0.0;;0.0;0.0;"{""type"":""MultiPolygon"",""coordinates"":[[[[-53.986249581,-31.316681304],[-53.984469219,-31.317738076],[-53.985732008,-31.318996279],[-53.987606311,-31.317999887],[-53.986249581,-31.316681304]]]]}";2018-08-26;0.1376187179487179;0.153906923076923;0.2181414893617021;0.3703095744680851;0.4102351063829788;0.4478399999999999;0.3215968085106383;0.2208680851063829;0.4884662731968844;0.5487343064599095;0.3449022447432408;0.4001822979031202;6;8;2018;73;True;False;False;False
2018-08-20;4;36;1;7.8;1298.4;240.8;1057.6;3.5;8.27;10.4;68.64;;17.46;0.0;;0.0;0.0;"{""type"":""MultiPolygon"",""coordinates"":[[[[-53.986249581,-31.316681304],[-53.984469219,-31.317738076],[-53.985732008,-31.318996279],[-53.987606311,-31.317999887],[-53.986249581,-31.316681304]]]]}";2018-08-26;0.1376187179487179;0.153906923076923;0.2181414893617021;0.3703095744680851;0.4102351063829788;0.4478399999999999;0.3215968085106383;0.2208680851063829;0.4884662731968844;0.5487343064599095;0.3449022447432408;0.4001822979031202;6;8;2018;0;True;False;False;False
2018-10-04;4;36;1;23.2;3561.4785;0.0;3561.4785;;;;;;;;;;;"{""type"":""MultiPolygon"",""coordinates"":[[[[-53.986249581,-31.316681304],[-53.984469219,-31.317738076],[-53.985732008,-31.318996279],[-53.987606311,-31.317999887],[-53.986249581,-31.316681304]]]]}";2018-10-03;0.1281820512820513;0.1381341025641025;0.2073858585858585;0.3919767676767676;0.4434444444444444;0.4694630769230769;0.2937171717171717;0.1964757575757575;0.5453102574284835;0.6195833690550238;0.3872019361900267;0.4487131881001817;1;10;2018;45;False;False;True;False
2018-11-05;4;36;1;30.2;3062.538;179.39139;2883.1467;14.0;20.475;28.7;68.833336;2.275;31.2215;0.0;11.35;0.84;0.0;"{""type"":""MultiPolygon"",""coordinates"":[[[[-53.986249581,-31.316681304],[-53.984469219,-31.317738076],[-53.985732008,-31.318996279],[-53.987606311,-31.317999887],[-53.986249581,-31.316681304]]]]}";2018-11-02;0.1312461538461538;0.1435789743589743;0.2093050505050505;0.3757888888888889;0.4267242424242424;0.4472902564102564;0.3160232323232323;0.2128383838383838;0.5140076115588073;0.5732919928057414;0.362453406837864;0.4176182719496802;3;11;2018;32;False;False;True;False
2018-11-05;4;36;0;20.6;2643.3381;618.53107;2024.8071;14.0;20.475;28.7;68.833336;2.275;31.2215;0.0;11.35;0.84;0.0;"{""type"":""MultiPolygon"",""coordinates"":[[[[-53.986249581,-31.316681304],[-53.984469219,-31.317738076],[-53.985732008,-31.318996279],[-53.987606311,-31.317999887],[-53.986249581,-31.316681304]]]]}";2018-11-02;0.1312461538461538;0.1435789743589743;0.2093050505050505;0.3757888888888889;0.4267242424242424;0.4472902564102564;0.3160232323232323;0.2128383838383838;0.5140076115588073;0.5732919928057414;0.362453406837864;0.4176182719496802;3;11;2018;0;False;False;True;False
2018-12-10;4;36;1;27.4;1537.6033;1524.2946;13.308742;16.6;24.591667;32.4;54.208332;2.8458333;28.325657;0.0;14.5;4.32;0.0;"{""type"":""MultiPolygon"",""coordinates"":[[[[-53.986249581,-31.316681304],[-53.984469219,-31.317738076],[-53.985732008,-31.318996279],[-53.987606311,-31.317999887],[-53.986249581,-31.316681304]]]]}";2018-12-07;0.1433041025641025;0.1702707692307692;0.2245159574468085;0.3496755319148936;0.3931180851063829;0.4266723076923077;0.3660148936170213;0.2543329787234042;0.4295242685167765;0.4666882470649445;0.3104422500646747;0.3506128219261079;3;12;2018;35;False;False;False;True
2018-12-10;4;36;0;14.6;3007.858;1421.3964;1586.4617;16.6;24.591667;32.4;54.208332;2.8458333;28.325657;0.0;14.5;4.32;0.0;"{""type"":""MultiPolygon"",""coordinates"":[[[[-53.986249581,-31.316681304],[-53.984469219,-31.317738076],[-53.985732008,-31.318996279],[-53.987606311,-31.317999887],[-53.986249581,-31.316681304]]]]}";2018-12-07;0.1433041025641025;0.1702707692307692;0.2245159574468085;0.3496755319148936;0.3931180851063829;0.4266723076923077;0.3660148936170213;0.2543329787234042;0.4295242685167765;0.4666882470649445;0.3104422500646747;0.3506128219261079;3;12;2018;0;False;False;False;True
2019-01-14;4;36;0;10.4;1210.9851;96.39682;1114.5883;20.9;24.233334;28.4;84.791664;3.0;18.755081;0.2;14.65;0.1;0.0;"{""type"":""MultiPolygon"",""coordinates"":[[[[-53.986249581,-31.316681304],[-53.984469219,-31.317738076],[-53.985732008,-31.318996279],[-53.987606311,-31.317999887],[-53.986249581,-31.316681304]]]]}";2019-01-06;0.1386866666666666;0.1494943589743589;0.2049776595744681;0.3608255319148936;0.414463829787234;0.4133564102564102;0.3471553191489361;0.2310606382978723;0.46879575494347;0.5193429198899483;0.3370002735559051;0.3723881925677387;8;1;2019;35;False;False;False;True
2019-01-14;4;36;1;25.0;5578.6406;4369.3154;1209.3251;20.9;24.233334;28.4;84.791664;3.0;18.755081;0.2;14.65;0.1;0.0;"{""type"":""MultiPolygon"",""coordinates"":[[[[-53.986249581,-31.316681304],[-53.984469219,-31.317738076],[-53.985732008,-31.318996279],[-53.987606311,-31.317999887],[-53.986249581,-31.316681304]]]]}";2019-01-06;0.1386866666666666;0.1494943589743589;0.2049776595744681;0.3608255319148936;0.414463829787234;0.4133564102564102;0.3471553191489361;0.2310606382978723;0.46879575494347;0.5193429198899483;0.3370002735559051;0.3723881925677387;8;1;2019;0;False;False;False;True
2019-02-18;4;36;1;30.8;6157.296;5068.3325;1088.9636;17.7;23.795834;31.2;74.125;3.2083333;25.51021;0.0;14.45;2.06;0.0;"{""type"":""MultiPolygon"",""coordinates"":[[[[-53.986249581,-31.316681304],[-53.984469219,-31.317738076],[-53.985732008,-31.318996279],[-53.987606311,-31.317999887],[-53.986249581,-31.316681304]]]]}";2019-02-17;0.1445784615384615;0.1685610256410256;0.2298042553191489;0.3734308510638298;0.4154904255319149;0.4260066666666666;0.3574276595744681;0.2398553191489361;0.43299635072067;0.4756820093260465;0.2991752725822418;0.3528045494603419;1;2;2019;35;False;False;False;True
2019-02-18;4;36;0;22.2;1641.2;1150.0;491.2;17.7;23.795834;31.2;74.125;3.2083333;25.51021;0.0;14.45;2.06;0.0;"{""type"":""MultiPolygon"",""coordinates"":[[[[-53.986249581,-31.316681304],[-53.984469219,-31.317738076],[-53.985732008,-31.318996279],[-53.987606311,-31.317999887],[-53.986249581,-31.316681304]]]]}";2019-02-17;0.1445784615384615;0.1685610256410256;0.2298042553191489;0.3734308510638298;0.4154904255319149;0.4260066666666666;0.3574276595744681;0.2398553191489361;0.43299635072067;0.4756820093260465;0.2991752725822418;0.3528045494603419;1;2;2019;0;False;False;False;True
2019-04-10;4;36;1;28.2;6915.932;2241.234;4674.698;15.0;21.191668;29.2;68.833336;4.225;19.95285;0.0;12.1;1.88;0.0;"{""type"":""MultiPolygon"",""coordinates"":[[[[-53.986249581,-31.316681304],[-53.984469219,-31.317738076],[-53.985732008,-31.318996279],[-53.987606311,-31.317999887],[-53.986249581,-31.316681304]]]]}";2019-04-11;0.5612328205128205;0.5422174358974359;0.6023474747474747;0.6098707070707071;0.6083010101010101;0.6352605128205129;0.6478333333333333;0.6077474747474747;0.0790189548979523;0.3424130652720073;0.026594073732277;0.0831990760243858;1;4;2019;51;False;True;False;False
2019-04-10;4;36;0;14.0;1401.6;917.2;484.4;15.0;21.191668;29.2;68.833336;4.225;19.95285;0.0;12.1;1.88;0.0;"{""type"":""MultiPolygon"",""coordinates"":[[[[-53.986249581,-31.316681304],[-53.984469219,-31.317738076],[-53.985732008,-31.318996279],[-53.987606311,-31.317999887],[-53.986249581,-31.316681304]]]]}";2019-04-11;0.5612328205128205;0.5422174358974359;0.6023474747474747;0.6098707070707071;0.6083010101010101;0.6352605128205129;0.6478333333333333;0.6077474747474747;0.0790189548979523;0.3424130652720073;0.026594073732277;0.0831990760243858;1;4;2019;0;False;True;False;False
2019-06-13;4;36;0;10.4;1032.0513;0.0;1032.0513;19.3;22.333334;28.2;73.333336;5.7458334;9.606022;0.0;13.75;0.33;0.0;"{""type"":""MultiPolygon"",""coordinates"":[[[[-53.986249581,-31.316681304],[-53.984469219,-31.317738076],[-53.985732008,-31.318996279],[-53.987606311,-31.317999887],[-53.986249581,-31.316681304]]]]}";2019-06-20;0.11867;0.1367687179487179;0.1970691489361702;0.3835648936170213;0.436513829787234;0.4577225641025641;0.3057893617021276;0.2020648936170212;0.5398798196777593;0.5779578692667906;0.3980707299375593;0.4398671575788869;7;6;2019;64;True;False;False;False
2019-06-13;4;36;1;13.4;1485.2277;1094.5192;390.70856;19.3;22.333334;28.2;73.333336;5.7458334;9.606022;0.0;13.75;0.33;0.0;"{""type"":""MultiPolygon"",""coordinates"":[[[[-53.986249581,-31.316681304],[-53.984469219,-31.317738076],[-53.985732008,-31.318996279],[-53.987606311,-31.317999887],[-53.986249581,-31.316681304]]]]}";2019-06-20;0.11867;0.1367687179487179;0.1970691489361702;0.3835648936170213;0.436513829787234;0.4577225641025641;0.3057893617021276;0.2020648936170212;0.5398798196777593;0.5779578692667906;0.3980707299375593;0.4398671575788869;7;6;2019;0;True;False;False;False
2019-07-08;4;36;0;8.8;2003.2;355.2;1648.0;2.5;10.214286;19.9;61.285713;2.5619047;13.88923;0.0;1.2;0.41;0.0;"{""type"":""MultiPolygon"",""coordinates"":[[[[-53.986249581,-31.316681304],[-53.984469219,-31.317738076],[-53.985732008,-31.318996279],[-53.987606311,-31.317999887],[-53.986249581,-31.316681304]]]]}";2019-07-07;0.1227648717948718;0.1458987179487179;0.2061414893617021;0.3695234042553191;0.4172744680851064;0.4531923076923077;0.3076595744680851;0.2061893617021276;0.5129330545634305;0.5456795992064631;0.3746976409133904;0.4193832665920907;1;7;2019;25;True;False;False;False
2019-07-08;4;36;1;13.6;1534.4;9.6;1524.8;2.5;10.214286;19.9;61.285713;2.5619047;13.88923;0.0;1.2;0.41;0.0;"{""type"":""MultiPolygon"",""coordinates"":[[[[-53.986249581,-31.316681304],[-53.984469219,-31.317738076],[-53.985732008,-31.318996279],[-53.987606311,-31.317999887],[-53.986249581,-31.316681304]]]]}";2019-07-07;0.1227648717948718;0.1458987179487179;0.2061414893617021;0.3695234042553191;0.4172744680851064;0.4531923076923077;0.3076595744680851;0.2061893617021276;0.5129330545634305;0.5456795992064631;0.3746976409133904;0.4193832665920907;1;7;2019;0;True;False;False;False
2019-08-13;4;36;1;7.4;2496.5225;420.54245;2075.98;4.1;7.1041665;12.0;73.125;;16.861422;0.0;-1.95;0.0;0.0;"{""type"":""MultiPolygon"",""coordinates"":[[[[-53.986249581,-31.316681304],[-53.984469219,-31.317738076],[-53.985732008,-31.318996279],[-53.987606311,-31.317999887],[-53.986249581,-31.316681304]]]]}";2019-08-14;0.1397117948717949;0.1663102564102564;0.2172969696969697;0.318430303030303;0.3488242424242424;0.3812630769230769;0.3272919191919192;0.2317696969696969;0.3925553116407309;0.4036563061438948;0.2739342663313267;0.3077867873395314;1;8;2019;36;True;False;False;False
2019-08-13;4;36;0;2.4;728.4;190.0;538.4;4.1;7.1041665;12.0;73.125;;16.861422;0.0;-1.95;0.0;0.0;"{""type"":""MultiPolygon"",""coordinates"":[[[[-53.986249581,-31.316681304],[-53.984469219,-31.317738076],[-53.985732008,-31.318996279],[-53.987606311,-31.317999887],[-53.986249581,-31.316681304]]]]}";2019-08-14;0.1397117948717949;0.1663102564102564;0.2172969696969697;0.318430303030303;0.3488242424242424;0.3812630769230769;0.3272919191919192;0.2317696969696969;0.3925553116407309;0.4036563061438948;0.2739342663313267;0.3077867873395314;1;8;2019;0;True;False;False;False
